[{"source": "https://www.youtube.com/feeds/videos.xml?channel_id=UCJKt_QVDyUbqdm3ag_py2eQ", "title": "Amiga music: Interphace - To The Beach (A1200\ud83c\udfa7Dolbyfied)", "description": "\"To The Beach\" Protracker arrangement by Interphace/Andromeda (Jan Reinert Karlsen), original by entropyloop. Art by Archmage/Andromeda. Both music and art from \"Rule 30\" Amiga OCS demo, winner of Gubbdata 2021 demo compo.\n\nWatch the demo here: https://www.youtube.com/watch?v=GiK_RDQoayQ\n\nMade using real A1200 Rev. 1D.4 audio.\n\nVisit my channel for more Amiga music.", "link": "https://www.youtube.com/watch?v=ErtSvqp4Ock", "date_published": "2021-12-11 00:00:00+00:00", "persistent": false, "user": null, "language": "en-US"}]