[{"source": "https://blog.cloudflare.com", "title": "How Cloudflare security responded to log4j2 vulnerability", "description": "Yesterday, December 9, 2021, when a serious vulnerability in the popular Java-based logging package log4j was publicly disclosed, our security teams jumped into action to help respond to the first question and answer the second question. This post explores the second.", "link": "https://blog.cloudflare.com/how-cloudflare-security-responded-to-log4j2-vulnerability/", "date_published": "2021-12-11 15:17:39.281904+00:00", "persistent": true, "user": "Thomas Pain", "language": "en"}]