[{"source": "https://www.youtube.com/feeds/videos.xml?channel_id=UCQDhxkSxZA6lxdeXE19aoRA", "title": "Huawei P30 Pro Restoration - Fixing A Technicians Mistakes", "description": "--------------------------------------Socials-------------------------------------\nWebsite: https://www.hughjeffreys.com\nStore: https://www.hughjeffreys.com/store\nInstagram: http://instagram.com/hughjeffreys\n---------------------------------------Links---------------------------------------\nCheck out iFixit's holiday deals on parts and tools kits:\nShop US: https://iFixit.com/hughjeffreys\nShop AU: https://ifix.gd/hughjeffreysau\n\nTools I Use: https://www.hughjeffreys.com/tools\n---------------------------------------------------------------------------------------\n\n\n(DISCLAIMER: This description contains affiliate links, which means that if you click on one of the product links, l will receive a small commission.)", "link": "https://www.youtube.com/watch?v=zg_zryYcl-Q", "date_published": "2021-12-11 00:00:00+00:00", "persistent": false, "user": null, "language": "en-US"}]