[{"source": "https://www.youtube.com/feeds/videos.xml?channel_id=UCLsnJt_eyqkGZ4ZEM__xCOg", "title": "Zostajemy na Kubie - Kuba #6 x @BezPlanu", "description": "\ud83d\uddfa\ufe0f Kuba #6. Sytuacja na Kubie spowodowa\u0142a, \u017ce postanowili\u015bmy zosta\u0107 tu tutaj nieco d\u0142u\u017cej. Dzi\u015b wybierzemy si\u0119 do muzeum rewolucji oraz muzeum Havana Club.\n\n\u2757 Zosta\u0144 Patronem kana\u0142u!\nhttps://patronite.pl/vlogcasha\n\nKana\u0142 Bartka: @BezPlanu  \n\nVlogi z Kuby (chronologicznie z obydwu kana\u0142\u00f3w): https://bit.ly/3dhLIqK\n\nMuzyka z intro by: https://instagram.com/another_unofficial_account\nMuzyka z vloga pochodzi z serwisu Artlist. Skorzystaj z mojej promocji i odbierz 2 miesi\u0105ce gratis!\nArtlist: https://bit.ly/3mWjQwo\n\nVlogi z Meksyku (2021): http://bit.ly/3c7Jycf\nVlogi z Turcji (2019-2020): https://bit.ly/31VPCR3\nVlogi z Kolumbii: https://bit.ly/36tqlhH\n\ud83c\udf0f Vlogi z Azji P\u0142d-Wsch: https://bit.ly/2wrM9t2\n\ud83c\udde6\ud83c\uddfa Vlogi z Australii: https://bit.ly/2OJWYOy\n\ud83c\uddfa\ud83c\uddf8 Vlogi z \u017cycia i podr\u00f3\u017cy w USA: https://bit.ly/2ya73NV\n\ud83d\ude99Vlogi z autostopu 2018: https://bit.ly/2NbHzos\n\n\u25b8 Instagram: https://www.instagram.com/vlogcasha\n\u25b8 Facebook: https://www.facebook.com/vlogcasha/\n\u25b8 \"Grupa Casha\" na FB: https://bit.ly/2N1a6wX\n\n#Podr\u00f3\u017ceCasha #Kuba", "link": "https://www.youtube.com/watch?v=OWQoLZIY8tQ", "date_published": "2021-12-12 00:00:00+00:00", "persistent": false, "user": null, "language": "pl-PL"}]