[{"source": "https://www.youtube.com/feeds/videos.xml?channel_id=UCwSv086EAByBY-Z7y-QR_cQ", "title": "Czeka nas wi\u0119ksza kontrola Internetu! Zabiega o to Mateusz Morawiecki na forum ONZ!", "description": "\ud83d\udcfa Zapraszam do ogl\u0105dania\n\n\u2b07\ufe0fRozwi\u0144 opis\u2b07\ufe0f\n------------------------------------------------------------\n\ud83d\udc40 Uszi po godzinach: https://goo.gl/cdCFKe\n\ud83d\udc40 Hello World_: http://bit.ly/31BEhnv\n------------------------------------------------------------\n\u2709\ufe0f Ludzie listy pisz\u0105 \n\ud83d\udd8a\ufe0f uszi@protonmail.com\n------------------------------------------------------------\n\ud83d\udc7a Niecenzuralne i agresywne komentarze zostan\u0105 usuni\u0119te.  Jak ju\u017c musisz zakl\u0105\u0107 dawaj znaki (&*%@%).\n------------------------------------------------------------\n\ud83d\udcb2 Donate/ Darowizna\nPLN / SMS / Blik: http://bit.ly/3bsXtJj\nBTC: 174EmE88YFtvs6fuM8ZL5yYbik8hcaY6ud\n-------------------------------------------------------------\n\u2705 \u0179r\u00f3d\u0142a:\n1. https://bit.ly/3GAnQen\n2. https://bit.ly/3rVLMES\n3. https://bit.ly/3dEPH0G\n4. https://bit.ly/3yhPTMM\n5. https://bit.ly/3ygad0U\n6. https://bit.ly/3rU8u0g\n7. https://bit.ly/3IKqxvG\n8. https://bit.ly/3m8NOOO\n9. https://bit.ly/376YeWZ\n10. https://bit.ly/3rWgTAh\n11. https://bit.ly/3IvUkIm\n12. https://bit.ly/2RLAP97\n13. https://bit.ly/3ltPamL\n14. https://bit.ly/3dKyaUF\n---------------------------------------------------------------\n\ud83c\udfb4 Do kola\u017cu wykorzystano grafik\u0119: \ngov.pl - http://bit.ly/2lVWjQr\n---------------------------------------------------------------\n\ud83d\udca1 Tagi: #ONZ #IGF2021 \n--------------------------------------------------------------", "link": "https://www.youtube.com/watch?v=zZIA6nNJVeM", "date_published": "2021-12-11 00:00:00+00:00", "persistent": false, "user": null, "language": "en-US"}]