[{"source": "https://www.youtube.com/feeds/videos.xml?channel_id=UCW0gH2G-cMKAEjEkI4YhnPA", "title": "The History of the Haradrim | Tolkien Explained", "description": "A great southern kingdom, tamers of the mighty M\u00fbmakil, and a land caught between the opposing forces of N\u00famenor and Sauron.  The Haradrim were divided between those who served the dark lord and those who opposed him.  Likely aided by the Blue Wizards, they would not only be enslaved by Sauron, but also the N\u00famen\u00f3reans as their kingdom turns to darkness.  In the Third Age, Gandalf would visit the southern realm, and many Haradrim would aid Sauron in the War of the Ring.\n\nBe sure to visit Lord of Maps to see their holiday specials, and use the code NERDOFMAPS at LordofMaps.com to save 15% on your order!\n\nHit subscribe - and the bell!\nNerd of the Rings on PATREON: https://www.patreon.com/NerdoftheRings\n\n-------------- \nAll content falls under fair use: any copying of copyrighted material done for a limited and \u201ctransformative\u201d purpose, such as to comment upon, criticize, or parody a copyrighted work. Such uses can be done without permission from the copyright owner.   If your artwork appears and you are not listed here, please let me know! I want to make sure all artists are credited for their amazing work.\n\nTo purchase artist work, check out these amazing artists!\n\nJenny Dolfen - goldseven.wordpress.com/\nTurner Mohan - www.instagram.com/turner_mohan\nTed Nasmith - www.tednasmith.com/shop/\nJerry Vanderstelt - store.vandersteltstudio.com/main.sc\nAnato Finnstark - https://www.artstation.com/anto-finnstark\nAnke Eissmann - http://anke.edoras-art.de/anke_illustration.html\n\nMarket of Umbar - DireImpulse\nAlatar and Pallando - Ralph Damiani\nHaradrim Spear - Lucas Durham\nHaradrim King - Kyle Anderson\nMorgoth and Fingolfin - Joel Kilpatrick\nBor with his sons - Helena Stepanova\nSerpent guard - Dvaler01\nElven smithy - Christina Kraus\nUmbar Market Speed Paint, Harad - DireImpulse\nHarad - Visions of Palantir\nSouthron Camp - Davis Engel\nUmbar - Bengamey\nThe Blue Wizards Journeying East - Ted Nasmith\nAlatar and Pallando - Ralph Damiani\nThe Blue Wizards - Turner Mohan\nFields of Emerie Looking into Meneltarma Numenor - izzi3bootz\nHarad - Tomasz Jedruszek\nNumenorean Armor - Turner Mohan\nNumenorean Warrior - Jef Murray\nUmbar - Turner Mohan\nHerumor - Jovan Delic\nThe Evil Runs Deep in Numenor - Oznerol\nNumenor's Legion of Armenelos - Sam McKinnon\nCelebrimbor and Annatar - WETA\nLord of Mordor - Snow Monster\nUmbar - Angelique Shelley\nArrival of Ar-Pharazon in Umbar - Ivana Lekseich\nSauron - Spartank42\nSouthron Soldier - Alexandr Elichev\nAr-Pharazon - Steamey\nAr-Pharazon - Niwa Jongkind\nSauron bows, submits to Ar-Pharazon - Kip Rasmussen\nHarad - Lida Holubova\nSauron and Ar-Pharazon - Janka Lateckova\nAr-Pharazon at Umbar - Niwa Jongkind\nSauron Descending - The Brothers Hildebrandt\nThe Ships of the Faithful - Ted Nasmith\nFall of Numenor - Fox in Shadow\nHaradrim Archer - CK Goksoy\nSauron - Johnnyslowhand\nThe Last Alliance - Jenny Dolfen\nWild Lands and Strange Visions - Fantasy Flight Games\nSauron Defeated - Hamfast Bryce\nHaradrim - Amelie Hutt\nAdunakhori - Tom Romain\nTen Cats of Queen Beruthiel - Steamey\nThe Gate of Umbar - DireImpulse\nMinas Tirith Speed Paint - DireImpulse\nGondorian - Lasahido\nHyarmendacil - Matej Cadil\nOsgiliath - Abe Papakhian\nCorsairs of Umbar - Fantasy Flight Games\nCorsairs of Umbar - Gammagrey\nCorsairs of Umbar - John Howe\nUmbar vs Minas Tirith - Angus McBride\nCharge of the Mumakil - The Sethalonian\nThe great city of Umbar, LOTR - DireImpulse\nHaradrim Soldier - Jon Bosco\nHaradrim Captain - Herckeim\nThe Witch King - Wugrash\nRingwraiths - Anato Finnstark\nArcher vs Mumakil - Robert Laskey\nOliphaunts - Ted Nasmith\nMumak - Turner Mohan\nMumakil - Piyas Studio\nHaradrim Ambush - Inge Edelfeldt\nThe Mumakil - Visions of the Palantir\nDark Lands Made Darker - Fantasy Flight Games\nThe Fallen Southron - Anke Eissmann\nThe Fallen Southron - Tolman Cotton\nMumakil - Rostridge\nHarad - Mietlik\nMumakil - PeepsBurgh\nKahliel - David Auden Nash\nSandy - Metat0209\nHaradrim - Amelie Hutt\nSouthrons - John Howe\nSouthron - John Howe\nTheoden's Last Ride - Porll\nThe Black Serpent founders - Anke Eissmann\nRohirrim - CG Warrior\nTheoden vs the Captain of the Haradrim - Kip Rasmussen\nHaradrim Cavalryman - Turner Mohan\nSouthern Support - CBsorgeArtworks\nTheoden's charge - Rozolo Tolkien\nEomer finds Eowyn - Paula DiSante\nEomer and the Mumakil - Pyrrhic Illustration\nMumakil - Gellihana\nBig Army - Sebastien Grenier\nThus Came Aragorn - Ted Nasmith\nForth Eorlingas - Valya Vande\nSouthron - Victor Manuel Lezamoreno\nBattle of the Black Gate - Ted Nasmith\nAt the Cracks of Doom - Ted Nasmith\nThe Shadow of Sauron - Ted Nasmith\nAnd the orcs fled before his face - Jenny Dolfen\nMordor, Gorgoroth - Rod Mendez\nEasterling Skirmisher - Martin de Diego\nThe Gates of Umbar - DireImpulse\nHaradrim Soldier - Leonard Gubeev\nEasterling swordsman - Taurus Chaoslord\nElessar Coronation - Tim Hildebrandt\nEomer and Aragorn Ride to the Lands of the East - Kip Rasmussen\nMinas Tirith - Ludovic Bourgeois\nHaradrim Swordsman - Jan Pospisil\n\n#haradrim #tolkien #lordoftherings", "link": "https://www.youtube.com/watch?v=90LjRagJXs4", "date_published": "2021-12-11 00:00:00+00:00", "persistent": false, "user": null, "language": "en-US"}]