[{"source": "https://www.youtube.com/feeds/videos.xml?channel_id=UCF9IOB2TExg3QIBupFtBDxg", "title": "US, Vaccine immune escape", "description": "US, Delta, New infections, up 70%. It's July, obviously.\nhttps://www.washingtonpost.com/health/2021/07/16/covid-cases-rising/\nHospitalization, up 36%\n\n(Unvaccinated, 97% of admissions)\n\nDeaths, up 26%\n\n(Almost all unvaccinated)\n\nhttps://covid.cdc.gov/covid-data-tracker/#vaccination-trends\n\nUS, 68% of population with one dose\n\nCDC, Rochelle Walensky\n\nThis is becoming a pandemic of the unvaccinated\n\nWe are seeing outbreaks in parts of the country that have low vaccination coverage\n\nBecause unvaccinated people are at risk\n\nAll over the country\n\nAnthony Fauci\n\nDelta variant, more than 70% of cases\n\nYoung people, been particularly hesitant about getting vaccinated\n\nHospitalized to a greater extent than they were earlier in the pandemic, in large part \nbecause most older Americans are vaccinated.\n\nFour worst states, 41% of new infections\n\nCalifornia\n\nTexas \n\nMissouri\n\nFlorida \n\n(20% of new infections, 45,000 cases last week, 47% fully vaccinated)\n\nLA county, masks required in public spaces\n\nTennessee\n\nLast 2 weeks, 310% increase in cases\n\nBreakthrough infections\n\n27 states report 66,000 breakthroughs\n\nNBC, not CDC\n\nHospitalizations rare\n\nPresident Biden\n\nVaccine misinformation is killing people\n\n66% of unvaccinated adults believe myths about vaccines\n\nDr. Murthy\n\nhttps://www.hhs.gov/sites/default/files/surgeon-general-misinformation-advisory.pdf\n\nDuring this pandemic, health misinformation has led people to resist wearing masks\n\nand to choose not to get vaccinated\n\nAll of this has led to avoidable illnesses and deaths. Simply put, health misinformation has cost us lives\n\nHesitancy, (Census bereau)\n\nhttps://www.census.gov/library/visualizations/interactive/household-pulse-survey-covid-19-vaccination-tracker.html\n\nHousehold Pulse Survey COVID-19 Vaccination Tracker\n\nUK\n\nTesting positive, + 54,674\n\n300,302 (up 40.5%)\n\n\nAdmitted,+ 740\n\n4,313 (up 39,4%)\n\nDeaths, + 41\n\n284 (up 47.9%)", "link": "https://www.youtube.com/watch?v=YYmW-FqSQBE", "date_published": "2021-07-17 00:00:00+00:00", "persistent": false, "user": null, "language": "en-US"}, {"source": "https://www.youtube.com/feeds/videos.xml?channel_id=UCF9IOB2TExg3QIBupFtBDxg", "title": "Uganda, Special report", "description": "To donate to Wefwafwa, Use Sendwave\nMobile money: +256785698803\nRegistered name: Wefwafwa Andrew\nCountry: Uganda\nEmail: wefandew@gmail.com\nIf you do send a donation, please text Wefwafwa as well so he can acknowledge and thank you\nPlease subscribe to Wefafa's channel, it will help his work, https://www.youtube.com/channel/UCzsLklGgOttU3Se-WGLp7ow", "link": "https://www.youtube.com/watch?v=9zOFmA8wO1I", "date_published": "2021-07-17 00:00:00+00:00", "persistent": false, "user": null, "language": "en-US"}]