[{"source": "https://www.youtube.com/feeds/videos.xml?channel_id=UCW0gH2G-cMKAEjEkI4YhnPA", "title": "The Greatest Axes in Middle-earth | Tolkien Explained", "description": "It's the most famous axes, maces, hammers, and spears of Middle-earth to conclude our weapons series!  From the legendary deeds of First Age heroes like H\u00farin and Tuor, to more recent axe wielders like Gimli and Dain Ironfoot, who uses his great red axe. \n\n*Hit subscribe - and the bell!* \nNerd of the Rings on PATREON: https://www.patreon.com/NerdoftheRings\n\n-------------- \nAll content falls under fair use: any copying of copyrighted material done for a limited and \u201ctransformative\u201d purpose, such as to comment upon, criticize, or parody a copyrighted work. Such uses can be done without permission from the copyright owner.   If your artwork appears and you are not listed here, please let me know! I want to make sure all artists are credited for their amazing work.\n\nTo purchase artist work, check out these amazing artists!\n\nTurner Mohan - www.instagram.com/turner_mohan\nTed Nasmith - www.tednasmith.com/shop/\nJerry Vanderstelt - store.vandersteltstudio.com/main.sc\nJenny Dolfen - goldseven.wordpress.com/\n\n\nMelkor Teaches the Noldor to Manufacture Arms - Ivana Lekseich\nHouse of the Hammer of Wrath - Thomas Rouillard\nGimli - Sergio Pena\nBeleriand Map - Lamaarcana\nAure Entuluva - Jenny Dolfen\nHurin - Michal Ivan\nHurin - Steamey\nHurin's Last Stand - Brokenmachine86\nUlmo and Tuor - Daniel Pilla\nGondolin - Alan Lee\nTuor - Natalie Chen\nFlight of the Doomed - Ted Nasmith\nShips of the Faithful - Ted Nasmith\nNumenorean Armor - Turner Mohan\nImperial Numenorean Armor - Turner Mohan\nAcross Middle-earth: The Argonath - Ralph Damiani\nThe Argonath - Armand Cabrera\nThe Argonath - JC Barquet\nGimli - Julio ROcha\nRog - Natalie Chen\nLord of Gondolin - Kazuki Mendou\nFeanor against the Lord of Balrogs - Evolvana\nMorgoth and Fingolfin - Joel Kilpatrick\nFingolfin's Challenge - John Howe\nGrond - Lonesome Crow\nGrond - Paul Raymond Gregory\nSauron - Jean Pascal Lecler\nSauron vs Elendil and Gil-Galad on Orodruin - Kip Rasmussen\nGil-galad - Sebastian Pagh\nGil-galad - Mellorianj\nGil-galad - Ivan Cavini\nAzaghal - Turner Mohan\nGlaurung - Justin Gerard\nDeath of Azaghal - David Cuzik\nAzaghal the Great King of Belegost - DracarysDrekkar7\nAzaghal - Steamey\nUpper Armories of the Deep - Tulikoura\nBattle for Moria - Tulikoura\nThe Battle of the Five Armies - Ozakuya\nThe Battle of Five Armies - Justin Gerard\nVengeance - Steamey\nDain Ironfoot - WETA\nKing Brand and King Dain Ironfoot - Steamey\nEasterling Skirmisher - Martin de Diego\nForty-Two - Matthew Stewart\nThe Fellowship of the Ring - JB Casacop\nGimli 300 Rise of the Empire Inspired - Sabrisalim\nThe Battle of Amon Hen - Chris Rahn\nEol - Yi Jong\n\n#axes #tolkien #lordoftherings", "link": "https://www.youtube.com/watch?v=7CqC-fEsboU", "date_published": "2021-07-17 00:00:00+00:00", "persistent": false, "user": null, "language": "en-US"}]