[{"source": "https://www.youtube.com/feeds/videos.xml?channel_id=UCme4ZOv65uzGADXuvtHkSvA", "title": "Ksi\u0119ga Wyj\u015bcia || Rozdzia\u0142 32", "description": "Przeczytajmy razem ca\u0142e Pismo \u015awi\u0119te! Od 1 pa\u017adziernika 2020 czytamy Pismo \u015awi\u0119te, codziennie 1 rozdzia\u0142 \u017cyciodajnego S\u0141OWA BOGA.\nWykorzystano Najnowszy przek\u0142ad Pisma \u015awi\u0119tego z komentarzem opracowany przez Zesp\u00f3\u0142 Biblist\u00f3w Polskich z inicjatywy Towarzystwa \u015awi\u0119tego Paw\u0142a (Edycja \u015awi\u0119tego Paw\u0142a). Pierwszy przek\u0142ad w trzecim tysi\u0105cleciu.\n________________________________________\nAby nas wesprze\u0107 kliknij tu \n\u2192 https://patronite.pl/langustanapalmie\n\u2192 http://bit.ly/Subskrybuj_Languste\n\n\u2661 Historie pot\u0142uczone\nAnchor \u2192 https://anchor.fm/langusta-na-palmie\nSpreaker \u2192 https://www.spreaker.com/show/historie-potluczone\nSpotify \u2192 https://spoti.fi/2NVIRHb\nApple \u2192 https://apple.co/2ZIPQZv\nGoogle Podcasts \u2192 https://bit.ly/2OlBWH\n\n\u2661  Pismo \u015awi\u0119te: \nAnchor \u2192 https://anchor.fm/langusta-na-palmie\nSpreaker \u2192 https://www.spreaker.com/show/przeczytaj-pismo-swiete-z-langusta\nSpotify \u2192  https://spoti.fi/34nZwLr\nApple \u2192  https://apple.co/33zdwCV\nGoogle Podcasts \u2192 https://bit.ly/3nmaZUc\n\nStrona z kalendarzem o. Adama: \n\u2192 http://www.langustanapalmie.pl\nMo\u017cna nas r\u00f3wnie\u017c znale\u017a\u0107 na Facebooku: \n\u2192 https://www.facebook.com/LangustaNaPalmie\nTwitterze: \n\u2192 https://twitter.com/LangustaPalmowa\nInstagramie: \n\u2192 https://www.instagram.com/langustanapalmie/\n\nZapraszamy.", "link": "https://www.youtube.com/watch?v=keCavzTGJnA", "date_published": "2021-07-18 00:00:00+00:00", "persistent": false, "user": null, "language": "pl-PL"}, {"source": "https://www.youtube.com/feeds/videos.xml?channel_id=UCme4ZOv65uzGADXuvtHkSvA", "title": "Niezniszczalni [#05] Wz\u00f3r na m\u0119sko\u015b\u0107", "description": "@Langustanapalmie @RTCK_robtocokochasz \n\nTego jeszcze nie by\u0142o! Dw\u00f3ch \u017conatych i ksi\u0105dz. Po m\u0119sku. Przy kawie. W p\u00f3\u0142mroku. Zapraszamy na now\u0105 seri\u0119 o m\u0119\u017cczyznach - nie tylko dla m\u0119\u017cczyzn...\n\nPROWADZ\u0104CY: \n\u279c o. Adam Szustak OP - https://www.instagram.com/langustanapalmie/ \n\u279c Micha\u0142 Szczepanek - https://www.instagram.com/michalszczepanek.pl/ \n\u279c Piotr Piwowar - https://www.instagram.com/_piotrpiwowar \n\nPREZENT dla \"Langustowicz\u00f3w\" od RTCK: \nOdbierz ZA DARMO jedn\u0105 z trzech NAJLEPSZYCH audiokonferencji RTCK: ks. Piotra Pawlukiewicza, o. Adama Szustaka, lub ks. Jana Kaczkowskiego i ROZWI\u0143 swoje powo\u0142anie, aby mie\u0107 WI\u0118CEJ satysfakcji z PRACY, RODZINY i \u017bYCIA. \nTutaj LINK \u27a1\ufe0f https://www.rtck.pl/?ref=17/ \n\nwideo: Jakub Kosakowski i Krzysztof Og\u00f3rek \nd\u017awi\u0119k: Maksymilian Zi\u0119ba i Bart\u0142omiej (Wacek) Wawrzyniak \nczo\u0142\u00f3wka: Krzysztof Og\u00f3rek \nfotografie: Dorota Czoch \nmonta\u017c i koncepcja czo\u0142\u00f3wki: Micha\u0142 Szczepanek i Piotr Piwowar\n\nseri\u0119 nagrano i wyprodukowano w studio RTCK - R\u00f3b to co kochasz\nINSTAGRAM https://www.instagram.com/rtck.pl/\n________________________________________\nAby nas wesprze\u0107 kliknij tu \n\u2192 https://patronite.pl/langustanapalmie\n\u2192 http://bit.ly/Subskrybuj_Languste\n\n\u2661 Historie pot\u0142uczone\nAnchor \u2192 https://anchor.fm/langusta-na-palmie\nSpreaker \u2192 https://www.spreaker.com/show/historie-potluczone\nSpotify \u2192 https://spoti.fi/2NVIRHb\nApple \u2192 https://apple.co/2ZIPQZv\nGoogle Podcasts \u2192 https://bit.ly/2OlBWH\n\n\u2661  Pismo \u015awi\u0119te: \nAnchor \u2192 https://anchor.fm/langusta-na-palmie\nSpreaker \u2192 https://www.spreaker.com/show/przeczytaj-pismo-swiete-z-langusta\nSpotify \u2192  https://spoti.fi/34nZwLr\nApple \u2192  https://apple.co/33zdwCV\nGoogle Podcasts \u2192 https://bit.ly/3nmaZUc\n\nStrona z kalendarzem o. Adama: \n\u2192 http://www.langustanapalmie.pl\nMo\u017cna nas r\u00f3wnie\u017c znale\u017a\u0107 na Facebooku: \n\u2192 https://www.facebook.com/LangustaNaPalmie\nTwitterze: \n\u2192 https://twitter.com/LangustaPalmowa\nInstagramie: \n\u2192 https://www.instagram.com/langustanapalmie/\n\nZapraszamy.", "link": "https://www.youtube.com/watch?v=W7PMcTNjLjY", "date_published": "2021-07-18 00:00:00+00:00", "persistent": false, "user": null, "language": "pl-PL"}, {"source": "https://www.youtube.com/feeds/videos.xml?channel_id=UCme4ZOv65uzGADXuvtHkSvA", "title": "CNN [#243] Dlaczego ca\u0142e z\u0307ycie uciekasz?", "description": "\u200b@Langustanapalmie #cnn #dobrewiadomo\u015bci #kazankodookienka\n\nXVI niedziela zwyk\u0142a, Rok B\n1. czytanie (Jr 23, 1-6)\n\nPan m\u00f3wi: \u00abBiada pasterzom, kt\u00f3rzy prowadz\u0105 do zguby i rozpraszaj\u0105 owce z mojego pastwiska. Dlatego tak m\u00f3wi Pan, B\u00f3g Izraela, o pasterzach, kt\u00f3rzy maj\u0105 pa\u015b\u0107 m\u00f3j nar\u00f3d: Wy rozproszyli\u015bcie moje owce, rozp\u0119dzili\u015bcie i nie zaj\u0119li\u015bcie si\u0119 nimi. Oto Ja si\u0119 zajm\u0119 nieprawo\u015bci\u0105 waszych uczynk\u00f3w. Ja sam zbior\u0119 Reszt\u0119 mych owiec ze wszystkich kraj\u00f3w, do kt\u00f3rych je wyp\u0119dzi\u0142em. Sprowadz\u0119 je na ich pastwisko, aby by\u0142y p\u0142odne i liczne. Ustanowi\u0119 za\u015b nad nimi pasterzy, by je pa\u015bli; i nie b\u0119d\u0105 si\u0119 ju\u017c wi\u0119cej l\u0119ka\u0107 ani trwo\u017cy\u0107, ani nie trzeba b\u0119dzie szuka\u0107 kt\u00f3rejkolwiek.\nOto nadchodz\u0105 dni, kiedy wzbudz\u0119 Dawidowi Odro\u015bl sprawiedliw\u0105. B\u0119dzie panowa\u0142 jako kr\u00f3l, post\u0119puj\u0105c roztropnie, i b\u0119dzie wykonywa\u0142 prawo i sprawiedliwo\u015b\u0107 na ziemi. W jego dniach Juda dost\u0105pi zbawienia, a Izrael b\u0119dzie mieszka\u0142 bezpiecznie. To za\u015b b\u0119dzie imi\u0119, kt\u00f3rym go b\u0119d\u0105 nazywa\u0107: \u201ePan nasz\u0105 sprawiedliwo\u015bci\u0105\u201d\u00bb.\n\n2. czytanie (Ef 2, 13-18)\n\nBracia: W Chrystusie Jezusie wy, kt\u00f3rzy niegdy\u015b byli\u015bcie daleko, stali\u015bcie si\u0119 bliscy przez krew Chrystusa. On bowiem jest naszym pokojem. On, kt\u00f3ry obie cz\u0119\u015bci ludzko\u015bci uczyni\u0142 jedno\u015bci\u0105, bo zburzy\u0142 rozdzielaj\u0105cy je mur \u2013 wrogo\u015b\u0107. W swym ciele pozbawi\u0142 On mocy Prawo przykaza\u0144, wyra\u017cone w zarz\u0105dzeniach, aby z dw\u00f3ch rodzaj\u00f3w ludzi stworzy\u0107 w sobie jednego nowego cz\u0142owieka, wprowadzaj\u0105c pok\u00f3j, i w ten spos\u00f3b jednych, jak i drugich zn\u00f3w pojedna\u0107 z Bogiem, w jednym Ciele przez krzy\u017c, w sobie zadawszy \u015bmier\u0107 wrogo\u015bci. A przyszed\u0142szy, zwiastowa\u0142 pok\u00f3j wam, kt\u00f3rzy jeste\u015bcie daleko, i pok\u00f3j tym, kt\u00f3rzy s\u0105 blisko, bo przez Niego jedni i drudzy w jednym Duchu mamy przyst\u0119p do Ojca.\n\nEwangelia (Mk 6, 30-34)\n\nAposto\u0142owie zebrali si\u0119 u Jezusa i opowiedzieli Mu wszystko, co zdzia\u0142ali i czego nauczali. A On rzek\u0142 do nich: \u00abP\u00f3jd\u017acie wy sami osobno na pustkowie i wypocznijcie nieco\u00bb. Tak wielu bowiem przychodzi\u0142o i odchodzi\u0142o, \u017ce nawet na posi\u0142ek nie mieli czasu. Odp\u0142yn\u0119li wi\u0119c \u0142odzi\u0105 na pustkowie, osobno. Lecz widziano ich odp\u0142ywaj\u0105cych. Wielu zauwa\u017cy\u0142o to i zbiegli si\u0119 tam pieszo ze wszystkich miast, a nawet ich wyprzedzili. Gdy Jezus wysiad\u0142, ujrza\u0142 wielki t\u0142um. Zlitowa\u0142 si\u0119 nad nimi, byli bowiem jak owce nie maj\u0105ce pasterza. I zacz\u0105\u0142 ich naucza\u0107 o wielu sprawach.\n________________________________________\nAby nas wesprze\u0107 kliknij tu \n\u2192 https://patronite.pl/langustanapalmie\n\u2192 http://bit.ly/Subskrybuj_Languste\n\n\u2661 Historie pot\u0142uczone\nAnchor \u2192 https://anchor.fm/langusta-na-palmie\nSpreaker \u2192 https://www.spreaker.com/show/historie-potluczone\nSpotify \u2192 https://spoti.fi/2NVIRHb\nApple \u2192 https://apple.co/2ZIPQZv\nGoogle Podcasts \u2192 https://bit.ly/2OlBWH\n\n\u2661  Pismo \u015awi\u0119te: \nAnchor \u2192 https://anchor.fm/langusta-na-palmie\nSpreaker \u2192 https://www.spreaker.com/show/przeczytaj-pismo-swiete-z-langusta\nSpotify \u2192  https://spoti.fi/34nZwLr\nApple \u2192  https://apple.co/33zdwCV\nGoogle Podcasts \u2192 https://bit.ly/3nmaZUc\n\nStrona z kalendarzem o. Adama: \n\u2192 http://www.langustanapalmie.pl\nMo\u017cna nas r\u00f3wnie\u017c znale\u017a\u0107 na Facebooku: \n\u2192 https://www.facebook.com/LangustaNaPalmie\nTwitterze: \n\u2192 https://twitter.com/LangustaPalmowa\nInstagramie: \n\u2192 https://www.instagram.com/langustanapalmie/\n\nZapraszamy.", "link": "https://www.youtube.com/watch?v=UOSR6mvcPn4", "date_published": "2021-07-17 00:00:00+00:00", "persistent": false, "user": null, "language": "pl-PL"}, {"source": "https://www.youtube.com/feeds/videos.xml?channel_id=UCme4ZOv65uzGADXuvtHkSvA", "title": "Ksi\u0105dz gra w gr\u0119: Ghost of Tsushima [47] FINA\u0141: Kt\u00f3ra walka jest najwa\u017cniejsza?", "description": "@langustanapalmie #ksiadzgrawgre #GhostOfTsushima\n________________________________________\nAby nas wesprze\u0107 kliknij tu \n\u2192 https://patronite.pl/langustanapalmie\n\u2192 http://bit.ly/Subskrybuj_Languste\n\n\u2661 Historie pot\u0142uczone\nAnchor \u2192 https://anchor.fm/langusta-na-palmie\nSpreaker \u2192 https://www.spreaker.com/show/historie-potluczone\nSpotify \u2192 https://spoti.fi/2NVIRHb\nApple \u2192 https://apple.co/2ZIPQZv\nGoogle Podcasts \u2192 https://bit.ly/2OlBWH\n\n\u2661  Pismo \u015awi\u0119te: \nAnchor \u2192 https://anchor.fm/langusta-na-palmie\nSpreaker \u2192 https://www.spreaker.com/show/przeczytaj-pismo-swiete-z-langusta\nSpotify \u2192  https://spoti.fi/34nZwLr\nApple \u2192  https://apple.co/33zdwCV\nGoogle Podcasts \u2192 https://bit.ly/3nmaZUc\n\nStrona z kalendarzem o. Adama: \n\u2192 http://www.langustanapalmie.pl\nMo\u017cna nas r\u00f3wnie\u017c znale\u017a\u0107 na Facebooku: \n\u2192 https://www.facebook.com/LangustaNaPalmie\nTwitterze: \n\u2192 https://twitter.com/LangustaPalmowa\nInstagramie: \n\u2192 https://www.instagram.com/langustanapalmie/\n\nZapraszamy.", "link": "https://www.youtube.com/watch?v=ZZjSE0DjynQ", "date_published": "2021-07-17 00:00:00+00:00", "persistent": false, "user": null, "language": "pl-PL"}, {"source": "https://www.youtube.com/feeds/videos.xml?channel_id=UCme4ZOv65uzGADXuvtHkSvA", "title": "Ksi\u0119ga Wyj\u015bcia || Rozdzia\u0142 31", "description": "Przeczytajmy razem ca\u0142e Pismo \u015awi\u0119te! Od 1 pa\u017adziernika 2020 czytamy Pismo \u015awi\u0119te, codziennie 1 rozdzia\u0142 \u017cyciodajnego S\u0141OWA BOGA.\nWykorzystano Najnowszy przek\u0142ad Pisma \u015awi\u0119tego z komentarzem opracowany przez Zesp\u00f3\u0142 Biblist\u00f3w Polskich z inicjatywy Towarzystwa \u015awi\u0119tego Paw\u0142a (Edycja \u015awi\u0119tego Paw\u0142a). Pierwszy przek\u0142ad w trzecim tysi\u0105cleciu.\n________________________________________\nAby nas wesprze\u0107 kliknij tu \n\u2192 https://patronite.pl/langustanapalmie\n\u2192 http://bit.ly/Subskrybuj_Languste\n\n\u2661 Historie pot\u0142uczone\nAnchor \u2192 https://anchor.fm/langusta-na-palmie\nSpreaker \u2192 https://www.spreaker.com/show/historie-potluczone\nSpotify \u2192 https://spoti.fi/2NVIRHb\nApple \u2192 https://apple.co/2ZIPQZv\nGoogle Podcasts \u2192 https://bit.ly/2OlBWH\n\n\u2661  Pismo \u015awi\u0119te: \nAnchor \u2192 https://anchor.fm/langusta-na-palmie\nSpreaker \u2192 https://www.spreaker.com/show/przeczytaj-pismo-swiete-z-langusta\nSpotify \u2192  https://spoti.fi/34nZwLr\nApple \u2192  https://apple.co/33zdwCV\nGoogle Podcasts \u2192 https://bit.ly/3nmaZUc\n\nStrona z kalendarzem o. Adama: \n\u2192 http://www.langustanapalmie.pl\nMo\u017cna nas r\u00f3wnie\u017c znale\u017a\u0107 na Facebooku: \n\u2192 https://www.facebook.com/LangustaNaPalmie\nTwitterze: \n\u2192 https://twitter.com/LangustaPalmowa\nInstagramie: \n\u2192 https://www.instagram.com/langustanapalmie/\n\nZapraszamy.", "link": "https://www.youtube.com/watch?v=UXktLI-44Nk", "date_published": "2021-07-17 00:00:00+00:00", "persistent": false, "user": null, "language": "pl-PL"}, {"source": "https://www.youtube.com/feeds/videos.xml?channel_id=UCme4ZOv65uzGADXuvtHkSvA", "title": "Wstawaki [#839] Soki", "description": "#Wstawaki #zr\u00f3bmydobrydzie\u0144 #AdamSzustakOP\n\n\"Wstawaki 2.0\" muz: Jan Smoczy\u0144ski || Agnieszka Musia\u0142\n________________________________________\nAby nas wesprze\u0107 kliknij tu \n\u2192 https://patronite.pl/langustanapalmie\n\u2192 http://bit.ly/Subskrybuj_Languste\n\n\u2661 Historie pot\u0142uczone\nAnchor \u2192 https://anchor.fm/langusta-na-palmie\nSpreaker \u2192 https://www.spreaker.com/show/historie-potluczone\nSpotify \u2192 https://spoti.fi/2NVIRHb\nApple \u2192 https://apple.co/2ZIPQZv\nGoogle Podcasts \u2192 https://bit.ly/2OlBWH\n\n\u2661  Pismo \u015awi\u0119te: \nAnchor \u2192 https://anchor.fm/langusta-na-palmie\nSpreaker \u2192 https://www.spreaker.com/show/przeczytaj-pismo-swiete-z-langusta\nSpotify \u2192  https://spoti.fi/34nZwLr\nApple \u2192  https://apple.co/33zdwCV\nGoogle Podcasts \u2192 https://bit.ly/3nmaZUc\n\nStrona z kalendarzem o. Adama: \n\u2192 http://www.langustanapalmie.pl\nMo\u017cna nas r\u00f3wnie\u017c znale\u017a\u0107 na Facebooku: \n\u2192 https://www.facebook.com/LangustaNaPalmie\nTwitterze: \n\u2192 https://twitter.com/LangustaPalmowa\nInstagramie: \n\u2192 https://www.instagram.com/langustanapalmie/\n\nZapraszamy.", "link": "https://www.youtube.com/watch?v=mvNad8ZVu5Y", "date_published": "2021-07-17 00:00:00+00:00", "persistent": false, "user": null, "language": "pl-PL"}]