[{"source": "https://www.youtube.com/feeds/videos.xml?channel_id=UC5UAwBUum7CPN5buc-_N1Fw", "title": "Audacity collects data, Copilot crawls FOSS code, and Valve announces the Steam Deck - Linux News", "description": "Wanna get your own Linux server? Visit https://www.linode.com/linuxexperiment for a 100$ credit ! \n\nGet your Linux desktop or laptop here: https://slimbook.es/en/\n\nIn this one, we have Audacity collecting user data, Github training their AI on open source code without prior notice, Deepin supporting Android apps out of the box, and Steam introducing their Steam Deck handheld PC, running Linux. \n\nBecome a channel member to get access to a weekly patroncast and vote on the next topics I'll cover:\nhttps://www.youtube.com/channel/UC5UAwBUum7CPN5buc-_N1Fw/join\n\nSupport the channel on Patreon: \nhttps://www.patreon.com/thelinuxexperiment\n\nFollow me on Twitter : http://twitter.com/thelinuxEXP\n\nMy Gaming on Linux Channel: https://www.youtube.com/channel/UCaw_Lz7oifDb-PZCAcZ07kw\n\nFollow me on ODYSEE: https://odysee.com/@TheLinuxExperiment:e\nOr join ODYSEE: https://odysee.com/$/invite/@TheLinuxExperiment:e\n\nThe Linux Experiment merch: get your goodies there! https://teespring.com/en-GB/stores/the-linux-experiment\n\n00:00 Intro\n01:35 Linux News\n05:11 Open Source News\n07:13 Applications News\n09:14 Gaming News\n\n## Linux\nDeepin 20.2.2 was released, and a minor version like that wouldn't usually warrant a specific mention here, but the changes in this new release are pretty major. Deepin revamped their whole App Store, including support for Android containers and applications.\nhttps://www.deepin.org/en/2021/06/29/deepin-20-2-2/\n\nIt looks like the GNOME developers are planning a big redesign of their Adwaita theme. \nhttps://www.omgubuntu.co.uk/2021/07/adwaita-borderless-theme-in-development-gnome-41\n\nGNOME 40 has finally landed in Ubuntu 21.10.\nhttps://www.omgubuntu.co.uk/2021/07/gnome-40-in-ubuntu-21-10-first-look\n\nMicrosoft announced Windows 365, basically their own way of logging in through a remote desktop protocol to a Windows device, from a web browser. \nhttps://www.microsoft.com/en-us/windows-365\n\nThe Pine 64 has opened up the PineTime for purchase, at 27$. \nhttps://www.omgubuntu.co.uk/2021/07/pine64s-open-source-smartwatch-goes-on-sale-for-27\n\n## Open Source\nGihub launched copilot, its AI-powered tool to help developers autocomplete and write code faster. \nhttps://thenextweb.com/news/github-copilot-ai-openai-code-tool\nhttps://thenextweb.com/news/github-copilot-ai-copyright-analysis\n\nTobias Bernard, one of GNOME's prominent developers, wrote a blog post about why GNOME sometimes removes options, and why this is the path they choose to tread. \nhttps://blogs.gnome.org/tbernard/2021/07/13/community-power-4/\n\n## Apps\nAudacity created an uproar when they announced their new plan on collecting telemetry data and their new privacy policy. \nhttps://www.pcmag.com/news/audacity-is-being-called-spyware-after-privacy-policy-update\nhttps://thenextweb.com/news/audacity-privacy-policy-change\nhttps://news.slashdot.org/story/21/07/06/1945217/no-open-source-audacity-audio-editor-is-not-spyware\n\n\nAccording to StatCounter, it seems like Microsoft Edge, another Chromium based browser, has passed Firefox in global marketshare.\nhttps://www.techradar.com/news/microsoft-edge-just-left-a-serious-rival-in-its-dust\n\n\n## Gaming\n\nWine 6.12 was released, and it adds 2 builtin themes, called \"Blue\" and \"Classic Blue\", among other changes. \nhttps://www.winehq.org/announce/6.12\n\nLinux foundation launches the Open 3D Foundation, whose mission will be to handle an open source, realtime, high performance 3D engine. This 3D Engine is based on the one Amazon developed internally, called Lumberyard, and that the company open sourced and gave to the foundation. \nhttps://www.gamingonlinux.com/2021/07/linux-foundation-launches-the-open-3d-engine-based-upon-amazon-lumberyard\n\nVKD3D received an update to version 2.4, with improved performance in games that were GPU bound, from 5-10% up to 20% in Horizon Zero Dawn. \nhttps://github.com/HansKristian-Work/vkd3d-proton/releases/tag/v2.4\n\nFollowing the latest Nvidia drivers release, XWayland has been updated to take advantage of the hardware acceleration support that Nvidia finally included. \nhttps://www.gamingonlinux.com/2021/07/xwayland-2112-is-out-now-with-support-for-hardware-accelerated-nvidia-on-the-470-driver\n\nValve announced officially their Steam Deck, a handheld device running a new version of SteamOS based on Arch and KDE Plasma.\nhttps://store.steampowered.com/steamdeck", "link": "https://www.youtube.com/watch?v=YihUfmkEtuQ", "date_published": "2021-07-17 00:00:00+00:00", "persistent": false, "user": null, "language": "en-US"}]