[{"source": "https://www.youtube.com/feeds/videos.xml?channel_id=UCJKt_QVDyUbqdm3ag_py2eQ", "title": "Amiga music: St\u00e9phane Picq & Alexandre Ekian - Dune OST (A1200\ud83c\udfa7Dolbyfied)", "description": "Dune (Amiga, 1991) soundtrack by St\u00e9phane Picq & Alexandre Ekian. \n\n00:00 Wormsign\n03:32 Ecolove\n06:56 Fremens\n\nMade using real A1200 Rev. 1D.4 audio. StarTrekker v1.3 used for playback.\n\nVisit my channel for more Amiga music.", "link": "https://www.youtube.com/watch?v=md_sVFvgS1c", "date_published": "2021-10-17 00:00:00+00:00", "persistent": false, "user": null, "language": "en-US"}]