[{"source": "https://www.youtube.com/feeds/videos.xml?channel_id=UCQDhxkSxZA6lxdeXE19aoRA", "title": "Google Pixel 4 Restoration", "description": "Pixels where acting up, time for new screen.\nSkip the upgrade and take 20% off Apple Fix Kits with code SKIP20. If you already have iFixit tools, you can use the code for the part only option too! https://ifix.gd/hg-fixkits  \n--------------------------------------Socials-------------------------------------\nWebsite: https://www.hughjeffreys.com\nStore: https://www.hughjeffreys.com/store\nInstagram: http://instagram.com/hughjeffreys\n---------------------------------------Links---------------------------------------\nGet parts, tools and repair guides at iFixit:\nShop US: https://iFixit.com/hughjeffreys\nShop AU: https://ifix.gd/hughjeffreysau\n\nTools I Use: https://www.hughjeffreys.com/tools\n---------------------------------------------------------------------------------------\n\n\n(DISCLAIMER: This description contains affiliate links, which means that if you click on one of the product links, l will receive a small commission.)", "link": "https://www.youtube.com/watch?v=3HTeJAgBl3g", "date_published": "2021-10-16 00:00:00+00:00", "persistent": false, "user": null, "language": "en-US"}]