[{"source": "https://www.youtube.com/feeds/videos.xml?channel_id=UCRG_N2uO405WO4P3Ruef9NA", "title": "Chinese luxury cars have entered Europe", "description": "Sponsored by Skillshare. The first 1000 to sign up with this link can try Skillshare Premium for free: https://skl.sh/thefridaycheckout05211\n\n\u25ac\u25ac\u25ac\u25ac\u25ac\u25ac\u25ac\u25ac\u25ac\u25ac\u25ac\u25ac\u25ac\u25ac\u25ac\u25ac\u25ac\u25ac\u25ac\u25ac\u25ac\u25ac\u25ac\u25ac\n\n\u25ba\u25ba\u25ba From this video \u25c4\u25c4\u25c4\n\nThis week HMD Global launched HMD Mobile, its own MVNO, Nio became the first premium Chinese car to enter Europe, and Twitter announced a ton of new content features like a Tip Jar.\n\nThe Friday Checkout - Episode 46\n\nPoll: Do you know about Nio? https://twitter.com/TechAltar/status/1390693316191260676?s=20\n\n-\n\nCrrowd app & Release Monitor: https://play.google.com/store/apps/details?id=com.crrowd   \n\nQuiz: https://link.crrowd.com/quiz   \n\nThis video on Nebula: https://nebula.app/videos/the-friday-checkout-chinese-luxury-cars-are-coming-to-europe\n\n\u25ac\u25ac\u25ac\u25ac\u25ac\u25ac\u25ac\u25ac\u25ac\u25ac\u25ac\u25ac\u25ac\u25ac\u25ac\u25ac\u25ac\u25ac\u25ac\u25ac\u25ac\u25ac\u25ac\u25ac\n\n\u25ba\u25ba\u25ba Other TechAltar links \u25c4\u25c4\u25c4\n\nMerch: \nhttp://enthusiast.store \n\nSocial media: \nhttps://twitter.com/TechAltar \nhttps://instagram.com/TechAltar \nhttps://facebook.com/TechAltar \nhttps://discord.gg/npKQebe\n\nIf you want to support TechAltar directly: \nhttps://flattr.com/@techaltar \n\n\u25ac\u25ac\u25ac\u25ac\u25ac\u25ac\u25ac\u25ac\u25ac\u25ac\u25ac\u25ac\u25ac\u25ac\u25ac\u25ac\u25ac\u25ac\u25ac\u25ac\u25ac\u25ac\u25ac\u25ac\n\n\u25ba\u25ba\u25ba Attributions & Time stamps\u25c4\u25c4\u25c4\n\nMusic by Edemski: https://soundcloud.com/edemski \n\n0:00 Intro\n0:45 Release Highlights\n1:46 Nokia carrier\n4:18 Chinese cars in Europe\n5:28 Twitter on a roll", "link": "https://www.youtube.com/watch?v=kWcfMUTy5Hg", "date_published": "2021-05-07 00:00:00+00:00", "persistent": false, "user": null, "language": "en-US"}]