[{"source": "https://www.youtube.com/feeds/videos.xml?channel_id=UCF9IOB2TExg3QIBupFtBDxg", "title": "India variant officially recognised in UK", "description": "Latest official data on variants in UK\nhttps://www.gov.uk/government/publications/covid-19-variants-genomically-confirmed-case-numbers\n \nIndia variant in UK\n\nhttps://www.bbc.co.uk/news/health-57016110\n\nPublic Health England, recommends B.1.617.2 should be a VOC\n\nSharp rise\n\n500 cases, 40 clusters\n\nCases, + 318 since 27th April\n\nCommunity transmission\n\nNow is the most prevalent form of the India mutation\n\nSeems to be spreading more than the other two\n\nAt least as transmissible as the Kent variant\n\nNo comment on leaked data\n\nDoes not feature the E484K (South African variant)\n\nUS sequencing improves\n\nhttps://www.doh.wa.gov/Portals/1/Documents/1600/coronavirus/data-tables/420-316-SequencingAndVariantsReport.pdf\n\nMarch 2021, 13.1% of all confirmed molecular COVID-19 cases were sequenced \n\n16, 128 (4.3%) specimens sequenced since January 2020\n\nUK travellers returning from \"red list\" countries are flying home via Turkey\n\nhttps://www.bbc.co.uk/news/uk-56984057\n\n\u00a31,750-per-person to isolate in a hotel in UK\n\nTurkish report, British nationals flying in from Pakistan, India and Bangladesh\n\nReturning from Pakistan to the UK, many from weddings or funerals\n\nHashir, said he could not afford the cost of quarantining in the UK\n\nTravel agent in Bradford, Mr Khawaja has arranged 15-20 journeys home via Turkey\n\nMohammad Saad travelled to Pakistan for a funeral, with his son, flew back via Turkey\n\nIt's like an extra holiday. \n\nThen you can fly back into the UK from Istanbul without any hotel quarantine.\n\nZulfiqar Ali, from Leeds, Pakistan to Istanbul to UK\n\nUK vaccinations\n\nhttps://coronavirus.data.gov.uk/details/vaccinations\n\nChris Whitty\n\nUntil we have got a situation where we have induced immunity in those who are most vulnerable everywhere in the world, \n\nwe will continue to see really significant morbidity and mortality from this virus\n\nZoe update\n\nhttps://www.youtube.com/watch?v=3VE2_ZfL5g0\n\nLooking like no further waves in the UK this year\n\nLow prevalence means more percentages of uncertainty\n\nCases of COVID after vaccination\n\nLess symptoms, less severe, less classical\n\nEndemic phase\n\nPost vaccination menstrual changes?\n\nHeavy periods, mid-cycle periods, post-menopausal period\n\nChances of getting covid in the next 24 hours\n\n1 in 47,000\n\n1 in 98,000\n\n1 in 170,000\n\nIndia\n\nhttps://www.bbc.co.uk/news/56987209\n\nCases, + 414,188 = 21,400,000\nDeaths, + 3,951 = 234,083\nCountrywide test positivity, 20%\n\nNepal\n\nCases 2 weeks ago, + 1,100\n\nCases now, + 6,700\n\nhttps://www.inf.org.uk/get-involved/donate-covid-ph2/\n\nSecond wave\n\nLockdown\n\nPoor people suffering most\n\nInfections in Everest base camp\n\nConfusing with HAPE\n\nGermany, freedoms for fully vaccinated\n\nhttps://www.dw.com/en/german-parliament-approves-bill-on-freedoms-for-covid-vaccinated-people/a-57450855\n\nAt least 14 days after second dose\n\nRecovered, 28 days to six months ago with PCR proof\n\nSmartphone or physical documentation\n\nOlympics, July\n\nLittle comment needed\n\n2% vaccinated\n\nExtend state of emergency for Tokyo, Osaka, Kyoto and Hyogo prefectures until end of May\n\nHospital pressure in Tokyo\n\nOsaka, deaths while awaiting hospitalization\n\nhttps://www.washingtonpost.com/nation/2021/05/07/coronavirus-covid-live-updates-us/", "link": "https://www.youtube.com/watch?v=jKcoK2qmBak", "date_published": "2021-05-07 00:00:00+00:00", "persistent": false, "user": null, "language": "en-US"}]