[{"source": "https://www.youtube.com/feeds/videos.xml?channel_id=UCXuqSBlHAE6Xw-yeJA0Tunw", "title": "You blew your budget on WHAT?? - Intel $5,000 Extreme Tech Upgrade", "description": "Thanks to Intel for sponsoring this series!\n\nIn this Home Upgrade, James spends $5,000 to take his home theater and gaming rig to the next level!\n\nBuy Intel Core i7-11700 CPU (PAID LINK): https://geni.us/FFpf\nBuy ASROCK H570M-ITX/AC (PAID LINK): https://geni.us/uqmNPf\nBuy EVGA RTX 3080 XC3 ULTRA GAMING GPU (PAID LINK): https://geni.us/QA6kxb\nBuy SVS SoundPath Subwoofer Isolation System (PAID LINK): https://geni.us/aeRrl\nBuy SVS SB-2000 Pro Subwoofer (PAID LINK): https://geni.us/kM5XqA\nBuy Anthem MRX 740 Receiver (PAID LINK): https://geni.us/K4Ehu37\nBuy Wood Grain Furniture Tape (PAID LINK): https://geni.us/Oelg0g\nBuy APC Surge Protector (PAID LINK): https://geni.us/BXrPE\nBuy Nvidia Shield Pro 4K (PAID LINK): https://geni.us/QDanBQ\nBuy Banana Plugs (PAID LINK): https://geni.us/VH9g7sp \n\nPurchases made through some store links may provide some compensation to Linus Media Group.\n\nDiscuss on the forum: https://linustechtips.com/topic/1335692-you-blew-your-budget-on-what-intel-5000-extreme-tech-upgrade/\n\n\u25baGET MERCH: http://www.LTTStore.com/\n\u25baSUPPORT US ON FLOATPLANE: https://www.floatplane.com/  \n\u25baLTX EXPO: https://www.ltxexpo.com/   \n\nAFFILIATES & REFERRALS\n---------------------------------------------------\n\u25baAffiliates, Sponsors & Referrals: https://lmg.gg/sponsors\n\u25baCheck out our podcast gear: https://kit.co/linustechtips/lmg-podcast-gear\n\u25baPrivate Internet Access VPN: https://lmg.gg/pialinus2\n\u25baOur Official Charging Partner Anker: https://lmg.gg/AnkerLTT\n\u25baMK Keyboards: https://lmg.gg/LyLtl\n\u25baNerd or Die Stream Overlays: https://lmg.gg/avLlO\n\u25baOfficial Game Store: https://www.nexus.gg/ltt\n\u25baAmazon Prime: https://lmg.gg/8KV1v\n\u25baAudible Free Trial: https://lmg.gg/8242J\n\u25baOur Gear on Amazon: https://geni.us/OhmF\n\nFOLLOW US ELSEWHERE\n---------------------------------------------------  \nTwitter: https://twitter.com/linustech\nFacebook: http://www.facebook.com/LinusTech\nInstagram: https://www.instagram.com/linustech\nTwitch: https://www.twitch.tv/linustech\n\nFOLLOW OUR OTHER CHANNELS\n---------------------------------------------------  \nMac Address: https://lmg.gg/macaddress\nTechquickie: https://lmg.gg/techquickieyt\nTechLinked: https://lmg.gg/techlinkedyt\nShortCircuit: https://lmg.gg/shortcircuityt\n\nLMG Clips: https://lmg.gg/lmgclipsyt\nChannel Super Fun: https://lmg.gg/channelsuperfunyt\nCarpool Critics: https://lmg.gg/carpoolcriticsyt\n\nMUSIC CREDIT\n---------------------------------------------------  \nTitle: Laszlo - Supernova\nVideo Link: https://www.youtube.com/watch?v=PKfxmFU3lWY\niTunes Download Link: https://itunes.apple.com/us/album/supernova/id936805712\nArtist Link: https://soundcloud.com/laszlomusic\n\nOutro Screen Music Credit: Approaching Nirvana - Sugar High http://www.youtube.com/approachingnirvana\n\nMonitor And Keyboard by vadimmihalkevich / CC BY 4.0  https://geni.us/PgGWp\nMechanical RGB Keyboard by BigBrotherECE / CC BY 4.0 https://geni.us/mj6pHk4\nMouse Gamer free Model By Oscar Creativo / CC BY 4.0 https://geni.us/Ps3XfE", "link": "https://www.youtube.com/watch?v=RUI1k-KHXNk", "date_published": "2021-05-08 00:00:00+00:00", "persistent": false, "user": null, "language": "en-US"}, {"source": "https://www.youtube.com/feeds/videos.xml?channel_id=UCXuqSBlHAE6Xw-yeJA0Tunw", "title": "I LOVE These Ads! - WAN Show May 7, 2021", "description": "Visit https://www.squarespace.com/WAN and use offer code WAN for 10% off\n\nSave 10% at Ridge Wallet with offer code WAN at https://www.ridge.com/WAN\n\nHoney automatically applies the best coupon codes to save you money at \ndifferent online checkouts, try it now at https://www.joinhoney.com/linus\n\nPodcast Download: https://anchor.fm/thewanshowpodcast/episodes/I-LOVE-These-Ads----WAN-Show-May-7--2021-e10khsj\n\nCheck out Carpool Critics, our new movie podcast: https://www.youtube.com/channel/UCt-oJR5teQIjOAxCmIQvcgA\n\nTimestamps (Courtesy of Timestamp Guy)\n00:01:19 Intro\n00:02:32 Signal throws shade on Instagram\n00:14:30 Disney's Lightsaber\n00:17:37 Did Tesla buy GIGABYTE?\n00:25:01 $400 airbag vest for your motorcycle, won't work until you spend more money\n----------------------------------------\n~SPONSORS~\nHoney \ud83c\udf6f - 00:40:10\nRidge Wallet - 00:41:06\nSquarespace - 00:41:50\n----------------------------------------\n00:42:41 Tim Epic and Tim Apple's epic saga continues\n00:47:47 Tim Sweeney thinks EGS will make up 35-50% of the PC gaming market and be profitable by 2024\n00:50:30 NICE promo code on lttstore.com (free shipping worldwide on orders over $69.69) [EXPIRED]\n00:51:59 Sennheiser sells consumer audio division to hearing aid maker\n01:01:30 Linus is now driving a Porsche\n01:03:59 Superchats\n01:08:47 Outro", "link": "https://www.youtube.com/watch?v=27DE26j5n8w", "date_published": "2021-05-07 00:00:00+00:00", "persistent": false, "user": null, "language": "en-US"}]