[{"source": "https://www.youtube.com/feeds/videos.xml?channel_id=UCy0Pr5u-MwGXXzp_GDd4m_g", "title": "The Pandemic - A Children's Song", "description": "The realities of living through a pandemic but for kids... well, sort of...\n\nDon't forget to SUBSCRIBE!!\n\nAlso, join my Patreon for behind the scenes videos, live q&as and early access to videos here: https://www.patreon.com/julienolke", "link": "https://www.youtube.com/watch?v=Ldw10Ef4V8I", "date_published": "2021-09-30 00:00:00+00:00", "persistent": false, "user": null, "language": "en-US"}]