[{"source": "https://www.youtube.com/feeds/videos.xml?channel_id=UCw--xPGVVxYzRsWyV1nFqgg", "title": "The Expanse (SPECIAL EDITION REVIEW)", "description": "My review of the latest special edition of the first Expanse book, Leviathan Wakes.\nCheck out the book here: https://amzn.to/3AD74c0 \n\nPatreon: https://www.patreon.com/DanielBGreene \nAll the Me Social Links: https://linktr.ee/DanielGreene\n\nLawful Times Series: \nBreach of Peace: https://amzn.to/3CnKsfX\nRebels Creed: https://amzn.to/3nLIQca \n\nEquipment: \nCamera: https://amzn.to/3siqgHv  \nLense: https://amzn.to/3ugGxhQ  \nLighting: https://amzn.to/3aI3brK  \nMicrophone: https://amzn.to/3pCGtWg  \nTripod: https://amzn.to/3kd9yq1  \n\nNew P.O. Box: PO Box 7874 Henrico, VA 23231", "link": "https://www.youtube.com/watch?v=-z9HMzlKylI", "date_published": "2021-10-01 00:00:00+00:00", "persistent": false, "user": null, "language": "en-US"}, {"source": "https://www.youtube.com/feeds/videos.xml?channel_id=UCw--xPGVVxYzRsWyV1nFqgg", "title": "I'm Fed Bombs -PDGDBA\ud83d\udca3", "description": "Let's open some mail and hope nothing explodes! \nPatreon: https://www.patreon.com/DanielBGreene \nAll the Me Social Links: https://linktr.ee/DanielGreene\n\nGive Maddy a follow: \nTwitter: https://twitter.com/misszaddy\nInstagram: https://www.instagram.com/maddyspearz/ \n\nKissing The Sick: https://amzn.to/3kL8rzP\n\nLawful Times Series: \nBreach of Peace: https://amzn.to/3CnKsfX\nRebels Creed: https://t.co/sEHQP0VEJe?amp=1\n\nEquipment: \nCamera: https://amzn.to/3siqgHv  \nLense: https://amzn.to/3ugGxhQ  \nLighting: https://amzn.to/3aI3brK  \nMicrophone: https://amzn.to/3pCGtWg  \nTripod: https://amzn.to/3kd9yq1  \n\nNew P.O. Box: PO Box 7874 Henrico, VA 23231", "link": "https://www.youtube.com/watch?v=i3AFyL0Qvc8", "date_published": "2021-09-30 00:00:00+00:00", "persistent": false, "user": null, "language": "en-US"}]