[{"source": "https://www.youtube.com/feeds/videos.xml?channel_id=UCTTZqMWBvLsUYqYwKTdjvkw", "title": "Cze\u015b\u0107, to kana\u0142 o sztucznej inteligencji (ai), startupach i cyberbezpiecz\u0144stwie", "description": "Na codzie\u0144 rozwi\u0105zuje problemy za pomoc\u0105 nowych technologii.\nNa tym kanale b\u0119d\u0119 opowiada\u0142 o nowo\u015bciach, o b\u0142\u0119dach i o ciekawostkach z tym zwi\u0105zanych.\nO tym co nowego dzieje si\u0119 w \u015bwiecie nowych technologii mi\u0119dzy innymi AI, Cyberbezpiecze\u0144stwa i startup\u00f3w.\n\nZach\u0119cam do ogl\u0105dni\u0119cia pierwszych film\u00f3w: https://www.youtube.com/playlist?list=PL6gb3F2o2zOQ30McB_V9HNIIi6ez1us-E", "link": "https://www.youtube.com/watch?v=unfXw9t56CI", "date_published": "2021-10-01 00:00:00+00:00", "persistent": false, "user": null, "language": "en-US"}, {"source": "https://www.youtube.com/feeds/videos.xml?channel_id=UCTTZqMWBvLsUYqYwKTdjvkw", "title": "Czy wszyscy szpieguj\u0105? Xiaomi, Huawei i ryzyka ujawnione przez centrum cyberbezpiecze\u0144stwa z Litwy", "description": "Kuba Klawiter w swoim materiale \"Xiaomi lepsze w cenzur\u0119?\" poruszy\u0142 temat tego raportu:\nhttps://www.nksc.lt/doc/en/analysis/2021-08-23_5G-CN-analysis_env3.pdf\n\nW tym filmie dowiecie si\u0119:\n- Do czego s\u0142u\u017cy: MiAdBlacklistConfig w Xiaomi\n- Jak wed\u0142ug badaczy malware dostaje si\u0119 do telefon\u00f3w Huawei\n- Jak filtrowa\u0107 cz\u0119\u015b\u0107 ruchu, kt\u00f3rego nie chcecie.\n\nSpis tre\u015bci\n0:00 Wst\u0119p\n0:20 Co to jest GAG order i kilka s\u0142\u00f3w o pr\u00f3bach os\u0142abienia bezpiecze\u0144stwa.\n1:12 Huawei i AppGalery\n2:26 Xiaomi i wyniki raportu.\n5:15 Co to MiAdBlacklistConfig i jaki ma wp\u0142yw na telefony Xiaomi\n7:31 Preinsalowany malware\n9:45 Co robi\u0107? Jak \u017by\u0107?\n\nLinki do \u017ar\u00f3de\u0142:\nCo to Gag Order https://en.wikipedia.org/wiki/Gag_order\nPrawo do \"backdoor\u00f3w\" w Australii https://www.theguardian.com/australia-news/2020/jul/09/australias-world-first-anti-encryption-law-should-be-overhauled-independent-monitor-says \n\nKoszulka jest logiem jednego ze startup\u00f3w, w kt\u00f3rych bior\u0119 udzia\u0142. https://hometime.ai\n\nPe\u0142na lista IP + domen jest w raporcie.\nZach\u0119cam do pozostawienia komentarza.\n\nEDIT: Fajny link \u017ar\u00f3d\u0142owy z xda z pog\u0142\u0119bieniem tematu podes\u0142a\u0142 Ki.Mi https://www.xda-developers.com/xiaomi-secret-blacklist-explained/", "link": "https://www.youtube.com/watch?v=OwP564pR4Is", "date_published": "2021-10-01 00:00:00+00:00", "persistent": false, "user": null, "language": "en-US"}]