[{"source": "https://www.youtube.com/feeds/videos.xml?channel_id=UC1W8ShdwtfgjRHdbl1Lctcw", "title": "1940s - New York in color [60fps, Remastered] w/sound design added", "description": "I colorized, restored and created a sound design for this video of New York 1940s, we can clearly see the Grand Central Terminal , old Penn Station, we see the lights of Broadway in New York City and Times Square at night,\n\nVideo Restoration Process:\n\u2714 FPS boosted to 60 frames per second \n\u2714 Image resolution boosted up to HD \n\u2714 Improved video sharpness and brightness \n\u2714 Colorized only for the ambiance (not historically accurate)\n\u2714added sound only for the ambiance\n\u2714restoration:(stabilisation,denoise,cleand,deblur) \n\nPlease, be aware that colorization colors are not real and fake, colorization was made only for the ambiance and do not represent real historical data.\n\nThanks to A/V Geeks for share the amazing B&W Video Source\n\nB&W Video Source from: A/V Geeks on archive.org\nB&W Video Source: https://archive.org/details/ia35000013001\nB&W Video Source: https://archive.org/details/ia35000013002\nB&W Video Source: https://archive.org/details/ia35000013003\nB&W Video Source: https://archive.org/details/ia35000013004\nB&W Video Source: https://archive.org/details/ia35000013005\n\nRights to the black and white 35mm Video Source are held by Internet Archive. under the Creative Commons Attribution License\n- - - - - - - - - - - - - - - - - - - -\nAbout A/V Geeks: A/V Geeks started by collecting thousands of old 16mm educational films. Now, they have over 24,000 which they sell for stock footage. Also, they digitize a variety of film (8mm, super8, 16mm, 35mm) and video formats (Umatic, 1\" open reel, MII, Beta SP, Digibeta, Betacam SX, Betacam IMX, Video8, Hi8, VHS, SVHS, DVCAM, DVCPRO25, HDV) to archival digital file formats.\n- - - - - - - - - - - - - - - - - - - -\n\ud83d\udce8 Contact me at :nassthegoodman@gmail.com\n- - - - - - - - - - - - - - - - - - - -\nFor any Copyright issues, please reach out to us first before filing a claim with YouTube. Send us a message or email detailing your concerns and we'll make sure the matter is resolved immediately. All contact details in our channel's \"About\" page! Please consider \"fair use\" before filing a claim. Thank You!", "link": "https://www.youtube.com/watch?v=Geaotwv_ZVo", "date_published": "2021-10-01 00:00:00+00:00", "persistent": false, "user": null, "language": "en-US"}]