[{"source": "https://www.abc.net.au", "title": "Social media companies could soon be forced to end anonymity for online trolls. But will this stop the trolling? - ABC News", "description": "Social media companies could soon be forced to end anonymity for online trolls. But will this stop the trolling? - ABC News", "link": "https://www.abc.net.au/news/science/2021-11-30/online-bullying-trolling-identity-verification-legislation/100658084", "date_published": "2021-11-29 07:33:20+00:00", "persistent": true, "user": "rumpel", "language": "en-AU", "tags": ["privacy", "government control", "anonymity", "big tech"]}]