[{"source": "https://www.youtube.com/feeds/videos.xml?channel_id=UCTTZqMWBvLsUYqYwKTdjvkw", "title": "Co kupi\u0107 na \u015bwi\u0119ta gad\u017ceciarzom?", "description": "Po filmie w kt\u00f3rym opisywa\u0142em jak wygl\u0105da moje stanowisko pracy, w komentarzach posypa\u0142o si\u0119 sporo pyta\u0144 o przedmioty kt\u00f3re opisywa\u0142em. Postanowi\u0142em zebra\u0107 to w ca\u0142o\u015b\u0107 oraz dorzuci\u0107 kilka innych rzeczy. Powsta\u0142a lista \"co kupi\u0107 na \u015bwi\u0119ta?\", czy pod choink\u0119 \ud83c\udf84 dla takiego nerda jak ja i mi podobnych. \ud83e\udd13\n\nPoni\u017cej wklejam linki do przedmiot\u00f3w o kt\u00f3rych opowiadam w dw\u00f3ch formach - afiliacyjnej\ud83d\udcb8 i nie-afiliacyjnej\ud83c\udfe6. Je\u015bli chcesz mnie wesprze\u0107 robi\u0105c zakupy, wybierz link afiliacyjny. Je\u015bli nie masz na to ochoty wybierz ten bez afiliacji. Z g\u00f3ry dzi\u0119kuj\u0119 Wam za wsparcie. \u2764\ufe0f\n\nRozdzia\u0142y:\n0:00 Intro\n0:47 Pi\u0142ka do masa\u017cu/rolowania\n1:20 Kable magnetyczne Baseus\n2:00 Hamak na szyj\u0119\n2:35 Klucz sprz\u0119towy YubiCo\n4:09 Lampka Xiaomi Mi LED Desk Lamp\n4:47 Kostka Timeular\n5:20 Raspberry Pi 4B\n6:11 Podsumowanie\n\n8:32 Podzi\u0119kowania \u2764\ufe0f\n\nLinki:\n\ud83c\udfbe Pi\u0142ka do masa\u017cu/rollowania\n\ud83d\udcb8  Link afiliacyjny: \nhttps://allegro.pl/oferta/4fizjo-roller-pilka-do-masazu-lacrosse-masazer-6692364641?utm_medium=afiliacja&utm_source=ctr&utm_campaign=e75d9cb2-1a95-4411-98a4-ee8b1371e1a4\n\ud83c\udfe6 Link bez afiliacji: https://bit.ly/316MjsJ\n\n\ud83d\udd0c Kabel Baseus z magnetycznymi ko\u0144c\u00f3wkami a\u2019la Magsafe USB-C/Lightning\n\ud83d\udcb8  Link afiliacyjny: \nhttps://allegro.pl/oferta/baseus-magnetyczny-kabel-lightning-type-c-usb-c-10586650800?utm_medium=afiliacja&utm_source=ctr&utm_campaign=8abc16f6-1ce1-4d57-be67-435da22e0397\n\ud83c\udfe6 Link bez afiliacji: https://bit.ly/3xuRw9D\n\n\ud83d\udecf\ufe0f Hamak na szyj\u0119\n\ud83d\udcb8  Link afiliacyjny: \nhttps://allegro.pl/oferta/hamak-do-masazu-glowy-i-szyi-11212062015?utm_medium=afiliacja&utm_source=ctr&utm_campaign=7a321f00-466c-4802-83d0-e81d3c3ad9e7\n\ud83c\udfe6 Link bez afiliacji: https://bit.ly/3peBBIS\n\n\ud83d\udd10 Klucze sprz\u0119towe Yubico YubiKey\n\ud83c\udfe6 Link bez afiliacji. Serio takie rzeczy tylko od producenta: https://bit.ly/3G0N9WV\n\n\ud83d\udca1Lampka Mi LED Desk Lamp 1S MJTD01SYL\n\ud83d\udcb8  Link afiliacyjny: \nhttps://allegro.pl/oferta/lampka-biurkowa-xiaomi-mi-led-desk-lamp-1s-8928159787?utm_medium=afiliacja&utm_source=ctr&utm_campaign=02493338-ff6c-47d2-8b0c-4110d7928c34\n\ud83c\udfe6 Link bez afiliacji: https://bit.ly/32wnnLu\n\n\ud83c\udfb2 Kostka timeular \n\ud83d\udcb8  Link afiliacyjny: \nhttps://timeular.com/ref/mateuszchrobok/ \n\ud83c\udfe6 Link bez afiliacji: https://timeular.com\n\n\ud83e\udd16 Raspberry Pi 4B z 8GB RAM\n\ud83c\udfe6 Link bez afiliacji: https://botland.store/1020-raspberry-pi-4b-modules-and-kits\n\n\ud83c\udfc3Bie\u017cnia Xiaomi Walkingpad R1 PRO\n\ud83d\udcb8  Link afiliacyjny: \nhttps://allegro.pl/oferta/bieznia-elektryczna-xiaomi-walking-pad-r1-pro-10002118790?utm_medium=afiliacja&utm_source=ctr&utm_campaign=28932e07-941a-4298-9721-4b0188e20196\n\ud83c\udfe6 Link bez afiliacji: https://bit.ly/3CWycD3\n\n\ud83d\udddc\ufe0fStela\u017c do biurka Ergosolid SR21B\n\ud83d\udcb8  Link afiliacyjny: \nhttps://allegro.pl/oferta/stelaz-biurka-z-elektryczna-regulacja-wysokosci-8896646986?utm_medium=afiliacja&utm_source=ctr&utm_campaign=e4981ff8-aeed-45a2-9841-d42bf88add91\n\ud83c\udfe6 Link bez afiliacji: https://bit.ly/319rTiD\n\n\ud83c\udf85\ud83c\udffb Jednak prezentem o kt\u00f3ry pytacie najcz\u0119\u015bciej w komentarzach jest czapka z filmu. Swoj\u0105 kupi\u0142em w Action (to nie jest reklama) ale je\u015bli nie chcecie marzn\u0105\u0107 w drodze do sklepu, znalaz\u0142em j\u0105 te\u017c w internecie.\n\ud83d\udcb8  Link afiliacyjny: \nhttps://allegro.pl/oferta/czapka-mikolaja-tanczaca-grajaca-swieta-prezent-11364939324?utm_medium=afiliacja&utm_source=ctr&utm_campaign=525eaec5-746e-46e9-a660-c6c1f1296949\n\ud83c\udfe6 Link bez afiliacji: https://bit.ly/3D9QroX\n\n****** Nie bior\u0119 odpowiedzialno\u015bci za u\u017cywanie zalinkowanych produkt\u00f3w. ****** \n\n\u00a9 Wszystkie znaki handlowe nale\u017c\u0105 do ich prawowitych w\u0142a\u015bcicieli.\n\nDzi\u0119kuj\u0119 za Wasz\u0105 uwag\u0119. \u2764\ufe0f\n\nZnajdziecie mnie r\u00f3wnie\u017c na;\nInstagramie @mateuszemsi https://www.instagram.com/mateuszemsi/\nTwitterze @MateuszChrobok https://twitter.com/MateuszChrobok\nLinkedInie @mateuszchrobok https://www.linkedin.com/in/mateuszchrobok/\nPodcasty na Anchor https://anchor.fm/mateusz-chrobok\nPodcasty na Spotify https://open.spotify.com/show/6y6oWs20HwRejktOWHTteR\nPodcast na  Apple Podcasts https://podcasts.apple.com/us/podcast/mateusz-chrobok-bezpiecze%C5%84stwo-startupy-i-sztuczna-inteligencja/id1617335932 \nPatronite @MateuszChrobok https://patronite.pl/MateuszChrobok", "link": "https://www.youtube.com/watch?v=c3woiGgST3E", "date_published": "2021-11-29 00:00:00+00:00", "persistent": false, "user": null, "language": "en-US"}]