[{"source": "https://www.youtube.com/feeds/videos.xml?channel_id=UCsXVk37bltHxD1rDPwtNM8Q", "title": "Is Meat Really that Bad?", "description": "Getting something from the kurzgesagt shop is the best way to support us and to keep our videos free for everyone. \n\u25ba\u25ba https://kgs.link/shop-154\n(Worldwide Shipping Available)\n\n\nSources & further reading:\nhttps://sites.google.com/view/sources-climate-meat/\n\nFood is arguably the best thing about being alive. No other bodily pleasure is enjoyed multiple times every day and never gets old. It is an expression of culture, our parents' love and a means of celebration or comfort. That\u2019s why it hits a special nerve when we are told we should change what and how we eat to fight rapid climate change. One of the most delicious foods, meat, gets the worst press. It doesn\u2019t help that the topic is really hard to properly research yourself and debates get emotional quickly. But clearly science can give us an answer! \n\nThe reality is, well, it\u2019s complicated. Let\u2019s take a look at three climate arguments against meat that are used a lot and see what happens.\n\n\nOUR CHANNELS\n\u2580\u2580\u2580\u2580\u2580\u2580\u2580\u2580\u2580\u2580\u2580\u2580\u2580\u2580\u2580\u2580\u2580\u2580\u2580\u2580\u2580\u2580\u2580\u2580\u2580\u2580\nGerman Channel: https://kgs.link/youtubeDE \nSpanish Channel: https://kgs.link/youtubeES \n\n\nHOW CAN YOU SUPPORT US?\n\u2580\u2580\u2580\u2580\u2580\u2580\u2580\u2580\u2580\u2580\u2580\u2580\u2580\u2580\u2580\u2580\u2580\u2580\u2580\u2580\u2580\u2580\u2580\u2580\u2580\u2580\nThis is how we make our living and it would be a pleasure if you support us!\n\nGet Merch designed with \u2764 https://kgs.link/shop-154  \nJoin the Patreon Bird Army \ud83d\udc27  https://kgs.link/patreon  \n\n\nDISCUSSIONS & SOCIAL MEDIA\n\u2580\u2580\u2580\u2580\u2580\u2580\u2580\u2580\u2580\u2580\u2580\u2580\u2580\u2580\u2580\u2580\u2580\u2580\u2580\u2580\u2580\u2580\u2580\u2580\u2580\u2580\nReddit:            https://kgs.link/reddit\nInstagram:     https://kgs.link/instagram\nTwitter:           https://kgs.link/twitter\nFacebook:      https://kgs.link/facebook\nDiscord:          https://kgs.link/discord\nNewsletter:    https://kgs.link/newsletter\n\n\nOUR VOICE\n\u2580\u2580\u2580\u2580\u2580\u2580\u2580\u2580\u2580\u2580\u2580\u2580\u2580\u2580\u2580\u2580\u2580\u2580\u2580\u2580\u2580\u2580\u2580\u2580\u2580\u2580\nThe Kurzgesagt voice is from \nSteve Taylor:  https://kgs.link/youtube-voice\n\n\nOUR MUSIC \u266c\u266a\n\u2580\u2580\u2580\u2580\u2580\u2580\u2580\u2580\u2580\u2580\u2580\u2580\u2580\u2580\u2580\u2580\u2580\u2580\u2580\u2580\u2580\u2580\u2580\u2580\u2580\u2580\n700+ minutes of Kurzgesagt Soundtracks by Epic Mountain:\n\nSpotify:            https://kgs.link/music-spotify\nSoundcloud:   https://kgs.link/music-soundcloud\nBandcamp:     https://kgs.link/music-bandcamp\nYoutube:          https://kgs.link/music-youtube\nFacebook:       https://kgs.link/music-facebook\n\nThe Soundtrack of this video:\nSoundcloud: https://bit.ly/3CZ7Bpb\nBandcamp: https://bit.ly/318Zt8b\n\nIf you want to help us caption this video, please send subtitles to subtitle@kurzgesagt.org\nYou can find info on what subtitle files work on YouTube here:\nhttps://support.google.com/youtube/answer/2734698?hl=en-GB&ref_topic=7296214\nThank you!\n\n\ud83d\udc26\ud83d\udc27\ud83d\udc24 PATREON BIRD ARMY \ud83d\udc24\ud83d\udc27\ud83d\udc26\n\u2580\u2580\u2580\u2580\u2580\u2580\u2580\u2580\u2580\u2580\u2580\u2580\u2580\u2580\u2580\u2580\u2580\u2580\u2580\u2580\u2580\u2580\u2580\u2580\u2580\u2580\nMany Thanks to our wonderful Patreons (from http://kgs.link/patreon) who support us every month and made this video possible:\nLockhart Easton, Andrew Morgan, Denisa, Hulki Haluk Gulerman, Meg, sallysue, Gregory Paxton, Felipe, Fixitfast, Dan Breakiron, Milan Benko, Jennifer Chasse, Edward Shand, Fishy Muffinz, Jim Szymanski, Day, Alex Dumitrescu, Denyse Hannon, Leonardo Molina, Beto Cols, Diana, ThePhilCraft, Simon LE GRIFFON, Rudy Yazdi, Sergiy Payu, Crystal Hoon, Spenser Boyd, Fateme Vojdani, Claude Fang, John, Max Harlynking, B Ilieva, \u0412\u0430\u043b\u0435\u043d\u0442\u0438\u043d \u041a\u0430\u043d\u0443\u043d\u043d\u0438\u043a\u043e\u0432, Gamejunkey, Leo Banks, bogdan mhl, Brocalyps, Anh\u00e4nger der Pestilenz, Micael Batista, Leon Hirt, Damian Edison, Cameron Butler, Tomasz Wiszkowski, Serotonin_, Baran Turan, Juan Emilio Cuevas Cuevas, David, Mitchel Arene, Atoxiv, Rik Lamers, DELTA_Illusion, Lolophi Lophi, Eliot Rauk, Marc Raftesath, Brayden Lee, Andrew Jordan, Cho Cho, Joshua S, Riley, Jeremy Soller, Alex Wasserman, VuzDoctor", "link": "https://www.youtube.com/watch?v=F1Hq8eVOMHs", "date_published": "2021-11-30 00:00:00+00:00", "persistent": false, "user": null, "language": "en-US"}]