[{"source": "https://www.youtube.com/feeds/videos.xml?channel_id=UC-2JUs_G21BrJ0efehwGkUw", "title": "Crazy Little Thing Called Love | Queen | funk cover ft. Casey Abrams", "description": "1 DAY LEFT to reserve your limited edition \"Scary Goldings IV\" vinyl! Join our Vinyl Club tier on Patreon: http://patreon.com/scarypockets\n\nStore/Tour Tickets: https://www.scarypocketsfunk.com\nListen on Spotify: http://modal.scarypocketsfunk.com/spotify\n\nTip Jar: http://modal.scarypocketsfunk.com/tips\nInstagram: http://modal.scarypocketsfunk.com/instagram\nFacebook: http://modal.scarypocketsfunk.com/facebook\nDiscord: http://modal.scarypocketsfunk.com/discord\nSubscribe: http://modal.scarypocketsfunk.com/subscribe\n\nA funk cover of Queen's \"Crazy Little Thing Called Love\" by Scary Pockets & Casey Abrams.\n\nMUSICIAN CREDITS\nLead vocal: Casey Abrams\nDrums: Darren King\nBass: Joe Ayoub\nKeys: Jack Conte\nGuitar: Ryan Lerman\n\nAUDIO CREDITS\nRecording Engineer: Caleb Parker\nMixing/Mastering: Caleb Parker\n\nVIDEO CREDITS\nDP: Alejandro Echevarria\nEditor: Adam Kritzberg\n\nRecorded Live at Sunset Sound in Los Angeles, CA.\n\n#ScaryPockets #Funk #Queen #CrazyLittleThingCalledLove #CaseyAbrams", "link": "https://www.youtube.com/watch?v=lCnZCGl9qjw", "date_published": "2021-11-29 00:00:00+00:00", "persistent": false, "user": null, "language": "en-US"}]