[{"source": "https://www.youtube.com/feeds/videos.xml?channel_id=UCNu7GSRF7Y10OIWHQHpAx1g", "title": "Ostatnie dni w Nikaragui i wylot na Kub\u0119", "description": "Zrzutka dla zwierz\u0105t z Filipin: https://zrzutka.pl/pomocnalapka2\n\nSklep: bezplanu.com\n\nKarelinne: https://www.instagram.com/kxrelinne/?hl=en\nCash: @vlogcasha \n\nWszystkie odcinki chronologicznie: http://bit.ly/2MqAO7Q\n(mo\u017cna te\u017c klika\u0107 w kart\u0119 \"Nast\u0119pny odcinek\" pojawiaj\u0105c\u0105 si\u0119 pod koniec ka\u017cdego filmu po prawej stronie u g\u00f3ry)\n\nBezPlanu Daily: https://www.youtube.com/channel/UCHXOfJP9fwMNXWGFKstju_w\n\nWsparcie na Patronite: http://bit.ly/2KsFTZk \n\nInstagram: http://instagram.com/bezplanu_czukesky \nFacebook: https://www.facebook.com/BezPlanu.tv\n\nCzas akcji: listopad 2021r.", "link": "https://www.youtube.com/watch?v=OGI_MJhJdwA", "date_published": "2021-11-29 00:00:00+00:00", "persistent": false, "user": null, "language": "en-US"}]