[{"source": "https://www.youtube.com/feeds/videos.xml?channel_id=UCSiPjfAJBgbFlIUsxOWpK0w", "title": "LAST CHANCE!!! Only a few boxes left...", "description": "It\u2019s Giving Tuesday, and we\u2019re almost out of Pompla-MOOSE ornaments! Go to https://pomplamoose.com to support Save the Children, and we\u2019ll send you a Holiday Box with one adorable moose ornament and two albums!", "link": "https://www.youtube.com/watch?v=VjQMk-orXps", "date_published": "2021-11-30 00:00:00+00:00", "persistent": false, "user": null, "language": "en-US"}]