[{"source": "https://www.youtube.com/feeds/videos.xml?channel_id=UCyl5V3-J_Bsy3x-EBCJwepg", "title": "Comedian Explains the Challenges of Christian Entertainment | A Bee Interview with Thor Ramsey", "description": "On The Babylon Bee Interview Show, Christian comedian, Thor Ramsey, talks to Kyle and Ethan about becoming a Christian stand-up comedian, making the Church People Movie, and doing a political comedy show. Thor Ramsey recently wrote the book, The Most Encouraging Book on Hell Ever, where he tackles the question by probing deeper. Thor starred in Church People, as a Pastor trying to find his passion again inside the mega church marketing machine. The political climate has motivated Thor to start a new web series, The Protest Show.\n\nThis episode is brought to you by Faithful Counseling. Go to http://betterhelp.com/babylonbee for 10% off!\n\nBecome a premium subscriber:  https://babylonbee.com/plans\n\nThe Official The Babylon Bee Store:  https://shop.babylonbee.com/\n\nFollow The Babylon Bee:\nWebsite: https://babylonbee.com/\nTwitter: https://twitter.com/thebabylonbee\nFacebook: https://www.facebook.com/TheBabylonBee\nInstagram: http://instagram.com/thebabylonbee", "link": "https://www.youtube.com/watch?v=p4vqQrQ14p8", "date_published": "2021-11-30 00:00:00+00:00", "persistent": false, "user": null, "language": "en-US"}, {"source": "https://www.youtube.com/feeds/videos.xml?channel_id=UCyl5V3-J_Bsy3x-EBCJwepg", "title": "Strange But True Bible Facts", "description": "Want to win Youth Group Bible Trivia Night? Then watch this video for some truly strange facts.\n\nBecome a premium subscriber:  https://babylonbee.com/plans\n\nThe Official The Babylon Bee Store:  https://shop.babylonbee.com/\n\nFollow The Babylon Bee:\nWebsite: https://babylonbee.com/\nTwitter: https://twitter.com/thebabylonbee\nFacebook: https://www.facebook.com/TheBabylonBee\nInstagram: http://instagram.com/thebabylonbee", "link": "https://www.youtube.com/watch?v=dUmou6GBToA", "date_published": "2021-11-29 00:00:00+00:00", "persistent": false, "user": null, "language": "en-US"}]