[{"source": "https://www.youtube.com/feeds/videos.xml?channel_id=UCyl5V3-J_Bsy3x-EBCJwepg", "title": "The Babylon Bee Apologizes For Offensive Article About AOC", "description": "Any comedy writer has to be willing to admit when he took things too far, and we at The Babylon Bee are no exception. We are formally clarifying and apologizing for this offensive Alexandria Ocasio-Cortez article, which many people took the wrong way. We will do better.", "link": "https://www.youtube.com/watch?v=kvYLBuyGn6s", "date_published": "2021-02-06 00:00:00+00:00", "persistent": false, "user": null, "language": "en-US"}, {"source": "https://www.youtube.com/feeds/videos.xml?channel_id=UCyl5V3-J_Bsy3x-EBCJwepg", "title": "The Bee Reads LOTR Episode 6: A Conspiracy and an Old Forest", "description": "Kyle, Dan, and Jonathan Watson, of TheOneRing.Com, guide you to Crickhollow, where Samwise Gamgee\u2019s conspiracy is unmasked, and then on to a spooky ancient forest that tries to kill the hobbits. Then, as Kyle puts it, a \u201ccracked out hobo\u201d comes to rescue them. It\u2019s two chapters this week on The Babylon Bee Reads The Lord of the Rings!", "link": "https://www.youtube.com/watch?v=6p46WtAHCys", "date_published": "2021-02-06 00:00:00+00:00", "persistent": false, "user": null, "language": "en-US"}]