[{"source": "https://www.youtube.com/feeds/videos.xml?channel_id=UCswH8ovgUp5Bdg-0_JTYFNw", "title": "Anxiety In The Pandemic - Why You\u2019re TOLD It\u2019s Your Fault", "description": "Elites are taking over! Our only hope is to form our own. To learn more join my cartel here https://www.russellbrand.com/join/  and get weekly bulletins too incendiary for anything but your private inbox.\n*not a euphemism\n\nRates of anxiety and depression have soared during the pandemic, but what's contributing to this and is it part of a much bigger problem? \n\nSome organisations to contact if you need support: \nUK: \nhttps://www.themix.org.uk\nhttps://www.mind.org.uk\nUS: \nhttps://www.nami.org/Home\nhttps://unitedgmh.org/mental-health-support\n\nSubscribe to my channel here: http://tinyurl.com/opragcg\n(make sure to hit the BELL icon to be notified of new videos!)\n\nMy Audible Original, \u2018Revelation', is released on 25 March\nUS: http://adbl.co/revelation\nUK: http://adbl.co/revelationuk\nAU: http://adbl.co/revelationau\nCA: http://adbl.co/revelationca\n\nListen to my Under The Skin podcast here: \nhttp://luminary.link/russell\n\nGet my book \"Recovery\" here: https://amzn.to/2R7c810\nGet my book \"Mentors\" here (and as an audiobook!): https://amzn.to/2t0Zu9U\n\nInstagram: http://instagram.com/russellbrand/\nTwitter: http://twitter.com/rustyrockets\n\nProduced by Gareth Roy", "link": "https://www.youtube.com/watch?v=eGS_QI_dN1k", "date_published": "2021-02-07 00:00:00+00:00", "persistent": false, "user": null, "language": "en-US"}]