[{"source": "https://www.youtube.com/feeds/videos.xml?channel_id=UCW0gH2G-cMKAEjEkI4YhnPA", "title": "Morgoth: Battles for Beleriand | Tolkien Explained", "description": "In part two, the vala Melkor as he seeks to conquer Middle-earth!  We will track from his early moves against the elves through the Nirnaeth Arnoediad - The Battle of Unnumbered Tears.  Along the way, Morgoth creates the dragons, faces the High King Fingolfin in single combat, and has a theft for the Silmarils by Beren and Luthien.  In Part 3, we will cover his conquest, the War of Wrath, and his downfall.\n\nHit subscribe - and the bell - so you never miss a video from Nerd of the Rings!  \n\nNerd of the Rings on PATREON: https://www.patreon.com/NerdoftheRings\n\n-------------- \nAll content falls under fair use: any copying of copyrighted material done for a limited and \u201ctransformative\u201d purpose, such as to comment upon, criticize, or parody a copyrighted work. Such uses can be done without permission from the copyright owner. \n\nThe Killing of the Trees - John Howe\nThe Throne of Morgoth - Daniel Pilla\nMorgoth - Dymond Starr Austin\nThe Oath of Feanor - Jenny Dolfen\nAlqualonde - Ted Nasmith\nFeanor's Last Stand - Jenny Dolfen\nDeath of Feanor - Jenny Dolfen\nMedhros - Bella Burgolts\nHumiliation - Jenny Dolfen\nMelkor - Thomas Rouillard\nMaedhros - A Song of Valinor - Teradiam\nThe Coming of Fingolfin - Jenny Dolfen\nFingon to the Rescue - Kurai Geijutsu\nThere Will Be Blood - Jenny Dolfen\nGondolin - Alan Lee\nThe Siege of Angband - John Howe\nMelkor - Fox In Shadow\nThen Fingon Rose Against Him - Jenny Dolfen\nThe Coming of Glaurung - Alan Lee\nThe Oath of Finrod and Barahir - Anke Eissman\nThe Oath of Felagund - Antti Autio\nFingolfin Rides to Angband - Kenneth Sofia\nFingolfin Challenges Morgoth at the Gates of Angband - Pete Amachree\nFingolfin's Wrath - Ted Nasmith\nThe High King and the Dark Lord - Rinthcog\nThe Gates of Angband - CK Goksoy\nMorgoth - Kenneth Sofia\nMorgoth and Fingolfin - JM Kilpatrick\nMorgoth and Fingolfin - Helge C Balzer\nFingolfin and Morgoth - Fancisco Ramirez\nFingolfin - Michael Howe\nMelkor - Mehmet Yilmazturk\nAngband Unleashed - Spartank42\nSpirit of Fire - CK Goksoy\nFingolfin's Challenge - John Howe\nDeath of Fingolfin - Abe Papkin\nMorgoth and the High King of the Noldor - Ted Nasmith\nThe Death of Fingolfin - MySilverGreen\nMelkor and Fingolfin - Vihola\nGwaihir - WETA\nThe Great Eagles over Gondolin - Ted Nasmith\nTurgon at Fingolfin's Cairn - Ted Nasmith\nBeren and Luthien in Menegroth - Donato Giancola\nLuthien in the Court of Morgoth - Pete Amachree\nBeren with Silmaril - Anke Eissman\nLalaith - Ted Nasmith\nSilmarillion - Fumeres Art\nAngband - Samice\nAzaghal - Alexis Facque\nAzaghal and Glaurung - Artigas\nBalrog - Sander Agelink\nAure Entuluva - Jenny Dolfen\nGondolin - Ted Nasmith\nHurin - Steamey\nHill of the Slain - Ted Nasmith\nHurin in His Chair - Alan Lee\nMelkor - Thomas Rouillard\nTurin and Glaurung - Quentin Champion\n\n#tolkien #morgoth #silmarillion", "link": "https://www.youtube.com/watch?v=pfzxItidGms", "date_published": "2021-02-06 00:00:00+00:00", "persistent": false, "user": null, "language": "en-US"}]