[{"source": "https://moxie.foxnews.com/google-publisher/latest.xml", "title": "Memorial Day: 6 American heroes who gave their lives fighting for freedom", "description": "For Memorial Day, find time to honor these six Americans, and the many others, who sacrificed their lives so the United States could stay a free country.", "link": "https://www.foxnews.com/us/memorial-day-americans-gave-their-lives-fighting-for-freedom", "date_published": "2021-05-31 07:39:22+00:00", "persistent": false, "user": null, "language": "en-US"}]