[{"source": "https://www.youtube.com/feeds/videos.xml?channel_id=UClOGLGPOqlAiLmOvXW5lKbw", "title": "Necromunda: Hired Gun Review", "description": "Streum-On has returned after Space Hulk Deathwing with a new Warhammer 40K FPS. Is it EYE Divine Cybermancy 2? Not exactly, but it's the janky fun you would expect.\nSupport the channel at: https://www.patreon.com/mandaloregaming or https://www.paypal.me/mandaloregaming\nI take video suggestions at mandaloremovies@gmail.com\nTwitter: https://twitter.com/Lord_Mandalore\n00:00 - Intro\n00:37 - State of the Launch\n02:40 - Visuals\n04:51 - Music & Sound Design\n07:05 - Gameplay Mechanics\n14:53 - Conclusions\n15:34 - Credits\n16:41 - Brother I Am Pinned Here\n#Necromunda #NecromundaHiredGun #NecromundaReview #NecromundaHiredGunReview #NecromundaPC #NecromundaGame #Warhammer #Warhammer40K #Warhammer40KFPS", "link": "https://www.youtube.com/watch?v=mOt6Nl1K5xU", "date_published": "2021-05-31 00:00:00+00:00", "persistent": false, "user": null, "language": "en-US"}]