[{"source": "https://www.youtube.com/feeds/videos.xml?channel_id=UCswH8ovgUp5Bdg-0_JTYFNw", "title": "Covid Vaccine Sex Bribe: how bad do you want it?", "description": "The US and potentially UK governments are partnering with popular dating apps such as Tinder to encourage young people to get vaccinated - is this another example of the alliance between government and Big Tech? \n#Covid #Vaccine #BigTech #DatingApps\n\nElites are taking over! Our only hope is to form our own. To learn more join my cartel here https://www.russellbrand.com/join and get weekly bulletins too incendiary for anything but your private inbox.\n*not a euphemism\n\nListen to my Luminary Original podcast, Under The Skin, to hear from guests including Edward Snowden, Jonathan Haidt, Jordan Peterson, Naomi Klein, Kehinde Andrews, Adam Curtis and Vandana Shiva.\nSubscribe to Luminary at http://luminary.link/russell\n\nMy NEW weekly meditation podcast, Above the Noise, is available now only on Luminary.\n\nMy Audible Original, \u2018Revelation', is out NOW!\nUS: \nhttp://adbl.co/revelation\nUK: \nhttp://adbl.co/revelationuk\nAU: \nhttp://adbl.co/revelationau\nCA: \nhttp://adbl.co/revelationca\n\nFor meditation and breath work, subscribe to my side-channel: \nhttps://www.youtube.com/c/AwakeningWithRussell\n\nInstagram: \nhttp://instagram.com/russellbrand/\n\nTwitter: \nhttp://twitter.com/rustyrockets\n\nProduced by Gareth Roy", "link": "https://www.youtube.com/watch?v=JQ2Ezs67YXk", "date_published": "2021-05-31 00:00:00+00:00", "persistent": false, "user": null, "language": "en-US"}]