[{"source": "https://www.youtube.com/feeds/videos.xml?channel_id=UC-2YHgc363EdcusLIBbgxzg", "title": "The Woman Who Recorded Everything | Answers With Joe", "description": "Use code JOESCOTT12 to get up to 12 free meals, including shipping at https://bit.ly/3tXML4Q\nMarion Stokes was an eccentric Philadelphia native who obsessively recorded multiple TV channels on VHS tapes for 35 years. Her archive of over 40,000 tapes have become a priceless document of a pivotal period of American history - and may help us to better understand the world today.\n\n\nWant to support the channel? Here's how:\n\nPatreon: http://www.patreon.com/answerswithjoe\nChannel Memberships: https://www.youtube.com/channel/UC-2YHgc363EdcusLIBbgxzg/join\nT-Shirts & Merch: http://www.answerswithjoe.com/store\n\nJoin me on the Our Ludicrous Future Podcast:\nhttps://www.youtube.com/channel/UCvUf_yOU_swE6PtOuv2yBqg\n\nInterested in getting a Tesla? Use my referral link and get discounts and perks:\nhttps://ts.la/joe74700\n\nFollow me at all my places!\nInstagram: https://instagram.com/answerswithjoe\nSnapchat: https://www.snapchat.com/add/answerswithjoe\nFacebook: http://www.facebook.com/answerswithjoe\nTwitter: https://www.twitter.com/answerswithjoe", "link": "https://www.youtube.com/watch?v=sgVdZDFGqcs", "date_published": "2021-05-31 00:00:00+00:00", "persistent": false, "user": null, "language": "en-US"}]