[{"source": "https://www.youtube.com/feeds/videos.xml?channel_id=UCwSv086EAByBY-Z7y-QR_cQ", "title": "Brad Smith: Rok 1984 mo\u017ce nadej\u015b\u0107 ju\u017c w 2024 r.", "description": "\ud83d\udcfa Zapraszam do ogl\u0105dania\n\n\u2b07\ufe0fRozwi\u0144 opis\u2b07\ufe0f\n------------------------------------------------------------\n\ud83d\udc40 Uszi po godzinach: https://goo.gl/cdCFKe\n\ud83d\udc40 Hello World_: http://bit.ly/31BEhnv\n------------------------------------------------------------\n\u2709\ufe0f Ludzie listy pisz\u0105 \n\ud83d\udd8a\ufe0f uszi@protonmail.com\n------------------------------------------------------------\n\ud83d\udc7a niecenzuralne i agresywne komentarze zostan\u0105 usuni\u0119te.  Jak ju\u017c musisz zakl\u0105\u0107 dawaj znaki (&*%@%).\n------------------------------------------------------------\n\ud83d\udcb2 Donate/ Darowizna\nPLN / SMS / Blik: http://bit.ly/3bsXtJj\nBTC: 174EmE88YFtvs6fuM8ZL5yYbik8hcaY6ud\n-------------------------------------------------------------\n\u2705\u017ar\u00f3d\u0142a:\n1. https://bbc.in/3fYwQyl\n2. https://bit.ly/3i8T17D\n3. https://bit.ly/3wPGFoY\n---------------------------------------------------------------\n\ud83d\uddbcGrafika - wykorzystano elementy ze stron: \nmicrosoft.com - https://bit.ly/34DzFQ0\n---------------------------------------------------------------\n\ud83d\udca1 Tagi: #microsoft #1984 #AI\n--------------------------------------------------------------", "link": "https://www.youtube.com/watch?v=lI6NeJp3-xs", "date_published": "2021-06-01 00:00:00+00:00", "persistent": false, "user": null, "language": "en-US"}, {"source": "https://www.youtube.com/feeds/videos.xml?channel_id=UCwSv086EAByBY-Z7y-QR_cQ", "title": "Austriacki polityk apeluje o wi\u0119ksz\u0105 kontrol\u0119 jako\u015bciow\u0105 test\u00f3w PCR i maseczek z Chin! Analiza", "description": "\ud83d\udcfa Zapraszam do ogl\u0105dania\n\n\u2b07\ufe0fRozwi\u0144 opis\u2b07\ufe0f\n------------------------------------------------------------\n\ud83d\udc40 Uszi po godzinach: https://goo.gl/cdCFKe\n\ud83d\udc40 Hello World_: http://bit.ly/31BEhnv\n------------------------------------------------------------\n\u2709\ufe0f Ludzie listy pisz\u0105 \n\ud83d\udd8a\ufe0f uszi@protonmail.com\n------------------------------------------------------------\n\ud83d\udc7a niecenzuralne i agresywne komentarze zostan\u0105 usuni\u0119te.  Jak ju\u017c musisz zakl\u0105\u0107 dawaj znaki (&*%@%).\n------------------------------------------------------------\n\ud83d\udcb2 Donate/ Darowizna\nPLN / SMS / Blik: http://bit.ly/3bsXtJj\nBTC: 174EmE88YFtvs6fuM8ZL5yYbik8hcaY6ud\n-------------------------------------------------------------\n\u2705\u017ar\u00f3d\u0142a:\n1. https://bit.ly/3fRC7aU\n2. https://bit.ly/3i5P3wp\n3. https://bit.ly/3yLwqUJ\n4. https://bit.ly/3yT4XAc\n5. https://bit.ly/2Tq9n1f\n6. https://bit.ly/3p3PoBs\n---------------------------------------------------------------\n\ud83d\uddbcGrafika - wykorzystano elementy ze stron: \nyoutube.com / \u00d6sterreich zuerst\nhttps://bit.ly/2Tq9n1f\n---------------------------------------------------------------\n\ud83d\udca1 Tagi: #testyPCR #covid19\n--------------------------------------------------------------", "link": "https://www.youtube.com/watch?v=2-WGva5E_BY", "date_published": "2021-05-31 00:00:00+00:00", "persistent": false, "user": null, "language": "en-US"}]