[{"source": "https://www.youtube.com/feeds/videos.xml?channel_id=UC-2YHgc363EdcusLIBbgxzg", "title": "Skinwalker Ranch Is A Grift. There, I Said It. | Answers With Joe", "description": "Get up to 43% off of awesome wall art at https://displate.com/promo/joescott?art=6193a92754b58\nSkinwalker Ranch is touted as one of the most active paranormal hotspots in the world. It's also one of the most lucrative. Let's talk about what's really happening (and not happening) at Skinwalker Ranch.\n\nWatch this video ad-free on Nebula: https://nebula.tv/videos/joe-scott-skinwalker-ranch-is-a-grift-there-i-said-it\n\nWant to support the channel? Here's how:\n\nPatreon: http://www.patreon.com/answerswithjoe\nChannel Memberships: https://www.youtube.com/channel/UC-2YHgc363EdcusLIBbgxzg/join\nT-Shirts & Merch: http://www.answerswithjoe.com/store\n\nCheck out my 2nd channel, Joe Scott TMI:\nhttps://www.youtube.com/channel/UCqi721JsXlf0wq3Z_cNA_Ew\n\nInterested in getting a Tesla or going solar? Use my referral link and get discounts and perks:\nhttps://ts.la/joe74700\n\nFollow me at all my places!\nInstagram: https://instagram.com/answerswithjoe\nTikTok: https://www.tiktok.com/@answerswithjoe\nFacebook: http://www.facebook.com/answerswithjoe\nTwitter: https://www.twitter.com/answerswithjoe\n\nLINKS LINKS LINKS:\nhttps://en.wikipedia.org/wiki/Skinwalker_Ranch\n\nhttps://latitude.to/articles-by-country/us/united-states/7482/skinwalker-ranch\n\nhttps://studylib.net/doc/6968873/article-in-spirit-magazine-terry-sherman-speaks\n\nhttps://trademarks.justia.com/873/36/skinwalker-87336178.html\n\nhttps://www.techbuzz.news/brandon-fugal-and-the-secret-of-skinwalker-ranch-on-the-history-channel/\n\nhttps://www.techbuzz.news/utah-s-brandon-fugal-invests-in-resurrection-of-woolly-mammoth/\n\nhttps://www.utahbusiness.com/why-a-millionaire-real-estate-mogul-bought-skinwalker-ranch/\n\nhttp://www.uintahbasintah.org/localhistory.htm\n\nhttps://www.rollingstone.com/culture/culture-news/whats-killing-the-babies-of-vernal-utah-33666/\n\nhttps://indian.utah.gov/ute-indian-tribe-of-the-uintah-ouray-reservation/\n\nhttp://nativeamericannetroots.net/diary/2183\n\nhttps://www.newmexicoexplorer.com/native-american-skinwalkers/\n\nhttps://historydaily.org/navajo-skinwalkers-legend-cryptid\n\nhttps://www.listennotes.com/podcasts/drinking-the-cool/skinwalker-ranch-60-paranormal-JoqPpVOCYuD/\n\nhttps://rense.com/general32/strange.htm\nhttps://rense.com/general32/utah2.htm\n\nhttps://lasvegassun.com/news/1996/oct/23/nevada-millionaire-buys-ufo-ranch-in-utah/\n\nhttps://www.theufochronicles.com/2020/04/skinwalker-ranch-original-owner-family-member-speaks.html\n\nhttps://web.archive.org/web/20030430042142/http://216.128.67.116:80/pdf/icecirclereport.pdf", "link": "https://www.youtube.com/watch?v=oZEdcyWF6VA", "date_published": "2021-11-22 00:00:00+00:00", "persistent": false, "user": null, "language": "en-US"}]