[{"source": "https://www.youtube.com/feeds/videos.xml?channel_id=UCW0gH2G-cMKAEjEkI4YhnPA", "title": "Why Balrogs Do NOT Have Wings | Tolkien 101", "description": "Do Balrogs have wings? It's a common debate among fans.  Today, I'm launching my new series \"Tolkien 101\" where we answer some of the most common questions - and misconceptions - about Middle-earth.  We look at all the passages involving balrogs for clues in order to answer the great wing debate!\n\nSpecial thanks to our friends who were great resources for this video:\nCorey Olsen - The Tolkien Professor: @SignumUniversity \nAlan Sisto & Shawn Marchese - The Prancing Pony Podcast: https://theprancingponypodcast.com\n\nFrodo and Nazgul in Osgiliath - Anakin Jones\nSaruman - Eric Faure-Brac\nBalrog - Kosken Salmi\nThe Bridge of Khazad-dum - Philipp A Ulrich\nBalrog - Sander Agelink\nSpirit of Fire - CK Goksoy\nGandalf and the Balrog of Moria - K Mendou\nThe Balrog - Matt DeMino\nThe Bridge of Khazad-dum - Anna Kulisz\nGandalf and the Balrog - Anato Finnstark\nEagles of Manwe - Ted Nasmith\nDark Lore of LOTR - Into the Storm - Sebastian Rodriguez\nBalrogs Defending Morgoth from Ungoliant - Jovan Delic\nHurin and the Balrogs - Pete Amachree\nBilbo and the Eagles - Ted Nasmith\nThe Dwarves Delve Too Deep - Ted Nasmith\nThe Bridge of Khazad-dum - Gustavo Pelissari\nGandalf Falls with the Balrog - John Howe\nFlight to the Ford - M Hugo\nThe Fellowship in Hollin - The Brothers Hildebrandt\nGildor, Sam, Pippin, Frodo, and Elves - Steamey\nMoria - Ralph Bakshi\nBalrog - Stephen Najarian\nMorgoth and Fingolfin - Joel Kilpatrick\nThe Winged Dragons - Anato Finnstark\nDragons of the War of Wrath - Anato Finnstark\nGandalf and the Balrog Upon Celebdil - Ted Nasmith\nBalrog vs Glorfindel - Rui Goncalves\nAncalagon and Earendil - Ivana Lekseich\nGlorfindel and the Balrog - Justin Gerard\nThe Vanyar Prepare for Battle - Jenny Dolfen\nMelkor - Thomas Rouillard\nBalrog - Juan Manuel Pelaez Duarte\nGandalf and the Balrog - Evolvana\nFall of Gondolin - CK Goksoy\nEchthelion Fighting Gothmog - Vargasni\nThe Fall of Gondolin - Edvige Faini\nFlight of the Doomed - Ted Nasmith\nGlorfindel and the Balrog - Alan Lee\nGandalf vs Balrog - Minjun Kim\nBalrog - Marco Ferrari\nZirak-zigil - John Howe\nGothmog, Lord of Balrogs - Jovan Delic\nFlame of Udun - Manuel Castanon\nShadow of War Balrog - Wardenlight Studio\nGothmog and Ecthelion - Eric Velhagen\n\nTo learn more about Balrogs and other creatures from Middle-earth, check out:\nThe Lord of the Rings\nThe Silmarillion\nThe Fall of Gondolin\nHistory of Middle-earth Volume 10: Morgoth's Ring\nThe Encyclopedia of Arda\nTolkien Gateway\n\n#balrog #tolkien #lordoftherings", "link": "https://www.youtube.com/watch?v=eXKnO8DO9tU", "date_published": "2021-03-20 00:00:00+00:00", "persistent": false, "user": null, "language": "en-US"}]