[{"source": "http://rss.cnn.com/rss/edition.rss", "title": "The war where women are raped, drugged and held hostage", "description": "", "link": "https://www.cnn.com/collections/ethiopia-genocide/", "date_published": "2021-03-19 23:58:08+00:00", "persistent": false, "user": null, "language": "en-US"}, {"source": "http://rss.cnn.com/rss/edition.rss", "title": "Judge rules Derek Chauvin murder trial will continue and stay in Minneapolis", "description": "A judge in Minneapolis Friday rejected defense motions to postpone and relocate Derek Chauvin's murder trial in the death of George Floyd.", "link": "https://www.cnn.com/2021/03/19/us/derek-chauvin-trial-decisions/index.html", "date_published": "2021-03-19 21:41:22+00:00", "persistent": false, "user": null, "language": "en-US"}, {"source": "http://rss.cnn.com/rss/edition.rss", "title": "Activist: Turkish government isn't supporting women", "description": "CNN's Christiane Amanpour discusses violence against women in Turkey with activist and novelist Elif Shafak.", "link": "https://www.cnn.com/videos/world/2021/03/19/elif-shafak-violence-against-women-turkey-sot-amanpour-vpx.cnn", "date_published": "2021-03-19 21:27:35+00:00", "persistent": false, "user": null, "language": "en-US"}, {"source": "http://rss.cnn.com/rss/edition.rss", "title": "US military says a third of troops opt out of vaccination, but the numbers suggest it's more", "description": "Despite a massive effort by the Pentagon to promote the safety and efficacy of Covid-19 vaccines, the US military's opt-out rate for vaccinations may be far higher than the 33% figure defense officials have used publicly.", "link": "https://www.cnn.com/2021/03/19/politics/us-military-vaccinations/index.html", "date_published": "2021-03-19 21:17:19+00:00", "persistent": false, "user": null, "language": "en-US"}, {"source": "http://rss.cnn.com/rss/edition.rss", "title": "NCAA women's basketball player calls out unequal conditions", "description": "The NCAA is being criticized for the lack of amenities at the 2021 women's basketball tournament compared to men's tournament.", "link": "https://www.cnn.com/videos/us/2021/03/19/ncaa-womens-basketball-tournament-weight-rooms-facilities-unequal-orig-mg.cnn", "date_published": "2021-03-19 20:47:37+00:00", "persistent": false, "user": null, "language": "en-US"}, {"source": "http://rss.cnn.com/rss/edition.rss", "title": "Experts say two barriers stand in the way of reaching herd immunity in the US", "description": "States are pushing ahead with expanding Covid-19 vaccine access and rolling back restrictions on businesses and large gatherings as America seeks a return to normalcy.", "link": "https://www.cnn.com/2021/03/19/health/us-coronavirus-friday/index.html", "date_published": "2021-03-19 20:19:55+00:00", "persistent": false, "user": null, "language": "en-US"}, {"source": "http://rss.cnn.com/rss/edition.rss", "title": "White House staffers asked to resign or work remotely after revealing past marijuana use", "description": "Several White House staffers were asked to resign, were suspended or are working remotely after revealing past marijuana use during their background checks, sources familiar with the situation tell CNN.", "link": "https://www.cnn.com/2021/03/19/politics/biden-white-house-staff-marijuana/index.html", "date_published": "2021-03-19 19:48:21+00:00", "persistent": false, "user": null, "language": "en-US"}, {"source": "http://rss.cnn.com/rss/edition.rss", "title": "14 House Republicans vote against a measure condemning military coup in Myanmar", "description": "The House on Friday overwhelmingly supported a measure condemning the military coup in Myanmar that ousted the country's civilian leader, Aung San Suu Kyi. But some conservative Republicans didn't support the measure, and it's unclear why.", "link": "https://www.cnn.com/2021/03/19/politics/house-republicans-myanmar-coup/index.html", "date_published": "2021-03-19 19:30:18+00:00", "persistent": false, "user": null, "language": "en-US"}, {"source": "http://rss.cnn.com/rss/edition.rss", "title": "CNN reporter: People assume I don't speak English", "description": "CNN's Kyung Lah describes the discrimination she has faced as an Asian American woman in the US in the wake of the shooting in Atlanta that left six Asian women dead.", "link": "https://www.cnn.com/videos/us/2021/03/19/kyung-lah-asian-american-experience-sot-vpx-nr.cnn", "date_published": "2021-03-19 19:23:19+00:00", "persistent": false, "user": null, "language": "en-US"}, {"source": "http://rss.cnn.com/rss/edition.rss", "title": "George W. Bush is unrecognizable in the current Republican Party", "description": "In an interview that aired Thursday with the Texas Tribune's Evan Smith, one thing about George W. Bush was: He is fundamentally at odds with the current version of the Republican Party on virtually every front.", "link": "https://www.cnn.com/2021/03/19/politics/george-w-bush-donald-trump-texas-tribune/index.html", "date_published": "2021-03-19 18:45:37+00:00", "persistent": false, "user": null, "language": "en-US"}, {"source": "http://rss.cnn.com/rss/edition.rss", "title": "US Ambassador to UN calls for dismantling of White supremacy", "description": "US Ambassador to the United Nations Linda Thomas-Greenfield on Friday called for the dismantling of White supremacy and for the world to \"stand unified against this scourge\" of racism.", "link": "https://www.cnn.com/2021/03/19/politics/ambassador-linda-thomas-greenfield-un-speech-racism-white-supremacy/index.html", "date_published": "2021-03-19 18:41:15+00:00", "persistent": false, "user": null, "language": "en-US"}, {"source": "http://rss.cnn.com/rss/edition.rss", "title": "Putin challenged Biden to debate. History shows why that's bad for Putin", "description": "CNN's Brianna Keilar rolls the tape on Russian President Vladimir Putin inviting Joe Biden to a live debate and goes through the history of political candidates challenging one another to debates.", "link": "https://www.cnn.com/videos/politics/2021/03/19/putin-biden-debate-roll-the-tape-nr-keilar-vpx.cnn", "date_published": "2021-03-19 18:33:42+00:00", "persistent": false, "user": null, "language": "en-US"}, {"source": "http://rss.cnn.com/rss/edition.rss", "title": "Rangers boss Steven Gerrard calls for action after his player accuses Slavia Prague opponent of racist abuse", "description": "Rangers manager Steven Gerrard says he hopes the alleged racism directed at his player Glen Kamara during a match on Thursday does not get \"brushed under the carpet.\"", "link": "https://www.cnn.com/2021/03/19/football/rangers-slavia-prague-racism-europa-league-spt-intl/index.html", "date_published": "2021-03-19 18:09:38+00:00", "persistent": false, "user": null, "language": "en-US"}, {"source": "http://rss.cnn.com/rss/edition.rss", "title": "Democrat introduces resolution to expel GOP Rep. Marjorie Taylor Greene", "description": "Democratic Rep. Jimmy Gomez of California formally introduced a resolution Friday to expel Georgia Republican Rep. Marjorie Taylor Greene from Congress, suggesting that she \"advocated violence against our peers, the Speaker and our government.\"", "link": "https://www.cnn.com/2021/03/19/politics/democrat-introduces-resolution-to-expel-gop-rep-marjorie-taylor-greene/index.html", "date_published": "2021-03-19 17:59:36+00:00", "persistent": false, "user": null, "language": "en-US"}, {"source": "http://rss.cnn.com/rss/edition.rss", "title": "SE Cupp: I didn't even know the Republican Party had one of these ...", "description": "CNN Political Commentator SE Cupp looks at some of the political issues elevated by the Republican Party recently and questions who these lawmakers are really representing.", "link": "https://www.cnn.com/videos/opinions/2021/03/19/se-cupp-republican-party-platform-political-strategy-vpx.cnn", "date_published": "2021-03-19 17:56:45+00:00", "persistent": false, "user": null, "language": "en-US"}, {"source": "http://rss.cnn.com/rss/edition.rss", "title": "White House says Biden is '100% fine' after he tripped boarding Air Force One", "description": "President Joe Biden is doing \"100% fine\" after he tripped while walking up the stairs to board Air Force One earlier Friday, White House principal deputy press secretary Karine Jean-Pierre said.", "link": "https://www.cnn.com/2021/03/19/politics/biden-air-force-one-trip/index.html", "date_published": "2021-03-19 17:41:37+00:00", "persistent": false, "user": null, "language": "en-US"}, {"source": "http://rss.cnn.com/rss/edition.rss", "title": "French artist JR unveils a monumental new optical illusion installation in Italy", "description": "Street artist JR, known for the larger-than-life photographic installations that took over Rio de Janerio during the 2016 Olympics, has now unveiled a towering optical illusion in Florence, Italy.", "link": "https://www.cnn.com/style/article/jr-florence-optical-illusion-mural/index.html", "date_published": "2021-03-19 17:27:23+00:00", "persistent": false, "user": null, "language": "en-US"}, {"source": "http://rss.cnn.com/rss/edition.rss", "title": "Sharon Stone says she was misled about explicit interrogation scene in 'Basic Instinct' -- Vanity Fair", "description": "Sharon Stone says she wasn't warned that her genitals would be exposed in the infamous interrogation scene in \"Basic Instinct.\"", "link": "https://www.cnn.com/2021/03/19/entertainment/sharon-stone-basic-instinct-intl-scli/index.html", "date_published": "2021-03-19 17:09:59+00:00", "persistent": false, "user": null, "language": "en-US"}, {"source": "http://rss.cnn.com/rss/edition.rss", "title": "Porn star charged with reckless homicide after toad venom death", "description": "Spanish porn star Nacho Vidal has been charged with reckless homicide after a man died during a ceremony involving toad venom.", "link": "https://www.cnn.com/2021/03/19/europe/spanish-porn-star-toad-venom-death-scli-intl/index.html", "date_published": "2021-03-19 16:33:03+00:00", "persistent": false, "user": null, "language": "en-US"}, {"source": "http://rss.cnn.com/rss/edition.rss", "title": "Hailey Bieber on marrying Justin 'insanely young'", "description": "Hailey Bieber knows getting married when you're in your 20s may not seem like such a good idea to many people, but for her and Justin Bieber, it worked.", "link": "https://www.cnn.com/2021/03/19/entertainment/hailey-bieber-elle-interview/index.html", "date_published": "2021-03-19 16:31:47+00:00", "persistent": false, "user": null, "language": "en-US"}, {"source": "http://rss.cnn.com/rss/edition.rss", "title": "Biden 'proud' of Biinken after tense exchange with Chinese officials", "description": "Alaska dispute between US and Chinese officials is an inauspicious start to a new era of relations", "link": "https://www.cnn.com/collections/us-china-0319-app-intl/", "date_published": "2021-03-19 16:31:21+00:00", "persistent": false, "user": null, "language": "en-US"}, {"source": "http://rss.cnn.com/rss/edition.rss", "title": "Europe has missed its chance to stop the third wave. The US could be next", "description": "", "link": "https://www.cnn.com/collections/intl-global-covid-0319/", "date_published": "2021-03-19 16:31:17+00:00", "persistent": false, "user": null, "language": "en-US"}, {"source": "http://rss.cnn.com/rss/edition.rss", "title": "BioNTech's co-founder: Vaccine protects against UK and South Africa variants", "description": "In an exclusive interview with CNN, BioNTech co-founder and chief medical officer \u00d6zlem T\u00fcreci talks about receiving one of Germany's highest honors, the Order of Merit, and about how her company's coronavirus vaccine is effective against the UK variant and the South African variant.", "link": "https://www.cnn.com/videos/business/2021/03/19/coronavirus-vaccine-biontech-tureci-intv-pleitgen-intl-ldn-vpx.cnn", "date_published": "2021-03-19 16:01:44+00:00", "persistent": false, "user": null, "language": "en-US"}, {"source": "http://rss.cnn.com/rss/edition.rss", "title": "See Michelle Obama and Jimmy Fallon crash Zoom calls", "description": "Michelle Obama and late-night host Jimmy Fallon surprised unsuspecting Zoom callers who thought they were participating in a focus group.", "link": "https://www.cnn.com/videos/media/2021/03/19/michelle-obama-jimmy-fallon-zoom-drop-ins-orig-bdk.cnn", "date_published": "2021-03-19 16:00:13+00:00", "persistent": false, "user": null, "language": "en-US"}, {"source": "http://rss.cnn.com/rss/edition.rss", "title": "Blue Ivy Carter wearing a crown and sipping out of her first Grammy is big energy", "description": "When your mom is Beyonc\u00e9 and your dad is Jay-Z, it's expected that you have to stunt on people at least a little.", "link": "https://www.cnn.com/2021/03/19/entertainment/blue-ivy-grammys/index.html", "date_published": "2021-03-19 15:10:07+00:00", "persistent": false, "user": null, "language": "en-US"}, {"source": "http://rss.cnn.com/rss/edition.rss", "title": "We asked Asian Americans about their experiences with hate. The responses were heartbreaking", "description": "", "link": "https://www.cnn.com/collections/intl-asian-hate-crimes-0319/", "date_published": "2021-03-19 15:07:00+00:00", "persistent": false, "user": null, "language": "en-US"}, {"source": "http://rss.cnn.com/rss/edition.rss", "title": "Champions League quarterfinal draw: Bayern Munich to face PSG in repeat of 2020 final", "description": "It's crunch time in the Champions League.", "link": "https://www.cnn.com/2021/03/19/football/champions-league-draw-spt-intl/index.html", "date_published": "2021-03-19 14:46:49+00:00", "persistent": false, "user": null, "language": "en-US"}, {"source": "http://rss.cnn.com/rss/edition.rss", "title": "My pandemic wedding story: three postponements and a fresh perspective", "description": "May 24, 2020 was the day my fianc\u00e9 Dan and I had originally picked as our wedding day. Instead, we stood in the open doorway of his house in our sweats and laughed as a torrent of hail pelted down from the sky. The absurdity of a torrential hailstorm during a Texas summer on that particular day felt totally appropriate during those early months of the pandemic, when the whole world seemed turned upside down.", "link": "https://www.cnn.com/2021/03/19/opinions/pandemic-wedding-story-norwood/index.html", "date_published": "2021-03-19 14:39:17+00:00", "persistent": false, "user": null, "language": "en-US"}, {"source": "http://rss.cnn.com/rss/edition.rss", "title": "'Q: Into the Storm' seeks to pull back the curtain on QAnon's origins", "description": "\"Q: Into the Storm\" bears a resemblance to an earlier HBO docuseries, \"The Jinx,\" unfolding like a mystery, as the filmmaker plays mental chess with his subjects. What gives this six-part effort particular heft is the role QAnon has come to play in US politics, becoming, as director Cullen Hoback puts it, \"part interactive game, part religion, part political movement.\"", "link": "https://www.cnn.com/2021/03/19/entertainment/q-into-the-storm-review/index.html", "date_published": "2021-03-19 14:35:57+00:00", "persistent": false, "user": null, "language": "en-US"}, {"source": "http://rss.cnn.com/rss/edition.rss", "title": "Why one Florida city wants to build a two-mile tunnel to the beach", "description": "Fort Lauderdale, Florida tourists may be just a few years away from arriving at the beach in a Tesla driven in a tunnel, provided that Elon Musk can deliver, even with Florida's tricky geology.", "link": "https://www.cnn.com/2021/03/19/tech/boring-company-florida/index.html", "date_published": "2021-03-19 14:33:03+00:00", "persistent": false, "user": null, "language": "en-US"}, {"source": "http://rss.cnn.com/rss/edition.rss", "title": "Why Rand Paul's 'government worrywart' insult for Fauci is so off-base", "description": "Rand Paul is a Republican senator from Kentucky. He is also an ophthalmologist. What he is not is an infectious disease expert.", "link": "https://www.cnn.com/2021/03/19/politics/rand-paul-anthony-fauci/index.html", "date_published": "2021-03-19 14:27:01+00:00", "persistent": false, "user": null, "language": "en-US"}, {"source": "http://rss.cnn.com/rss/edition.rss", "title": "Westlife will play Wembley Stadium in August after signing new album deal", "description": "Westlife are making a comeback that's likely to leave fans raised up and flying without wings.", "link": "https://www.cnn.com/2021/03/19/entertainment/westlife-comeback-album-intl-scli-gbr/index.html", "date_published": "2021-03-19 14:22:29+00:00", "persistent": false, "user": null, "language": "en-US"}, {"source": "http://rss.cnn.com/rss/edition.rss", "title": "'Girlhood' and 6 other unflinching stories about being young and female", "description": "Like many girls who grew up in the '90s, journalist Masuma Ahuja often found her own experiences reflected in Ann M. Martin's series \"The Babysitters' Club.\" Her favorite character was the effortlessly polished Stacey McGill, but not necessarily for her style or New York City roots: Stacey, like Ahuja, is a Type I diabetic, and, as a child, Ahuja didn't know anyone else her age who dealt with the day-to-day complexity of the disease.", "link": "https://www.cnn.com/style/article/girlhood-book-masuma-ahuja-culture-queue/index.html", "date_published": "2021-03-19 13:43:14+00:00", "persistent": false, "user": null, "language": "en-US"}, {"source": "http://rss.cnn.com/rss/edition.rss", "title": "Just one day after completing CPR training, a teen saves her friend's life", "description": "With 30 compressions and two rescue breaths, 16-year-old Torri'ell Norwood saved her best friend's life, just a day after completing a basic life support class at her high school.", "link": "https://www.cnn.com/2021/03/19/us/iyw-teen-saves-life-cpr-trnd/index.html", "date_published": "2021-03-19 13:35:45+00:00", "persistent": false, "user": null, "language": "en-US"}, {"source": "http://rss.cnn.com/rss/edition.rss", "title": "Supreme Court conservatives want to topple abortion rights -- but can't seem to agree on how", "description": "Conservative Supreme Court justices have demonstrated a desire to reverse prior decisions on abortion rights. The question, with Chief Justice John Roberts no longer the undisputed swing vote on abortion, is when and how far at least five justices will go to overturn rulings that support a constitutional right to end a pregnancy.", "link": "https://www.cnn.com/2021/03/19/politics/abortion-supreme-court-conservatives-thomas-roberts/index.html", "date_published": "2021-03-19 12:47:52+00:00", "persistent": false, "user": null, "language": "en-US"}, {"source": "http://rss.cnn.com/rss/edition.rss", "title": "We met migrant teens who just crossed the border in Texas. Here's what they told us", "description": "In the pitch-black night, the teens' eyes blink in confusion as the bright beam of a constable's flashlight shines in their direction.", "link": "https://www.cnn.com/2021/03/19/us/border-migrant-teens/index.html", "date_published": "2021-03-19 12:24:56+00:00", "persistent": false, "user": null, "language": "en-US"}, {"source": "http://rss.cnn.com/rss/edition.rss", "title": "The UK's Royal Mint makes history with a new coin featuring Britannia as a woman of color", "description": "The Royal Mint, the British maker tasked with producing all of the UK's coinage, has released a new limited edition coin design depicting the national icon Britannia as a woman of color for the first time.", "link": "https://www.cnn.com/style/article/royal-mint-britannia-2021/index.html", "date_published": "2021-03-19 11:37:24+00:00", "persistent": false, "user": null, "language": "en-US"}, {"source": "http://rss.cnn.com/rss/edition.rss", "title": "The continent is paying a high price for letting the epidemic get out of control. US experts are worried.", "description": "", "link": "https://www.cnn.com/2021/03/19/europe/coronavirus-europe-third-wave-intl/index.html", "date_published": "2021-03-19 11:13:05+00:00", "persistent": false, "user": null, "language": "en-US"}, {"source": "http://rss.cnn.com/rss/edition.rss", "title": "This country has just been named the happiest in the world", "description": "To say the past year has been a difficult one for people across the globe is something of an understatement.", "link": "https://www.cnn.com/travel/article/worlds-happiest-countries-2021/index.html", "date_published": "2021-03-19 11:07:33+00:00", "persistent": false, "user": null, "language": "en-US"}, {"source": "http://rss.cnn.com/rss/edition.rss", "title": "'Microaggressions' weigh on 'Black Ice' climber's shoulders", "description": "Whether it's a comment about his hair or questioning his expertise, professional ice climber Manoah Ainuu is aware that people notice the difference.", "link": "https://www.cnn.com/2021/03/19/sport/black-ice-climbing-diversity-cmd-spt-intl/index.html", "date_published": "2021-03-19 10:56:35+00:00", "persistent": false, "user": null, "language": "en-US"}, {"source": "http://rss.cnn.com/rss/edition.rss", "title": "Mission to clean up space junk with magnets set for launch", "description": "It's invisible in the night sky, but above us there is a cloud of more than 9,000 tons of space junk -- equivalent to the weight of 720 school buses.", "link": "https://www.cnn.com/2021/03/19/business/space-junk-mission-astroscale-scn/index.html", "date_published": "2021-03-19 10:36:39+00:00", "persistent": false, "user": null, "language": "en-US"}, {"source": "http://rss.cnn.com/rss/edition.rss", "title": "US plans to send vaccines to Canada. Hear local leader's ecstatic reaction", "description": "The Biden administration is finalizing plans to send millions of AstraZeneca Covid-19 vaccine doses to Mexico and Canada, according to White House press secretary Jen Psaki. CNN's Paula Newton reports.", "link": "https://www.cnn.com/videos/world/2021/03/19/canada-us-border-vaccine-newton-pkg-intl-hnk-vpx.cnn", "date_published": "2021-03-19 10:26:03+00:00", "persistent": false, "user": null, "language": "en-US"}, {"source": "http://rss.cnn.com/rss/edition.rss", "title": "Cubans are embarking on treacherous sea journeys as the economic crisis worsens", "description": "When Beatriz Jimenez closes her eyes, she sees her daughter and two young grandchildren and they are alive.", "link": "https://www.cnn.com/2021/03/19/americas/cubans-dangerous-journey-latam-intl/index.html", "date_published": "2021-03-19 10:22:30+00:00", "persistent": false, "user": null, "language": "en-US"}, {"source": "http://rss.cnn.com/rss/edition.rss", "title": "Tanzania swears in its first female president", "description": "Tanzanian Vice President Samia Suluhu Hassan was sworn in Friday as the country's first female president, two days after the death of President John Magufuli, one of Africa's most prominent Covid-19 skeptics, was announced.", "link": "https://www.cnn.com/2021/03/19/africa/tanzania-samia-suluhu-hassan-president-intl/index.html", "date_published": "2021-03-19 10:20:47+00:00", "persistent": false, "user": null, "language": "en-US"}, {"source": "http://rss.cnn.com/rss/edition.rss", "title": "Khabib Nurmagomedov officially retired, says UFC boss Dana White", "description": "He himself announced his retirement last year but the question still loomed: \"Would Khabib Nurmagomedov make a shock return to the Octagon?\"", "link": "https://www.cnn.com/2021/03/19/sport/khabib-nurmagomedov-retirement-dana-white-ufc-spt-intl/index.html", "date_published": "2021-03-19 10:11:39+00:00", "persistent": false, "user": null, "language": "en-US"}, {"source": "http://rss.cnn.com/rss/edition.rss", "title": "'I didn't want to be Asian at all,' college student tells CNN", "description": "Asian Americans are talking about the hate and racism they've experienced during the pandemic and, in some cases, their whole lives. If you have a story to share, submit it here.", "link": "https://www.cnn.com/videos/us/2021/03/19/asian-american-hate-racism-pandemic-mss-ff-mh-orig.cnn", "date_published": "2021-03-19 09:43:42+00:00", "persistent": false, "user": null, "language": "en-US"}, {"source": "http://rss.cnn.com/rss/edition.rss", "title": "China is raising the alarm over corporate surveillance. But it's got a massive network of its own", "description": "A popular annual consumer rights show in China has sparked a national debate about privacy and surveillance and sent companies scrambling to stay on Beijing's good side.", "link": "https://www.cnn.com/2021/03/19/tech/china-consumer-rights-surveillance-intl-hnk/index.html", "date_published": "2021-03-19 08:32:18+00:00", "persistent": false, "user": null, "language": "en-US"}, {"source": "http://rss.cnn.com/rss/edition.rss", "title": "US-China meeting breaks into tense confrontation on camera", "description": "Secretary of State Antony Blinken, National Security Adviser Jake Sullivan, and Chinese diplomats had a tense exchange at a key first meeting in Alaska.", "link": "https://www.cnn.com/videos/politics/2021/03/19/us-china-tense-meeting-alaska-bts-vpx.cnn", "date_published": "2021-03-19 03:23:08+00:00", "persistent": false, "user": null, "language": "en-US"}, {"source": "http://rss.cnn.com/rss/edition.rss", "title": "She wanted a dream house in Bali. This is what happened", "description": "Bali first captured Kayti Denham's heart when she came to the Indonesian island for her honeymoon in the 1980s.", "link": "https://www.cnn.com/travel/article/bali-dream-home-indonesia/index.html", "date_published": "2021-03-19 02:45:29+00:00", "persistent": false, "user": null, "language": "en-US"}, {"source": "http://rss.cnn.com/rss/edition.rss", "title": "Dr. Fauci explains why Rand Paul's mask claim is inaccurate", "description": "Dr. Anthony Fauci tells CNN's Chris Cuomo about his spar with Sen. Rand Paul (R-KY) over why Americans should wear masks after being vaccinated during a Senate hearing.", "link": "https://www.cnn.com/videos/politics/2021/03/19/anthony-fauci-rand-paul-reaction-bts-cuomo-vpx.cnn", "date_published": "2021-03-19 02:41:43+00:00", "persistent": false, "user": null, "language": "en-US"}, {"source": "http://rss.cnn.com/rss/edition.rss", "title": "The lost children of Xinjiang", "description": "It was supposed to be a routine trip home to Xinjiang for Mamutjan Abdurehim's wife and two children.", "link": "https://www.cnn.com/2021/03/18/china/xinjiang-uyghur-families-china-amnesty-report-exclusive-dst-intl-hnk/index.html", "date_published": "2021-03-19 02:01:17+00:00", "persistent": false, "user": null, "language": "en-US"}, {"source": "http://rss.cnn.com/rss/edition.rss", "title": "With tradition and new tech, these Japanese designers are crafting more sustainably made clothing", "description": "In Japan, the term \"mottainai\" -- loosely translated to \"what a waste\" -- has deep roots. Originating from a Buddhist belief that every object has intrinsic value and should be utilized for its full life cycle, the credo has been threaded throughout national culture for centuries.", "link": "https://www.cnn.com/style/article/japan-designers-sustainable-fashion-technology/index.html", "date_published": "2021-03-19 00:42:23+00:00", "persistent": false, "user": null, "language": "en-US"}]