[{"source": "https://www.youtube.com/feeds/videos.xml?channel_id=UCw--xPGVVxYzRsWyV1nFqgg", "title": "No Ageless Aes Sedai?\ud83e\udd72 NEW Terry Brooks Fantasy Series!\u270d\ufe0f Last Of Us BS\ud83e\udde8 -FANTASY NEWS", "description": "Let\u2019s talk about the week's Fantasy News! From the amazing Terry Brooks to Wheel of Time, fantasy tides be moving. \nCheck out my baby daddy Campfire here today: https://www.campfireblaze.com/?utm_source=youtube&utm_medium=video&utm_campaign=Greene4.20\n\nBREACH OF PEACE LINKS: \nAmazon: https://amzn.to/3kHsyNJ (physical/ebook)\nAudible: https://www.audible.com/pd/B08Z8L7D5Q/?source_code=AUDFPWS0223189MWT-BK-ACX0-245468&ref=acx_bty_BK_ACX0_245468_rh_us\nB&N: https://tinyurl.com/3df3c2p4 (physical/ebook)\nBook Depository: https://tinyurl.com/2hds7euy (physical)\nGoogle: https://tinyurl.com/abkh6mn6 (ebook)\nApple: https://tinyurl.com/rc994r8k (ebook)\nKobo: https://www.kobo.com/us/en/ebook/breach-of-peace-1 (ebook)\n\nMerch: https://teespring.com/stores/fantasy-news-2\nPatreon: https://www.patreon.com/DanielBGreene\nDiscord Server: https://discord.gg/xUzhVv4\nTwitter: https://twitter.com/DanielBGreene?lang=en\nTwitch: https://www.twitch.tv/fantasynews\nInstagram: https://www.instagram.com/dgreene101/\nSubreddit: https://www.reddit.com/r/danielgreene \nPodcast: https://afictionalconversation.podbean.com/\n\nEquipment: \nCamera: https://amzn.to/3siqgHv \nLense: https://amzn.to/3ugGxhQ \nLighting: https://amzn.to/3aI3brK \nMicrophone: https://amzn.to/3pCGtWg \nTripod: https://amzn.to/3kd9yq1 \n\nNEWS: \n\n00:00 Intro\n\n00:51 Child Of Light: https://io9.gizmodo.com/terry-brooks-has-a-brand-new-fantasy-series-and-weve-g-1846494869 \n\n03:55 Schwab comic covers: https://www.instagram.com/p/CMkSffWgKjk/?igshid=864w7ggdlder \n\n06:31 Wheel of Time Ageless Aes Sedai: https://www.cbr.com/wheel-of-time-rafe-judkins-aes-sedai-ageless-cgi/ \n\n08:37 Last of Us Changes: https://www.ign.com/articles/the-last-of-us-hbo-show-season-1-adapts-the-first-game-but-will-deviate-greatly-in-some-episodes \n\n10:44 Dragon Prince Board Game: https://www.youtube.com/watch?v=zzOOcI4GV1Q  \n\n11:10 Ewok Special: https://variety.com/2021/tv/news/star-wars-holiday-special-boba-fett-ewoks-caravan-of-courage-disney-plus-1234932286/ \n\n12:26 Godzilla VS Kong trailer: https://www.youtube.com/watch?v=NseVUieeklg \n\n12:44 Resident Evil Title: https://www.ign.com/articles/resident-evil-2021-movie-welcome-to-raccoon-city-title", "link": "https://www.youtube.com/watch?v=pIr3jyOMxmY", "date_published": "2021-03-23 00:00:00+00:00", "persistent": false, "user": null, "language": "en-US"}]