[{"source": "https://www.youtube.com/feeds/videos.xml?channel_id=UCZYTClx2T1of7BRZ86-8fow", "title": "There Are Mountains Deep Within the Earth", "description": "Scientists think they\u2019ve discovered some peaks taller than Mt Everest deep beneath the earth\u2019s crust, and this range might be the key to one of the biggest mysteries in geology! \n\nHosted by: Stefan Chin\n\nSciShow has a spinoff podcast! It's called SciShow Tangents. Check it out at http://www.scishowtangents.org\n----------\nSupport SciShow by becoming a patron on Patreon: https://www.patreon.com/scishow\n----------\nHuge thanks go to the following Patreon supporters for helping us keep SciShow free for everyone forever:\n\nSilas Emrys, Charles Copley, Drew Hart, Jeffrey Mckishen, James Knight, Christoph Schwanke, Jacob, Matt Curls, Christopher R Boucher, Eric Jensen, Lehel Kovacs, Adam Brainard, Greg, GrowingViolet, Ash, Laura Sanborn, Sam Lutfi, Piya Shedden, KatieMarie Magnone, Scott Satovsky Jr, charles george, Alex Hackman, Chris Peters, Kevin Bealer\n\n----------\nLooking for SciShow elsewhere on the internet?\nFacebook: http://www.facebook.com/scishow\nTwitter: http://www.twitter.com/scishow\nTumblr: http://scishow.tumblr.com\nInstagram: http://instagram.com/thescishow\n----------\nSources:\nhttps://science.sciencemag.org/content/363/6428/696 \nhttps://www.nationalgeographic.com/science/2019/03/rugged-mountains-taller-everest-lurk-deep-inside-earth/ \nhttps://science.sciencemag.org/content/363/6428/736 \nhttps://link.springer.com/article/10.1007/s11214-020-00649-y \nhttps://www.smithsonianmag.com/science-nature/decades-long-quest-drill-earths-mantle-may-soon-hit-pay-dirt-180957908/ \n\nImage Sources:\nhttps://www.usgs.gov/media/images/earth-cross-section", "link": "https://www.youtube.com/watch?v=lFnopD9Xzi4", "date_published": "2021-03-23 00:00:00+00:00", "persistent": false, "user": null, "language": "en-US"}, {"source": "https://www.youtube.com/feeds/videos.xml?channel_id=UCZYTClx2T1of7BRZ86-8fow", "title": "Whale Poop Helps Cool Our Planet", "description": "You might not think of a sea creature as helpful in the prevention of climate change, but sperm whales have been doing their part to cool the planet by doing what most animals do best: pooping. \n\nGo to http://Brilliant.org/SciShow to try their Statistics Fundamentals course. Sign up now and get 20% off an annual Premium subscription.\n\nHosted by: Hank Green\n\nSciShow has a spinoff podcast! It's called SciShow Tangents. Check it out at http://www.scishowtangents.org\n----------\nSupport SciShow by becoming a patron on Patreon: https://www.patreon.com/scishow\n----------\nHuge thanks go to the following Patreon supporters for helping us keep SciShow free for everyone forever:\n\nSilas Emrys, Charles Copley, Drew Hart, Jeffrey Mckishen, James Knight, Christoph Schwanke, Jacob, Matt Curls, Christopher R Boucher, Eric Jensen, Lehel Kovacs, Adam Brainard, Greg, GrowingViolet, Ash, Laura Sanborn, Sam Lutfi, Piya Shedden, KatieMarie Magnone, Scott Satovsky Jr, charles george, Alex Hackman, Chris Peters, Kevin Bealer\n\n----------\nLooking for SciShow elsewhere on the internet?\nFacebook: http://www.facebook.com/scishow\nTwitter: http://www.twitter.com/scishow\nTumblr: http://scishow.tumblr.com\nInstagram: http://instagram.com/thescishow\n----------\nSources:\nhttps://doi.org/10.1098/rspb.2010.0863  \nhttps://doi.org/10.1111/j.1467-2979.2010.00356.x\nhttps://doi.org/10.3354/meps242295\nhttps://doi.org/10.3389/fcomm.2018.00038 \nhttps://doi.org/10.5194/bgd-4-1241-2007\nhttps://doi.org/10.1080/0967026042000202127\nhttps://doi.org/10.1038/35037500\nhttps://www.istockphoto.com/photo/whaler-ship-hunting-a-whale-at-the-blue-stormy-sea-illustration-environmental-gm1149244451-310649403\nhttps://www.istockphoto.com/photo/sperm-whale-armada-sri-lanka-gm637506792-113740009\nhttps://www.istockphoto.com/photo/sperm-whale-gm149074108-12743805\nhttps://www.istockphoto.com/photo/squid-gm185091279-19219500\nhttps://www.istockphoto.com/photo/octopus-gm1153862170-313534718\nhttps://www.istockphoto.com/photo/sperm-whale-gm1032493108-276544324\nhttps://www.istockphoto.com/photo/young-plant-growing-in-sunlight-gm658291850-120046061\nhttps://www.istockphoto.com/photo/microalgae-under-a-microscope-sample-taken-from-moss-gm1300695245-392942517\nhttps://www.storyblocks.com/video/stock/under-the-sea-faoyocy\nhttps://www.istockphoto.com/vector/vector-set-of-flat-hand-drawn-cute-marine-animals-whale-dolphin-fish-shark-gm1133983873-301162937\nhttps://www.istockphoto.com/vector/abstract-deep-water-background-gm1144627072-307811549\nhttps://www.istockphoto.com/vector/plankton-vector-aquatic-phytoplankton-and-planktonic-microorganism-under-microscope-gm1041432198-278820959\nhttps://www.istockphoto.com/photo/seasonal-algal-blooms-in-the-river-gm603858730-103669137\nhttps://www.istockphoto.com/photo/plankton-are-organisms-drifting-in-oceans-and-seas-zooplankton-gm1139787250-304768312\nhttps://www.istockphoto.com/photo/humpback-whale-playfully-swimming-in-clear-blue-ocean-gm1301667498-393646692\nhttps://www.istockphoto.com/photo/sunbeam-abstract-underwater-backgrounds-in-the-sea-gm945690580-258291516\nhttps://www.storyblocks.com/video/stock/confetti-party-popper-explosions-on-a-green-background-bprma9trnjwnzfre2\nhttps://www.istockphoto.com/photo/sperm-whale-family-of-four-in-bright-blue-waters-gm471942663-30213480\nhttps://www.storyblocks.com/video/stock/aerial-view-high-chimney-pipe-with-grey-smoke-concept-of-environmental-pollution-climate-change-retgvgbphk0v5layb\nhttps://www.istockphoto.com/photo/whale-watching-at-sunset-gm1221092652-357804459\nhttps://www.istockphoto.com/photo/coral-reef-gm153971297-17794310\nhttps://www.istockphoto.com/photo/sperm-whale-gm1032493090-276544312", "link": "https://www.youtube.com/watch?v=TcHuW4rCCNY", "date_published": "2021-03-22 00:00:00+00:00", "persistent": false, "user": null, "language": "en-US"}]