[{"source": "https://www.youtube.com/feeds/videos.xml?channel_id=UCLr4hMhk_2KE0GUBSBrspGA", "title": "OnePlus 9 czy 9 Pro? Kt\u00f3rego wybra\u0107?", "description": "Wbrew pozorom, wyb\u00f3r nie jest a\u017c tak oczywisty. \nMoje sociale: \nTwitter: https://twitter.com/KubaKlawiter\nTiktok: https://vm.tiktok.com/ZSwcvjTo\u200b\nInsta: https://www.instagram.com/kubaklawiter/\nFB: https://www.facebook.com/Kuba.Klawiterr\n\nW odcinku:\n00:00 \u017bycie recenzenta\n00:30 Etuje\n00:39 Szybka \u0142adowarka\n01:14 \u0141adowarka 65W\n01:33 Smartfony\n02:29 Ed Sheeran\n02:49 Proces powstawania recenzji\n03:23 Szybkie por\u00f3wnanie i recenzja\n04:08 Weryfikacja recenzji i por\u00f3wnanie zdj\u0119\u0107\n05:47 Przednia kamera: OnePlus 9 vs OnePlus 9 Pro vs iPhone 12 Pro Max\n07:14 Mo\u017cliwo\u015bci foto/video: iPhone 12 Pro Max vs OnePlus 9 Pro\n08:12 Przypomnienie: Recenzje na tym kanale nie s\u0105 sponsorowane\n08:31 Mo\u017cliwo\u015bci foto/video OnePlus\u00f3w \u2013 ci\u0105g dalszy\n12:12 G\u0142o\u015bniki\n12:25 Nagrany d\u017awi\u0119k-mikrofony\n13:04 Czego nie by\u0142o w recenzji\n14:14 Kt\u00f3ry smartfon wybra\u0107?\n15:31 Po\u017cegnanie i zaproszenie na angloj\u0119zyczny kana\u0142 Mrkeybrd", "link": "https://www.youtube.com/watch?v=EXv_Zxh-O8c", "date_published": "2021-03-23 00:00:00+00:00", "persistent": false, "user": null, "language": "en-US"}]