[{"source": "https://www.youtube.com/feeds/videos.xml?channel_id=UCyl5V3-J_Bsy3x-EBCJwepg", "title": "Christian Apologist Canceled By CNN: The Sean McDowell Interview", "description": "In this episode of The Babylon Bee Podcast, Kyle and Ethan talk to Christian Apologist and Author, Sean McDowell. They talk about Purity Culture, the BLM organization, Yoga, and evil G-Rated Disney films. Sean is an author, speaker, and apologetics professor at Biola University. Sean has earned his PhD in Apologetics and Worldview Studies from Southern Baptist Theological Seminary. He has since used his knowledge to equip the church in apologetics speaking at conferences, schools, and churches nationwide. Sean has authored, co-author or edited over 18 books on various topics in apologetics.\n\n00:02:32 Intro\n00:05:10 Teaching Apologetics to young people\n00:13:28 Secular movies coming into culture\n00:25:00 Tolerance and BLM\n00:38:35 Purity Culture \n\nWatch The Babylon Bee animation on our animation playlist: https://bit.ly/BeeAnimation\u200b\u200b  \n\nSubscribe on iTunes: https://podcasts.apple.com/us/podcast...\u200b\n\nSubmit Your Own Headlines: https://babylonbee.com/plans\u200b\u200b\n\nThe Official The Babylon Bee Store: https://shop.babylonbee.com\u200b\u200b\n\nFollow The Babylon Bee:\nWebsite: https://babylonbee.com\u200b\u200b\nTwitter: http://twitter.com/thebabylonbee\u200b\u200b\nFacebook: http://facebook.com/thebabylonbee\u200b\u200b\nInstagram: http://instagram.com/thebabylonbee", "link": "https://www.youtube.com/watch?v=2zXGM0zMYDw", "date_published": "2021-03-23 00:00:00+00:00", "persistent": false, "user": null, "language": "en-US"}, {"source": "https://www.youtube.com/feeds/videos.xml?channel_id=UCyl5V3-J_Bsy3x-EBCJwepg", "title": "The Babylon Bee Breaks Down The Worst Tweet Of All Time", "description": "Bill Burr is in the news for being Bill Burr and a Social Justice Warrior tries to call Bill Burr a racist, which doesn\u2019t go well once his wife gets involved.\n\nSee the full show here:  \nhttps://youtu.be/uy5wfBZmV0k\n\nSubscribe to The Babylon Bee: https://babylonbee.com/plans\u200b\n\nHit the bell to get your daily dose of fake news that you can trust.", "link": "https://www.youtube.com/watch?v=O-8uD88Eq44", "date_published": "2021-03-23 00:00:00+00:00", "persistent": false, "user": null, "language": "en-US"}, {"source": "https://www.youtube.com/feeds/videos.xml?channel_id=UCyl5V3-J_Bsy3x-EBCJwepg", "title": "The Bee Reads LOTR Is Back", "description": "The Bee Reads The Lord Of The Rings will continue on, but just on BabylonBee.com.\n\nBecome a subscriber today: https://babylonbee.com/plans", "link": "https://www.youtube.com/watch?v=9oaOu5YeueA", "date_published": "2021-03-22 00:00:00+00:00", "persistent": false, "user": null, "language": "en-US"}]