[{"source": "https://www.youtube.com/feeds/videos.xml?channel_id=UCswH8ovgUp5Bdg-0_JTYFNw", "title": "Fungi: Why Are We Ignoring Nature\u2019s Hidden Solution?", "description": "This week I spoke with Merlin Sheldrake on my Under The Skin podcast! Merlin is a biologist and author of Entangled Life: How Fungi Make Our Worlds, Change Our Minds and Shape Our Futures. He has a background in plant sciences, microbiology, ecology, and the history and philosophy of science. Fungi are a powerful force, why are we ignoring nature's hidden solution?\nThe full podcast is available on Luminary: http://luminary.link/russell\n\nFor more information on Merlin\u2019s work go to http://www.merlinsheldrake.com \n\nListen to my Under The Skin podcast to hear from guests including Jonathan Haidt, Jordan Peterson, Naomi Klein, Kehinde Andrews, Adam Curtis and Vandana Shiva.\nGet a one month free trial at http://luminary.link/russell\u200b\n\nElites are taking over! Our only hope is to form our own. To learn more join my cartel here https://www.russellbrand.com\u200b/join and get weekly bulletins too incendiary for anything but your private inbox.\n*not a euphemism\n\nMy Audible Original, \u2018Revelation', is released on 25 March\nMy Audible Original, \u2018Revelation', is released on 25 March\nUS: http://adbl.co/revelation\nUK: http://adbl.co/revelationuk\nAU: http://adbl.co/revelationau\nCA: http://adbl.co/revelationca\n\nInstagram: http://instagram.com/russellbrand/\nTwitter: http://twitter.com/rustyrockets\n\nProduced by Jenny May Finn", "link": "https://www.youtube.com/watch?v=L790O6Ot3W4", "date_published": "2021-03-23 00:00:00+00:00", "persistent": false, "user": null, "language": "en-US"}]