[{"source": "https://www.youtube.com/feeds/videos.xml?channel_id=UCD6VugMZKRhSyzWEWA9W2fg", "title": "Might and Magic VI (Re)Review | Dementia\u2122 Edition\u2122", "description": "Special thanks to Paul Anthony Romero.\n\nBuy the entire Might & Magic Series, up to 85% off:\nhttps://www.gog.com/magicsseth\n\nDownload the mod (Requires Might and Magic VIII: Day of the Destroyer):\nhttps://www.celestialheavens.com/forum/10/16657\nMod Mirror links (use if main is down):\nhttps://drive.google.com/file/d/1A2Jyw5Gw6YAJ5nB52h46vzJ7Tcj4SCKT/view?usp=sharing\nhttps://mega.nz/file/ipBh0AZB#sqYOrwSTTdj0_J8m09Jb1LuCsB5j0M2GisXSzRub5iQ\n\nSince the game has a tendency to punish you for mistakes you didn't know you were committing,\nI recommend the following site for tips and hints.\nIt won't give you full on walkthrough solutions, just enough to help you get by.\nhttps://www.uhs-hints.com/uhsweb/mm6.php\nhttps://www.uhs-hints.com/uhsweb/mm7.php\nhttps://www.uhs-hints.com/uhsweb/mm8.php\n\nEnjoy.\n-----------------------\nSend Sseth Shekels: https://www.paypal.me/SsethTzeentachGB\nSend Sseth Shekels per video:  https://www.patreon.com/Sseth\nSend Sseth Shekels / crypto: https://www.subscribestar.com/ssethtzeentach\n\nWebsite: https://ssethtzeentach.com/\nTwitter: https://twitter.com/SsethTzeentach\nFB: https://www.facebook.com/sseth672/", "link": "https://www.youtube.com/watch?v=yG9g2byXR2c", "date_published": "2021-03-22 14:28:38+00:00", "persistent": false, "user": null, "language": "en-US"}]