[{"source": "https://www.youtube.com/feeds/videos.xml?channel_id=UC-2JUs_G21BrJ0efehwGkUw", "title": "Shake It Off | Taylor Swift | funk cover ft. Solomon Dorsey", "description": "Patreon: http://modal.scarypocketsfunk.com/patreon\nStore: https://www.scarypocketsfunk.com\nListen on Spotify: http://modal.scarypocketsfunk.com/spotify\n\nTip Jar: http://modal.scarypocketsfunk.com/tips\nInstagram: http://modal.scarypocketsfunk.com/instagram\nFacebook: http://modal.scarypocketsfunk.com/facebook\nDiscord: http://modal.scarypocketsfunk.com/discord\nSubscribe: http://modal.scarypocketsfunk.com/subscribe\n\nA funk cover of Taylor Swift's \"Shake It Off\" by Scary Pockets & Solomon Dorsey.\n\nMUSICIAN CREDITS\nLead vocal: Solomon Dorsey\nDrums: Kyle Crane\nGuitar: Harrison Whitford\nKeys: Swatkins\nBass: Ryan Lerman\nWurlitzer: Jack Conte\n\nAUDIO CREDITS\nRecording Engineer: Caleb Parker\nAssistant Engineer: Kevin Brown\nMixing/Mastering: Craig Polasko\n\nVIDEO CREDITS\nCinematography: Ricky Chavez\nCamera Operators: Sammy Rothman, Ricky Chavez\nEditor: Adam Kritzberg\n\nRecorded Live on a rooftop in downtown Los Angeles.\n\n#ScaryPockets #Funk #TaylorSwift #ShakeItOff #SolomonDorsey", "link": "https://www.youtube.com/watch?v=eohvV3ZhASM", "date_published": "2021-03-22 00:00:00+00:00", "persistent": false, "user": null, "language": "en-US"}]