[{"source": "https://www.youtube.com/feeds/videos.xml?channel_id=UCwUizOU8pPWXdXNniXypQEQ", "title": "Why There Is No Crisis at the Border! - Special Liberal Report", "description": "Check out my NEW MERCH here! - https://awakenwithjp.com\n\nTake a stand against censorship. Join my Awakened Warriors Email List - https://awakenwithjp.com/joinme\n\nHere\u2019s why there is no crisis at the border! In this breaking news special liberal Report you will learn why Biden\u2018s border policy is better than ever. Even though there are hundreds of thousands of illegals crossing the border, you\u2019ll understand why that is also not happening. Open your eyes and turn off your mind!\n\nListen and Subscribe to my Podcast here: \nhttps://apple.co/3fFTbPC\nAlso available everywhere else you get podcasts. Just search and subscribe to \"Awaken With JP Sears Show\"\n\nConnect with me at: \nhttp://www.facebook.com/AwakenWithJP\nhttp://www.Instagram.com/AwakenWithJP\nhttp://www.twitter.com/AwakenWithJP\nhttps://mewe.com/p/awakenwithjp\nhttps://parler.com/profile/AwakenWithJP\nhttp://www.AwakenWithJP.com", "link": "https://www.youtube.com/watch?v=7TR5CCC_Yns", "date_published": "2021-03-23 00:00:00+00:00", "persistent": false, "user": null, "language": "en-US"}]