[{"source": "https://www.youtube.com/feeds/videos.xml?channel_id=UCFQMnBA3CS502aghlcr0_aw", "title": "18 YR OLD LIFECOACH CHANGED MY MIND", "description": "Truly the greatest meme opportunity of our era: https://www.reddit.com/r/Coffeezilla_gg/\n\ntwitter: https://twitter.com/coffeebreak_YT\ninstagram: https://www.instagram.com/coffeebreak_yt/\nthis video is an opinion and in no way should be construed as statements of fact. scams, bad business opportunities, and fake gurus are subjective terms that mean different things to different people. I think someone who promises $100K/month for an upfront fee of $2K is a scam. Others would call it a Napolean Hill pitch.", "link": "https://www.youtube.com/watch?v=gD_Ol8L2y9c", "date_published": "2021-01-02 00:00:00+00:00", "persistent": false, "user": null, "language": "en-US"}, {"source": "https://www.youtube.com/feeds/videos.xml?channel_id=UCFQMnBA3CS502aghlcr0_aw", "title": "Daily uploads in 2021, but there's a catch...", "description": "BALD THINGS ARE COMING IN 2021! Let's make this the best year ever!\ntwitter: https://twitter.com/coffeebreak_YT\ninstagram: https://www.instagram.com/coffeebreak_yt/\nthis video is an opinion and in no way should be construed as statements of fact. scams, bad business opportunities, and fake gurus are subjective terms that mean different things to different people. I think someone who promises $100K/month for an upfront fee of $2K is a scam. Others would call it a Napolean Hill pitch.", "link": "https://www.youtube.com/watch?v=9jp2cTYOywM", "date_published": "2021-01-01 00:00:00+00:00", "persistent": false, "user": null, "language": "en-US"}]