[{"source": "https://www.youtube.com/feeds/videos.xml?channel_id=UCXuqSBlHAE6Xw-yeJA0Tunw", "title": "The CHEAPEST Legit Gaming Laptop - Gateway Performance Notebook", "description": "Get $25 off each pair with offer code LinusTechTips at https://www.vessifootwear.com/linustechtips\n\nUse code LINUS and get 25% off GlassWire at https://lmg.gg/glasswire\n\nWith an RTX 2060 for just $700 the Gateway Performance Notebook 15.6\" sounds like an incredible deal... if Gateway haven't cut too many corners.\n\nBuy Gateway Performance Notebook 15.6\"\nOn Walmart (PAID LINK): https://geni.us/DkZT9kV\n(Deal Pricing should be back soon\u2122 so keep your eyes peeled)\n\nPurchases made through some store links may provide some compensation to Linus Media Group.\n\nDiscuss on the forum: https://linustechtips.com/topic/1288847-the-cheapest-legit-gaming-laptop/\n\n\n\u25baGET MERCH: http://www.LTTStore.com/\n\u25baSUPPORT US ON FLOATPLANE: https://www.floatplane.com/  \n\u25baLTX EXPO: https://www.ltxexpo.com/   \n\nAFFILIATES & REFERRALS\n---------------------------------------------------\n\u25baAffiliates, Sponsors & Referrals: https://lmg.gg/sponsors\n\u25baPrivate Internet Access VPN: https://lmg.gg/pialinus2\n\u25baOur Official Charging Partner Anker: https://lmg.gg/AnkerLTT\n\u25baMK Keyboards: https://lmg.gg/LyLtl\n\u25baNerd or Die Stream Overlays: https://lmg.gg/avLlO\n\u25baNEEDforSEAT Gaming Chairs: https://lmg.gg/DJQYb\n\u25baDisplate Metal Prints: https://lmg.gg/displateltt\n\u25baOfficial Game Store: https://www.nexus.gg/ltt\n\u25baEpic Games Store (LINUSMEDIAGROUP): https://lmg.gg/kRTpY\n\u25baAmazon Prime: https://lmg.gg/8KV1v\n\u25baAudible Free Trial: https://lmg.gg/8242J\n\u25baStreamlabs Prime: https://geni.us/cOHCiHh\n\u25baOur Gear on Amazon: https://geni.us/OhmF\n\nFOLLOW US ELSEWHERE\n---------------------------------------------------  \nTwitter: https://twitter.com/linustech\nFacebook: http://www.facebook.com/LinusTech\nInstagram: https://www.instagram.com/linustech\nTwitch: https://www.twitch.tv/linustech\n\nFOLLOW OUR OTHER CHANNELS\n---------------------------------------------------  \nTechquickie: https://lmg.gg/techquickieyt\nTechLinked: https://lmg.gg/techlinkedyt\nShortCircuit: https://lmg.gg/shortcircuityt\n\nLMG Clips: https://lmg.gg/lmgclipsyt\nChannel Super Fun: https://lmg.gg/channelsuperfunyt\nCarpool Critics: https://lmg.gg/carpoolcriticsyt\n\nMUSIC CREDIT\n---------------------------------------------------  \nTitle: Laszlo - Supernova\nVideo Link: https://www.youtube.com/watch?v=PKfxmFU3lWY\niTunes Download Link: https://itunes.apple.com/us/album/supernova/id936805712\nArtist Link: https://soundcloud.com/laszlomusic\n\nOutro Screen Music Credit: Approaching Nirvana - Sugar High http://www.youtube.com/approachingnirvana\n\nMonitor And Keyboard by vadimmihalkevich / CC BY 4.0  https://geni.us/PgGWp\nMechanical RGB Keyboard by BigBrotherECE / CC BY 4.0 https://geni.us/mj6pHk4\nMouse Gamer free Model By Oscar Creativo / CC BY 4.0 https://geni.us/Ps3XfE", "link": "https://www.youtube.com/watch?v=kRAGtV-WpIg", "date_published": "2021-01-02 00:00:00+00:00", "persistent": false, "user": null, "language": "en-US"}, {"source": "https://www.youtube.com/feeds/videos.xml?channel_id=UCXuqSBlHAE6Xw-yeJA0Tunw", "title": "Foldable iPhone.. YES!! - WAN Show January 1, 2021", "description": "Buy LTT water bottles on Amazon: http://lmg.gg/lttbottleamzn\n\nCheck out Seasonic's PRIME 850 W Titanium on Amazon at https://lmg.gg/seasonicprime\n\nStart your build today at https://www.buildredux.com/linus\n\nLearn more and try KernelCare+ for 7 days on all your servers at https://hubs.ly/H0BNgfv0\n\nPodcast Download: https://anchor.fm/thewanshowpodcast/episodes/Foldable-iPhone---YES-----WAN-Show-January-1--2021-eohu37\n\nCheck out Carpool Critics, our new movie podcast: https://www.youtube.com/channel/UCt-oJR5teQIjOAxCmIQvcgA\n\nTimestamps (Courtesy of Pizza Thyme Pizza FanClub)\n0:00 Start\n0:24 Linus And Luke's New Years experience.\n1:42 Topics to be covered\n3:09 Intro\n3:52 Linus forgot something\n4:30 Foldable iPhones and Apple's whole product ecosystem\n 4:40 Two different hinge designs\n 5:20 Apple has been introducing more SKUs of the iPhone since original launch\n 7:39 Apple is likely to make folding phones as a parallel product line \n 9:53 Nintendo is similar to Apple with killing popular products and reimagining it.\n 13:24 Future iPhone lineup predictions\n 14:33 iFold as a new device?\n 17:14 iPod's Reason for Existence\n 20:02 Airpod versus Beats\n 22:23 Beats May Have Been Bought to be Killed\n 24:35 Details on Foldable iPhone Prototypes\n27:15 The Artificial Sun Rises in the East (Fusion Reactor)\n 27:22 Superconducting Fusion Tokamak Reactor Operates for 20 seconds\n 28:37 Current issues with fusion reactors\n29:39 Tyler update\n33:17 Hedge Fund Advices Intel to Outsource CPU Manufacturing\n 33:26 Just because you give someone funding does not mean you know how to use it.\n 35:18 Hedge fund demands intel shed CPU manufacturing.\n 37:03 Gamers Nexus Disappointment 2020 Build.\n 38:22 Hedge fund manager victim of Dunning-Kruger effect.\n 39:38 Linus's Speculation on TSMC Intel Collaboration\n 42:58 How Intel Differs From The Competition\n45:06 Sponsor Spots ft Incorrect Banners\n 45:30 Redux\n 46:25 Seasonic\n 47:52 KernalCare\n49:01 LMG hiring interview with Madison tomorrow\n51:47 Linus selling water bottles on Amazon.\n54:00 Apple knew about child labor for years.\n55:50 Shroud\n 56:24 Shocker Linus knows what happens in videos and acts first reactions sometimes.\n 58:48 Linus Reacts to Shroud Reacts to Linus Tech Tips\n1:02:00 Superchats\n 1:02:03 Hello from Texas\n 1:02:17 What will happen to old LTT servers?\n 1:02:56 Apple Child Labor Hypocrisy\n 1:05:00 Northern Lights Deskpad\n 1:05:38 Dell Update\n 1:05:56 Linus workstation stream\n 1:06:32 Underwear in stock when?\n1:10:18 Outro", "link": "https://www.youtube.com/watch?v=nT0M2lv2QVM", "date_published": "2021-01-01 00:00:00+00:00", "persistent": false, "user": null, "language": "en-US"}]