[{"source": "http://rss.cnn.com/rss/edition.rss", "title": "Hackers have a devastating new target", "description": "A major gas pipeline. Dozens of government agencies. A Florida city's water supply. And now, one of the world's top meat producers.", "link": "https://www.cnn.com/2021/06/03/tech/ransomware-cyberattack-jbs-colonial-pipeline/index.html", "date_published": "2021-06-03 21:13:25+00:00", "persistent": false, "user": null, "language": "en-US"}, {"source": "http://rss.cnn.com/rss/edition.rss", "title": "US tracking Iranian ships that may be headed into the Atlantic and for Venezuela", "description": "The Pentagon and US intelligence agencies are closely tracking two Iranian ships that Tehran claims are bound for Venezuela.", "link": "https://www.cnn.com/2021/06/03/politics/us-iran-ships-venezuela/index.html", "date_published": "2021-06-03 21:01:01+00:00", "persistent": false, "user": null, "language": "en-US"}, {"source": "http://rss.cnn.com/rss/edition.rss", "title": "Cybersecurity expert: Defense isn't perfect in this game", "description": "FireEye's John Hultquist says ransomware is putting companies \"in an impossible position\" and that the government needs to step-up in order to deal with the threat.", "link": "https://www.cnn.com/videos/business/2021/06/03/cybersecurity-ransomware-companies-fireeye.cnnbusinses", "date_published": "2021-06-03 18:23:24+00:00", "persistent": false, "user": null, "language": "en-US"}, {"source": "http://rss.cnn.com/rss/edition.rss", "title": "Five arrested after 14-year-old girl gang raped in Belgium", "description": "An investigation into the alleged gang rape of a 14-year-old girl in Ghent, Belgium is underway after five people -- including three minors -- were arrested, according to public prosecutors and local media reports.", "link": "https://www.cnn.com/2021/06/03/europe/belgium-gang-rape-arrests-intl/index.html", "date_published": "2021-06-03 17:21:39+00:00", "persistent": false, "user": null, "language": "en-US"}, {"source": "http://rss.cnn.com/rss/edition.rss", "title": "Britain's royals have denied being a racist family. Archived papers reveal recent racist past", "description": "It wasn't long ago that Prince Harry and Meghan, Duchess of Sussex, claimed members of the British royal family had made overtly racist comments about the skin color of their first-born child.", "link": "https://www.cnn.com/2021/06/03/uk/queen-racist-employment-policy-intl-cmd-gbr-analysis/index.html", "date_published": "2021-06-03 16:37:04+00:00", "persistent": false, "user": null, "language": "en-US"}, {"source": "http://rss.cnn.com/rss/edition.rss", "title": "Analysis: Donald Trump is getting worse", "description": "The evidence is everywhere.", "link": "https://www.cnn.com/2021/06/03/politics/donald-trump-2020-election-fraud/index.html", "date_published": "2021-06-03 15:07:47+00:00", "persistent": false, "user": null, "language": "en-US"}, {"source": "http://rss.cnn.com/rss/edition.rss", "title": "Berman reads Dr. Fauci some of his released emails. Hear his response", "description": "Dr. Anthony Fauci discusses some of the emails he sent and received near the start of the coronavirus pandemic, including an email from an executive at a company that funded research at the Wuhan Institute of Virology.", "link": "https://www.cnn.com/videos/health/2021/06/03/dr-fauci-emails-coronavirus-origin-berman-newday-vpx.cnn", "date_published": "2021-06-03 13:34:30+00:00", "persistent": false, "user": null, "language": "en-US"}, {"source": "http://rss.cnn.com/rss/edition.rss", "title": "Michael Phelps reacts to Osaka's withdrawal decision", "description": "Olympic swimming legend Michael Phelps reacts to tennis star Naomi Osaka's announcement that she will not participate in the French Open.", "link": "https://www.cnn.com/videos/sports/2021/06/03/michael-phelps-naomi-osaka-withdraws-from-french-open-newday-vpx.cnn", "date_published": "2021-06-03 12:26:41+00:00", "persistent": false, "user": null, "language": "en-US"}, {"source": "http://rss.cnn.com/rss/edition.rss", "title": "Jacinda Ardern didn't feel like she was 'tough enough' for a career in politics", "description": "New Zealand Prime Minister Jacinda Ardern has said she didn't think she was \"tough enough\" for a life in politics, in a wide-ranging interview where she also discusses preparing for Covid-19 and how relations with the US have evolved.", "link": "https://www.cnn.com/2021/06/03/asia/axe-files-jacinda-ardern-interview-scli-intl/index.html", "date_published": "2021-06-03 11:51:27+00:00", "persistent": false, "user": null, "language": "en-US"}, {"source": "http://rss.cnn.com/rss/edition.rss", "title": "Watch Andrew Yang get in heated clash at mayoral debate", "description": "Democratic candidate for New York City mayor Andrew Yang railed against fellow candidate Eric Adams after Adams questioned Yang's commitment to the city.", "link": "https://www.cnn.com/videos/politics/2021/06/03/andrew-yang-eric-adams-new-york-mayor-debate-eg-orig.cnn", "date_published": "2021-06-03 05:00:34+00:00", "persistent": false, "user": null, "language": "en-US"}, {"source": "http://rss.cnn.com/rss/edition.rss", "title": "Israeli opposition parties strike coalition deal, paving the way for Netanyahu's exit", "description": "A coalition of Israeli political parties announced Wednesday night they had agreed \u200bto a deal to form a new government, paving the way for the exit of Israel's longest serving prime minister, Benjamin Netanyahu.", "link": "https://www.cnn.com/2021/06/02/middleeast/israel-coalition-deal-intl/index.html", "date_published": "2021-06-03 04:16:23+00:00", "persistent": false, "user": null, "language": "en-US"}, {"source": "http://rss.cnn.com/rss/edition.rss", "title": "What Fauci's emails reveal -- and what they don't", "description": "This week, 3,234 pages of emails from Dr. Anthony Fauci, the chief medical adviser to the President, were released through a Freedom Of Information Act request. I'm still trying to digest them all, as I expect many people are.", "link": "https://www.cnn.com/2021/06/02/opinions/anthony-fauci-emails-about-the-pandemic-ranney/index.html", "date_published": "2021-06-03 03:32:09+00:00", "persistent": false, "user": null, "language": "en-US"}, {"source": "http://rss.cnn.com/rss/edition.rss", "title": "UN sounds alarm over threat posed by emboldened Taliban, still closely tied to al Qaeda", "description": "An emboldened Taliban poses a severe and expanding threat to the government of Afghanistan, remains close to al Qaeda, and believes it can return to power by force if necessary, according to a United Nations Security Council report released on Wednesday.", "link": "https://www.cnn.com/2021/06/02/middleeast/un-report-taliban-afghanistan-al-qaeda-intl/index.html", "date_published": "2021-06-03 03:28:28+00:00", "persistent": false, "user": null, "language": "en-US"}, {"source": "http://rss.cnn.com/rss/edition.rss", "title": "Avengers Campus at Disney California Adventure Park: Your sneak preview", "description": "Delayed but not daunted, Spider-Man, Black Panther and other superheroes from Marvel Comics will debut their new land this week -- mere days before California loosens almost all Covid-19 restrictions.", "link": "https://www.cnn.com/travel/article/avengers-campus-disney-california-adventure-preview/index.html", "date_published": "2021-06-03 03:04:12+00:00", "persistent": false, "user": null, "language": "en-US"}, {"source": "http://rss.cnn.com/rss/edition.rss", "title": "US troops accidentally storm olive oil machinery factory", "description": "The US military has issued an apology after soldiers accidentally stormed a factory in Bulgaria that produces processing machinery for olive oil during a training exercise last month.", "link": "https://www.cnn.com/2021/06/02/politics/us-troops-bulgaria-olive-oil-factory/index.html", "date_published": "2021-06-03 03:02:55+00:00", "persistent": false, "user": null, "language": "en-US"}, {"source": "http://rss.cnn.com/rss/edition.rss", "title": "Fears of oil spill emergency as cargo ship that burnt for 13 days off coast of Sri Lanka is now sinking", "description": "A stricken container ship that caught fire 13 days ago off the Sri Lankan coast, unleashing one of the worst ecological disasters in the country's history, is now sinking, officials said.", "link": "https://www.cnn.com/2021/06/02/asia/sri-lanka-ship-sinking-intl-hnk/index.html", "date_published": "2021-06-03 03:01:38+00:00", "persistent": false, "user": null, "language": "en-US"}, {"source": "http://rss.cnn.com/rss/edition.rss", "title": "These locally elected officials posted or openly supported QAnon conspiracy theories. Here's what happened after they took office", "description": "A normally orderly school board meeting in this small city began with an unusual warning that there should be no clapping or shouting. But things soon became so contentious that the meeting was brought to a halt for a 10-minute cooling-off period.", "link": "https://www.cnn.com/2021/06/02/politics/local-elections-qanon-community-impact-soh/index.html", "date_published": "2021-06-03 02:51:34+00:00", "persistent": false, "user": null, "language": "en-US"}, {"source": "http://rss.cnn.com/rss/edition.rss", "title": "New York Times reports Trump administration secretly obtained its reporters' phone records", "description": "The Trump administration's Justice Department secretly seized months of phone records from four New York Times reporters as part of a leak investigation, the newspaper reported Wednesday.", "link": "https://www.cnn.com/2021/06/02/politics/trump-administration-phone-records-reporters-new-york-times/index.html", "date_published": "2021-06-03 02:38:29+00:00", "persistent": false, "user": null, "language": "en-US"}, {"source": "http://rss.cnn.com/rss/edition.rss", "title": "Dogecoin surges after Coinbase says some users can trade it", "description": "Dogecoin is going to the moon again.", "link": "https://www.cnn.com/2021/06/02/investing/dogecoin-surge-coinbase/index.html", "date_published": "2021-06-03 02:09:10+00:00", "persistent": false, "user": null, "language": "en-US"}, {"source": "http://rss.cnn.com/rss/edition.rss", "title": "Prosecutors request 30-year sentence for Derek Chauvin while defense argues for new trial", "description": "Prosecutors for the state of Minnesota are requesting a 30-year prison sentence for Derek Chauvin, the former officer convicted of the murder of George Floyd, according to a sentencing memo filed Wednesday.", "link": "https://www.cnn.com/2021/06/02/us/derek-chauvin-sentencing/index.html", "date_published": "2021-06-03 02:06:27+00:00", "persistent": false, "user": null, "language": "en-US"}, {"source": "http://rss.cnn.com/rss/edition.rss", "title": "Exxon expects third climate activist to be elected to board", "description": "ExxonMobil said it expects a third activist shareholder will be elected to its board of directors, following a contentious vote.", "link": "https://www.cnn.com/2021/06/02/investing/exxon-shareholders-climate-activist/index.html", "date_published": "2021-06-03 02:03:16+00:00", "persistent": false, "user": null, "language": "en-US"}, {"source": "http://rss.cnn.com/rss/edition.rss", "title": "As bombs rain down on Myanmar's hotbeds of rural resistance, tens of thousands flee to the jungle without food or water", "description": "In a remote part of Myanmar's far west, where narrow roads zigzag through treacherous mountain passes and villages nestle on precipitous slopes and ridges, lives a centuries-old community of hunters.", "link": "https://www.cnn.com/2021/06/02/asia/myanmar-chin-resistance-intl-hnk/index.html", "date_published": "2021-06-03 01:50:54+00:00", "persistent": false, "user": null, "language": "en-US"}, {"source": "http://rss.cnn.com/rss/edition.rss", "title": "Elephant herd razes 500-kilometer path of destruction after escape from China nature reserve", "description": "A herd of 15 elephants has wreaked havoc in China, trampling crops and causing more than a million dollars' worth of damage, after the animals escaped from a nature reserve last year.", "link": "https://www.cnn.com/2021/06/02/asia/elephant-escape-intl-scli/index.html", "date_published": "2021-06-03 01:48:51+00:00", "persistent": false, "user": null, "language": "en-US"}, {"source": "http://rss.cnn.com/rss/edition.rss", "title": "Rep. Mo Brooks is avoiding an insurrection lawsuit. Rep. Eric Swalwell hired a private investigator to find him.", "description": "Republican Rep. Mo Brooks is avoiding a lawsuit from his Democratic colleague Rep. Eric Swalwell that seeks to hold him accountable for the January 6 Capitol insurrection -- so much so that Swalwell's attorneys hired a private investigator to find him.", "link": "https://www.cnn.com/2021/06/02/politics/mo-brooks-eric-swalwell-insurrection-lawsuit/index.html", "date_published": "2021-06-03 01:06:57+00:00", "persistent": false, "user": null, "language": "en-US"}, {"source": "http://rss.cnn.com/rss/edition.rss", "title": "George P. Bush launches run for Texas attorney general", "description": "Texas Land Commissioner George P. Bush announced Wednesday night that he's running for attorney general in Texas, setting up a GOP showdown with one of the most high-profile Republican attorneys general in the country, Ken Paxton.", "link": "https://www.cnn.com/2021/06/02/politics/george-p-bush-texas-attorney-general/index.html", "date_published": "2021-06-03 01:05:14+00:00", "persistent": false, "user": null, "language": "en-US"}, {"source": "http://rss.cnn.com/rss/edition.rss", "title": "Ex-Trump adviser paints disturbing picture of Trump's mindset", "description": "CNN's Dana Bash reports that a former Trump adviser says the former president is so focused on the lie that the 2020 election was stolen from him that he's listening to \"the bottom of the bottom of the crazies in the barrel.\"", "link": "https://www.cnn.com/videos/politics/2021/06/03/trump-mindset-2020-election-bash-kinzinger-ac360-sot-vpx.cnn", "date_published": "2021-06-03 01:01:58+00:00", "persistent": false, "user": null, "language": "en-US"}, {"source": "http://rss.cnn.com/rss/edition.rss", "title": "12-year-old and 14-year-old broke into home, found weapons and opened fire on deputies", "description": "Deputies in Volusia County, Florida, shot a 14-year-old girl on Tuesday night after she and a 12-year-old boy fled a group home, broke into a house, found multiple guns inside and then opened fire on deputies, according to Volusia County Sheriff Mike Chitwood.", "link": "https://www.cnn.com/2021/06/02/us/florida-deputies-shooting-teen/index.html", "date_published": "2021-06-03 00:38:19+00:00", "persistent": false, "user": null, "language": "en-US"}, {"source": "http://rss.cnn.com/rss/edition.rss", "title": "Grads lose it when university president makes surprise announcement at ceremony", "description": "Debt? What debt? Graduates celebrated when Wilberforce University announced that student loans are forgiven. CNN's Jeanne Moos reports.", "link": "https://www.cnn.com/videos/us/2021/06/02/student-debt-forgiven-wilberforce-university-moos-pkg-vpx.cnn", "date_published": "2021-06-03 00:18:54+00:00", "persistent": false, "user": null, "language": "en-US"}, {"source": "http://rss.cnn.com/rss/edition.rss", "title": "Talk of overturning the 2020 election on new social media platforms used by QAnon followers sparks fears of further violence", "description": "Online conversation among Trump supporters and QAnon followers on new and emerging social media platforms is creating concern on Capitol Hill that President Donald Trump's continued perpetuation of the falsehood that the 2020 election was stolen could soon incite further violence, three congressional sources tell CNN.", "link": "https://www.cnn.com/2021/06/02/politics/telegram-qanon-trump-supporters/index.html", "date_published": "2021-06-03 00:05:42+00:00", "persistent": false, "user": null, "language": "en-US"}, {"source": "http://rss.cnn.com/rss/edition.rss", "title": "Trump supporters turn to new platform", "description": "CNN's Donie O'Sullivan reports on how Trump supporters are turning to a new platform called \"Telegram\" to push Donald Trump's big lie.", "link": "https://www.cnn.com/videos/media/2021/06/02/trump-telegram-big-lie-2020-election-osullivan-vpx.cnn", "date_published": "2021-06-03 00:04:45+00:00", "persistent": false, "user": null, "language": "en-US"}]