[{"source": "https://www.youtube.com/feeds/videos.xml?channel_id=UChvithwOECK5g_19TjldMKw", "title": "China is about to Attack", "description": "Xi Jinping's new speech is alarming. While most of the world will see it as positive, I will tell you why it very much is not. \n\n\u25d8 Support me on Patreon for early release, and much more! http://www.patreon.com/laowhy86\n\u25d8 Donate and support this channel through Paypal http://paypal.me/cmilkrun\n\nCrypto support \n\u25d8 Bitcoin - bc1qrvvga0c4kn69rlte47q0tzrhugn9pf426tqhvm\n\u25d8 ETH -  0x456E5A9B875d4eF8DCb70eB1F7Fa376C520b206C\n\u25d8 Odysee - http://odysee.com/@laowhy86\n\nMy documentaries - \n\u25d8 My TV show: Conquering Northern China:\nhttps://vimeo.com/ondemand/conqueringnorthernchina\n\u25d8 Conquering Southern China\nhttps://vimeo.com/ondemand/conqueringsouthernchina\n\nCar channel - https://www.youtube.com/worthlesswhips\nADVChina - https://www.youtube.com/advchina\nSerpentZA - https://www.youtube.com/serpentza\nADVPodcasts - https://www.youtube.com/advpodcasts\n\n\u25d8 Donate and support this channel through Paypal http://paypal.me/cmilkrun\n\n\u25d8 OR Become a Sponsor on YouTube:\nhttps://www.youtube.com/channel/UChvithwOECK5g_19TjldMKw/sponsor\n\n\u25d8 Join me every week for videos about China! Don't forget to subscribe!\nhttp://www.youtube.com/laowhy86\n\nBe a Laowinner!\nLike comment subscribe!\n\n\u25d8 Facebook:\nhttp://www.facebook.com/laowhy86\n\n\u25d8 Instagram: \nhttp://instagram.com/laowhy86", "link": "https://www.youtube.com/watch?v=x_dA4HJe5i0", "date_published": "2021-06-04 00:00:00+00:00", "persistent": false, "user": null, "language": "en-US"}]