[{"source": "https://www.youtube.com/feeds/videos.xml?channel_id=UCNTqu16j3F6RbtHZI-3untg", "title": "Zoom Education Has Failed An Entire Generation", "description": "As schools slowly return to in person classes, the education system and the students in it will never be the same. A year of Zoom classes and Google Meetings has forced teachers and students to adapt to more efficient means of learning at the cost of abandoning social circles. I interviewed students, teachers, and experts to help illuminate the uncertain future of education.\n\nSPECIAL THANKS:\n\nIntro animation made by Kobayashi'sEgo\nhttps://twitter.com/KobayashisEgo\n\nSong: Rock It On by Hideki Naganuma\nhttps://www.youtube.com/watch?v=WhcNnZxop74\n\n8 bit Cover of Campus by Vampire Weekend\nChiptune Planet:\nhttps://youtu.be/3X4diGglhNY\n\nTroublemaker Cover produced by Shuler, performed by Slush\n\n\"Social Games\" song: Internet Friends by Negative XP\n\nThe G-Links:\n\nhttps://twitter.com/GlinkLive\nTwitter, where I publish all my hot takes and dank memes\n\nhttps://www.reddit.com/r/glink/\nReddit, nobody uses this, but you can post memes here\n\nhttps://www.instagram.com/glink_between_worlds/\nInstagram, this is where things get real  a e s t h e t i c \n\nhttps://discord.gg/xtwYypf\nMy Discord, only for REAL gamers\n\nhttps://www.patreon.com/Glink\nSupport me on Patreon and be included in Q & As, audio updates, discord roles, and credits at the end of my videos \n\nhttps://teespring.com/stores/shop-glink\nWant to look fly while supporting my channel? Buy a T-shirt or poster here, all designs are custom made and completely original, not mention tasteful and artistic\n\nhttps://www.youtube.com/channel/UChJT4Jg89AHMyybcXFeKp_A\nMy podcast with Slush", "link": "https://www.youtube.com/watch?v=mZTvHofa6Q4", "date_published": "2021-06-04 00:00:00+00:00", "persistent": false, "user": null, "language": "en-US"}]