[{"source": "https://www.youtube.com/feeds/videos.xml?channel_id=UC3ScyryU9Oy9Wse3a8OAmYQ", "title": "Introducing: Un(re)solved | Podcast Series Trailer | FRONTLINE", "description": "What prompted the U.S. Department of Justice to investigate over 150 unsolved civil rights era killings? And what does justice look like for the families of the victims?\n\nReporter James Edwards seeks answers to these questions, reflecting on his own family\u2019s experiences along the way. Un(re)solved is an investigative podcast series and part of a multi-platform project from FRONTLINE.\n\nThis journalism is made possible by viewers like you. Support your local PBS station here: http://www.pbs.org/donate\n\nThe multi-platform Un(re)solved project investigates the federal government\u2019s effort to grapple with America\u2019s legacy of racist killings, mainly against African Americans, through the Emmett Till Unsolved Civil Rights Crime Act. For more, visit: frontline.org/unresolved\n\nLove FRONTLINE? Find us on the PBS Video App where there are more than 300 FRONTLINE documentaries available for you to watch any time: https://to.pbs.org/FLVideoApp\n\n#Unresolved #CivilRightsColdCases #frontlinePBS \n\nSubscribe on YouTube: http://bit.ly/1BycsJW\n\nInstagram: https://www.instagram.com/frontlinepbs\nTwitter: https://twitter.com/frontlinepbs\nFacebook: https://www.facebook.com/frontline\n\nThe Un(re)solved podcast is produced by FRONTLINE at WGBH and powered by PRX. Some of the interviews with family members of the next of kin were produced in collaboration with StoryCorps, a national nonprofit whose mission is to preserve and share humanity\u2019s stories in order to build connections between people and create a more just and compassionate world.  The Civil Rights and Restorative Justice Project at Northeastern University served as an academic advisor to the project.\n\nThe FRONTLINE Dispatch is made possible by the Abrams Foundation and by the GBH Catalyst Fund. Additional support for the FRONTLINE Dispatch comes from the Massachusetts General Hospital Cancer Center. Support for Un(re)solved provided by PBS; the Corporation for Public Broadcasting; the Abrams Foundation; the Jonathan Logan Family Foundation; The WNET Group\u2019s Chasing the Dream, a public media initiative that examines poverty, justice, and economic opportunity in America, with major funding by The JPB Foundation and additional funding from The Peter G. Peterson and Joan Ganz Cooney Fund; the GBH Catalyst Fund; the FRONTLINE Journalism Fund with major support from Jon and Jo Ann Hagler on behalf of the Jon L. Hagler Foundation; the Lisa and Douglas Goldman Fund; the Massachusetts General Hospital Cancer Center; and The Barbra Streisand Foundation. Funding for FRONTLINE is provided through the support of PBS viewers and by the Corporation for Public Broadcasting. Major funding for FRONTLINE is provided by the Ford Foundation. Additional funding is provided by the Abrams Foundation; the John D. and Catherine T. MacArthur Foundation; Park Foundation; and the FRONTLINE Journalism Fund with major support from Jon and Jo Ann Hagler on behalf of the Jon L. Hagler Foundation.", "link": "https://www.youtube.com/watch?v=vlL2i-1LtHg", "date_published": "2021-06-03 00:00:00+00:00", "persistent": false, "user": null, "language": "en-US"}]