[{"source": "https://www.youtube.com/feeds/videos.xml?channel_id=UCR-DXc1voovS8nhAvccRZhg", "title": "Provisioning and syncing Macs with Ansible", "description": "Treat your Mac like cattle, not a pet!\n\nI automate my Macs' setup and configuration with the Mac Dev Playbook: https://github.com/geerlingguy/mac-dev-playbook\n\nAnsible 101 - Episode 1: https://www.jeffgeerling.com/blog/2020/ansible-101-jeff-geerling-youtube-streaming-series\nAnsible for DevOps: https://www.ansiblefordevops.com\n\nSupport me on Patreon: https://www.patreon.com/geerlingguy\nSponsor me on GitHub: https://github.com/sponsors/geerlingguy\n\n#Mac #Apple #Ansible\n\nContents:\n\n00:00 - I have a problem...\n01:05 - The Mac Dev Playbook\n02:04 - 3-2-1 Backup Plan\n03:05 - Running the playbook\n04:27 - Aftermath\n05:18 - Nothing is perfect\n05:58 - Advantage of automation\n06:41 - What about Linux and Windows?\n07:08 - Outtakes", "link": "https://www.youtube.com/watch?v=1VhPVu5EK5o", "date_published": "2021-06-04 00:00:00+00:00", "persistent": false, "user": null, "language": "en-US"}]