[{"source": "https://www.youtube.com/feeds/videos.xml?channel_id=UCyl5V3-J_Bsy3x-EBCJwepg", "title": "THE BEE WEEKLY: Bear Pool Party and \u201cBake The Cake, You Bigot!\u201d", "description": "On this episode of The Bee Weekly, Kyle and Ethan are joined by Trevor Andersen to talk about bears crashing a pool party, atheists finding Jesus, and what blue checks are doing for Pride Month. Kyle and Ethan also talk to Jack Phillips of Masterpiece Cakeshop about the cost of his faith and his fight for religious liberty.\n\nFaithful CounselingGet 10% off your first month using this link: https://www.faithfulcounseling.com/babylonbee\n\nSubmit Your Own Headlines and Become a Premium Subscriber: https://babylonbee.com/plans\nThe Official The Babylon Bee Store: https://shop.babylonbee.com\u200b\u200b\u200b\u200b\nFollow The Babylon Bee:\nWebsite: https://babylonbee.com\u200b\u200b\u200b\u200b\nTwitter: http://twitter.com/thebabylonbee\n\u200b\u200b\u200b\u200bFacebook: http://facebook.com/thebabylonbee\n\u200b\u200b\u200b\u200bInstagram: http://instagram.com/thebabylonbee\u200b", "link": "https://www.youtube.com/watch?v=fm5UmjBMgU0", "date_published": "2021-06-04 00:00:00+00:00", "persistent": false, "user": null, "language": "en-US"}, {"source": "https://www.youtube.com/feeds/videos.xml?channel_id=UCyl5V3-J_Bsy3x-EBCJwepg", "title": "Conservative Comedy Writers VS. Liberal Comedy Writers FIGHT", "description": "Comedy is a fight! And it's conservative vs liberal. Can these conservative comedy writers think up a third joke? Of course not. If only they were liberal comedy writers with their wide variety of jokes!\n\nBecome a Premium Subscriber: https://babylonbee.com/plans\n\nThe Official The Babylon Bee Store: https://shop.babylonbee.com\u200b\u200b\u200b\u200b\n\nFollow The Babylon Bee:\nWebsite: https://babylonbee.com\u200b\u200b\u200b\u200b\nTwitter: http://twitter.com/thebabylonbee\u200b\u200b\u200b\u200b\nFacebook: http://facebook.com/thebabylonbee\u200b\u200b\u200b\u200b\nInstagram: http://instagram.com/thebabylonbee\u200b", "link": "https://www.youtube.com/watch?v=C0xeqOqpekE", "date_published": "2021-06-03 00:00:00+00:00", "persistent": false, "user": null, "language": "en-US"}]