[{"source": "https://www.youtube.com/feeds/videos.xml?channel_id=UCF9IOB2TExg3QIBupFtBDxg", "title": "Vaccine trends and Long covid", "description": "US\nhttps://www.cdc.gov/coronavirus/2019-ncov/cases-updates/index.html\n\nhttps://covid.cdc.gov/covid-data-tracker/#trends_dailytrendscases\n\nCases, + 14,354 = 33,130,027\n\nDeaths, + 437 = 592,776\n\nVaccinations\n\nhttps://www.medrxiv.org/content/10.1101/2021.05.30.21257971v1.full.pdf\n\nAt least one dose, 50.9% (169 million)\n\nFully vaccinated, 41.2% (137 million)\n\nVaccine trends\n\nhttps://covid.cdc.gov/covid-data-tracker/#vaccination-trends\n\nGlobal vaccination\n\nPresident Biden\n\nPfizer, Moderna, J and J\n\n80 million doses in June\n\nFirst 25 million \n\n6 million, Central and South America\n\n7 million, Asia\n\n5 million Asia\n\n6 million, Allies in need\n\nMostly COVAX\n\nSinovac Biotech (CoronaVac)\n\nUnder licence in Pakistan as PacVac\n\nDr June Raine, the chief executive of the Medicines and Healthcare products Regulatory Agency (MHRA).\n\nWe have carefully reviewed clinical trial data in children aged 12 to 15 years\n\nand have concluded that the Pfizer/BioNTech Covid-19 vaccine\n\nis safe and effective in this age group\n\nand that the benefits of this vaccine outweigh any risk\n\nUK, ONS\n\nhttps://www.ons.gov.uk/peoplepopulationandcommunity/healthandsocialcare/conditionsanddiseases/articles/coronaviruscovid19roundup/2020-03-26#health\n\nWeek ending 21 May 2021\n\nPrevalence\n\nEngland, 0.09% (1 in 1,120)\n\nWales, 0.03% (1 in 3,850)\n\nNI, 0.12% (1 in 820)\n\nScotland, 0.16% (1 in 630)\n\nThese are likely to be compatible with variant B.1.617.2, first identified in India.\n\nDeaths\n\n+ 107 (7 days, certificated)\n\n+ 151 previous week\n\n3.2% below 5 year average\n\nLong CoViD\n\nIn people with self-reported long COVID\n\nMore than one-third symptomatic after one year\n\n2 May 2021\n\n376,000 people infected during the \u201cfirst wave\u201d still symptomatic after one year\n\nOut of 1.0 million people with self-reported long COVID (more than 4 weeks)\n\nOf those reporting Long CoViD\n\n63.7% some limitation to day-to-day activities\n\n18.8% day-to-day activities limited a lot\n\n35 to 69 years, more likely to report long COVID 70+\n\nRelatively more common in:\n\nFemales\n\nDeprived areas\n\nHealth or social care workers\n\nAnother activity-limiting health condition\n\nUK\n\nhttps://coronavirus.data.gov.uk\n\nCases up 38.9% on the week", "link": "https://www.youtube.com/watch?v=fcNkPXkbSD4", "date_published": "2021-06-04 00:00:00+00:00", "persistent": false, "user": null, "language": "en-US"}]