[{"source": "https://www.youtube.com/feeds/videos.xml?channel_id=UCwSv086EAByBY-Z7y-QR_cQ", "title": "\u015awiatowe Forum Ekonomiczne przewiduje kres w\u0142asno\u015bci prywatnej do 2067 roku!", "description": "\ud83d\udcfa Zapraszam do ogl\u0105dania\n\n\u2b07\ufe0fRozwi\u0144 opis\u2b07\ufe0f\n------------------------------------------------------------\n\ud83d\udc40 Uszi po godzinach: https://goo.gl/cdCFKe\n\ud83d\udc40 Hello World_: http://bit.ly/31BEhnv\n------------------------------------------------------------\n\u2709\ufe0f Ludzie listy pisz\u0105 \n\ud83d\udd8a\ufe0f uszi@protonmail.com\n------------------------------------------------------------\n\ud83d\udc7a Niecenzuralne i agresywne komentarze zostan\u0105 usuni\u0119te.  Jak ju\u017c musisz zakl\u0105\u0107 dawaj znaki (&*%@%).\n------------------------------------------------------------\n\ud83d\udcb2 Donate/ Darowizna\nPLN / SMS / Blik: http://bit.ly/3bsXtJj\nBTC: 174EmE88YFtvs6fuM8ZL5yYbik8hcaY6ud\n-------------------------------------------------------------\n\u2705 \u0179r\u00f3d\u0142a:\n1. https://bit.ly/3BdUqRr\n2. https://bit.ly/3hNDpFX\n3. https://bit.ly/3BgcpGN\n---------------------------------------------------------------\n\ud83c\udfb4 Do kola\u017cu wykorzystano grafik\u0119 autorstwa: \nweforum.org - https://bit.ly/3axLnhz\n---------------------------------------------------------------\n\ud83d\udca1 Tagi: #wef\n--------------------------------------------------------------", "link": "https://www.youtube.com/watch?v=lE8Nw1FfhlY", "date_published": "2021-07-19 00:00:00+00:00", "persistent": false, "user": null, "language": "en-US"}, {"source": "https://www.youtube.com/feeds/videos.xml?channel_id=UCwSv086EAByBY-Z7y-QR_cQ", "title": "Program Ba\u0142tycka Ukraina, czyli ukrai\u0144ski kompleks portowy w Elbl\u0105gu", "description": "\ud83d\udcfa Zapraszam do ogl\u0105dania\n\n\u2b07\ufe0fRozwi\u0144 opis\u2b07\ufe0f\n------------------------------------------------------------\n\ud83d\udc40 Uszi po godzinach: https://goo.gl/cdCFKe\n\ud83d\udc40 Hello World_: http://bit.ly/31BEhnv\n------------------------------------------------------------\n\u2709\ufe0f Ludzie listy pisz\u0105 \n\ud83d\udd8a\ufe0f uszi@protonmail.com\n------------------------------------------------------------\n\ud83d\udc7a Niecenzuralne i agresywne komentarze zostan\u0105 usuni\u0119te.  Jak ju\u017c musisz zakl\u0105\u0107 dawaj znaki (&*%@%).\n------------------------------------------------------------\n\ud83d\udcb2 Donate/ Darowizna\nPLN / SMS / Blik: http://bit.ly/3bsXtJj\nBTC: 174EmE88YFtvs6fuM8ZL5yYbik8hcaY6ud\n-------------------------------------------------------------\n\u2705 \u0179r\u00f3d\u0142a:\n1. https://bit.ly/3ky92Fk\n2. https://bit.ly/2UWyQ35\n3. https://bit.ly/3xNYshn\n4. https://bit.ly/3hKPDPC\n5. https://bit.ly/3BfWTL1\n---------------------------------------------------------------\n\ud83c\udfb4 Do wykorzystano grafik\u0119 autorstwa: \nwikipedia.org / Mariusz0005\nhttps://bit.ly/3z7GJl3\n---\nCreative Commons 4.0\nhttps://bit.ly/3dYGiRr\n---------------------------------------------------------------\n\ud83d\udca1 Tagi: #Ukraina #Elbl\u0105g\n--------------------------------------------------------------", "link": "https://www.youtube.com/watch?v=jJB7QIMA1xY", "date_published": "2021-07-18 00:00:00+00:00", "persistent": false, "user": null, "language": "en-US"}]