[{"source": "https://www.youtube.com/feeds/videos.xml?channel_id=UCF9IOB2TExg3QIBupFtBDxg", "title": "Taiwan and South Africa", "description": "Thank you so much Jessica and Barbara for these authoritative reports from your local situations.\nI know Jessica and Barbara will be reading the comments section so please feel free to leave them both your supportive comments.", "link": "https://www.youtube.com/watch?v=mhjIpLaW5gA", "date_published": "2021-07-19 00:00:00+00:00", "persistent": false, "user": null, "language": "en-US"}, {"source": "https://www.youtube.com/feeds/videos.xml?channel_id=UCF9IOB2TExg3QIBupFtBDxg", "title": "UK hospital admissions will rise", "description": "The unknown is by how much, as the UK reopens, it is going to be a difficult summer\n\nNeil Ferguson, (SAGE member)\n\nEngland and Scotland have eases restrictions\n\nAlmost all legal restrictions on social contact end in England\n\nAlmost certain to reach\n\n100,000 cases per day\n\n1,000 hospital admissions per day\n\nMaintaining this level could be described as success\n\nPossible to reach\n\n200,000 cases per day\n\n2,000 hospital admissions per day\n\nThis would cause major disruption to the NHS\n\nMuch less certain to predict\n\nMay be a need to slow the spread to some extent\n\nIf hospital admissions were to reach 2,000 or 3,000 per day\n\nBest projections\n\nPeak, between August and mid-September\n\nIt will take 3 weeks to know effects of easing\n\nCovid passports\n\nIn the UK from end of September\n\nLong Covid\n\nAnother 500,000mpeople could get long Covid\n\nI think case numbers are likely to be declining at least by late September, even in the the worst-case scenario\n\nGoing into the winter, I think we will have quite a high degree of immunity against Covid, \n\nthe real concerns are a resurgence of influenza, because we haven't had any influenza for 18 months\n\nFlu could be, frankly, almost as damaging both for health and the health system, by December or January, as Covid has been this year\n\n\nPingdemic\n\nHealth Secretary Sajid Javid positive\n\nDoubled jabbed, pinged Boris Johnson and Rishi Sunak\n\nhttps://www.bbc.co.uk/news/business-57878345\n\nRising exponentially\n\nW/E 7th July\n\n500,000 alerts sent to NHS Test and Trace app users\n\n Up 46% on previous week\n\nPinging level is about 3:1 of Covid cases\n\nFrom 16 August\n\nFully vaccinated will not have to self-isolate if they are pinged \n\nInstead advised to take PCR test ASAP\n\nSupermarket boss\n\nThe clock is ticking and the government needs to act fast to get people back to work if they have a negative test\n\nIf not, we could be heading towards crisis point next month\n\nMorrisons\n\nThroughout the whole of the pandemic, we have not been required to close a store\n\nBritish Retail Consortium\n\nGovernment must bring forward the changes on self-isolation from 16 August\n\nso that people who are fully vaccinated or have a negative test are not forced to needlessly quarantine\n\nThe Joint Committee on Vaccination and Immunisation (JCVI)\n\nhttps://www.bbc.co.uk/news/uk-57876608\n\n12 to 17s soon\n\nVulnerable 12 to 15-year-olds and those nearly 18\n\nJeremy Hunt\n\nthe government was likely to have to reintroduce some controls in the autumn\n\nHospital admissions, NHS was facing a very serious situation\n\nProf Jonathan Van-Tam\n\nBumpy winter ahead\n\nApproach the easing, in a cautious, steady, gradual way", "link": "https://www.youtube.com/watch?v=TP8gsgTFPVc", "date_published": "2021-07-19 00:00:00+00:00", "persistent": false, "user": null, "language": "en-US"}, {"source": "https://www.youtube.com/feeds/videos.xml?channel_id=UCF9IOB2TExg3QIBupFtBDxg", "title": "World watching UK experiment", "description": "TV interview", "link": "https://www.youtube.com/watch?v=IUc_W1KbHNo", "date_published": "2021-07-19 00:00:00+00:00", "persistent": false, "user": null, "language": "en-US"}]