[{"source": "https://www.youtube.com/feeds/videos.xml?channel_id=UCXuqSBlHAE6Xw-yeJA0Tunw", "title": "This Laptop is ALL SCREEN!", "description": "You can try your first month of KiwiCo for FREE at: http://kiwico.com/LTT \n\nFoldable devices are here, or more specifically, foldable displays. Laptops and notebooks fold to make things more portable, but what if we folded the display itself? \n\nBuy Lenovo ThinkPad X1 Fold\nOn Amazon (PAID LINK): https://geni.us/R6hc\nOn Best Buy (PAID LINK): https://geni.us/TwiqQC\nOn Newegg (PAID LINK): https://geni.us/yeMWnw\n\nPurchases made through some store links may provide some compensation to Linus Media Group.\n\nDiscuss on the forum: https://linustechtips.com/topic/1357826-we-have-some-thoughts-about-folding-laptops/\n\n\u25baGET MERCH: http://www.LTTStore.com/\n\u25baSUPPORT US ON FLOATPLANE: https://www.floatplane.com/  \n\u25baLTX EXPO: https://www.ltxexpo.com/   \n\nAFFILIATES & REFERRALS\n---------------------------------------------------\n\u25baAffiliates, Sponsors & Referrals: https://lmg.gg/sponsors\n\u25baCheck out our podcast gear: https://kit.co/linustechtips/lmg-podcast-gear\n\u25baPrivate Internet Access VPN: https://lmg.gg/pialinus2\n\u25baOur Official Charging Partner Anker: https://lmg.gg/AnkerLTT\n\u25baMK Keyboards: https://lmg.gg/LyLtl\n\u25baNerd or Die Stream Overlays: https://lmg.gg/avLlO\n\u25baOfficial Game Store: https://www.nexus.gg/ltt\n\u25baAmazon Prime: https://lmg.gg/8KV1v\n\u25baAudible Free Trial: https://lmg.gg/8242J\n\u25baOur Gear on Amazon: https://geni.us/OhmF\n\nFOLLOW US ELSEWHERE\n---------------------------------------------------  \nTwitter: https://twitter.com/linustech\nFacebook: http://www.facebook.com/LinusTech\nInstagram: https://www.instagram.com/linustech\nTwitch: https://www.twitch.tv/linustech\n\nFOLLOW OUR OTHER CHANNELS\n---------------------------------------------------  \nMac Address: https://lmg.gg/macaddress\nTechquickie: https://lmg.gg/techquickieyt\nTechLinked: https://lmg.gg/techlinkedyt\nShortCircuit: https://lmg.gg/shortcircuityt\n\nLMG Clips: https://lmg.gg/lmgclipsyt\nChannel Super Fun: https://lmg.gg/channelsuperfunyt\nCarpool Critics: https://lmg.gg/carpoolcriticsyt\n\nMUSIC CREDIT\n---------------------------------------------------  \nTitle: Laszlo - Supernova\nVideo Link: https://www.youtube.com/watch?v=PKfxmFU3lWY\niTunes Download Link: https://itunes.apple.com/us/album/supernova/id936805712\nArtist Link: https://soundcloud.com/laszlomusic\n\nOutro Screen Music Credit: Approaching Nirvana - Sugar High http://www.youtube.com/approachingnirvana\n\nMonitor And Keyboard by vadimmihalkevich / CC BY 4.0  https://geni.us/PgGWp\nMechanical RGB Keyboard by BigBrotherECE / CC BY 4.0 https://geni.us/mj6pHk4\nMouse Gamer free Model By Oscar Creativo / CC BY 4.0 https://geni.us/Ps3XfE\n\nCHAPTERS\n---------------------------------------------------  \n0:00 Intro\n0:52 The display\n1:27 The hinge\n1:49 Exterior design\n2:07 Optional stylus\n3:03 The Fold Keyboard\n3:21 Portability\n3:45 alex is taking things from other employees is anyone gonna stop him pls guys i need\n3:49 Is it ACTUALLY good as a laptop, though?\n4:20 A strange design decision\n4:33 Tech specs\n6:12 The price & value\n6:50 webcam\n7:00 Final thoughts", "link": "https://www.youtube.com/watch?v=JaD_Ze-544E", "date_published": "2021-07-19 00:00:00+00:00", "persistent": false, "user": null, "language": "en-US"}, {"source": "https://www.youtube.com/feeds/videos.xml?channel_id=UCXuqSBlHAE6Xw-yeJA0Tunw", "title": "Where did these AWESOME Retro Consoles come from??? - Anbernic, Retroid, ODROID", "description": "Check out the Manta toolkit at: https://www.iFixit.com/LTT\n\nEvery gaming handheld I\u2019ve ever owned has come from some big Japanese company \u2013 But these didn\u2019t. What are they, and can they possibly be any good?\n\nBuy ANBERNIC RG351M\nOn Amazon (PAID LINK): https://geni.us/wyoXuo\nOn Newegg (PAID LINK): https://geni.us/4vCfF0\n\nBuy Retroid Pocket 2\nOn Amazon (PAID LINK): https://geni.us/pNp8iqt\nOn Newegg (PAID LINK): https://geni.us/P0MBl0\n\nCheck out the ODROID-GO Super at https://lmg.gg/QZpTN \n\nPurchases made through some store links may provide some compensation to Linus Media Group.\n\nDiscuss on the forum: https://linustechtips.com/topic/1357425-where-did-these-come-from/\n\n\n\u25baGET MERCH: http://www.LTTStore.com/\n\u25baSUPPORT US ON FLOATPLANE: https://www.floatplane.com/  \n\u25baLTX EXPO: https://www.ltxexpo.com/   \n\nAFFILIATES & REFERRALS\n---------------------------------------------------\n\u25baAffiliates, Sponsors & Referrals: https://lmg.gg/sponsors\n\u25baCheck out our podcast gear: https://kit.co/linustechtips/lmg-podcast-gear\n\u25baPrivate Internet Access VPN: https://lmg.gg/pialinus2\n\u25baOur Official Charging Partner Anker: https://lmg.gg/AnkerLTT\n\u25baMK Keyboards: https://lmg.gg/LyLtl\n\u25baNerd or Die Stream Overlays: https://lmg.gg/avLlO\n\u25baOfficial Game Store: https://www.nexus.gg/ltt\n\u25baAmazon Prime: https://lmg.gg/8KV1v\n\u25baAudible Free Trial: https://lmg.gg/8242J\n\u25baOur Gear on Amazon: https://geni.us/OhmF\n\nFOLLOW US ELSEWHERE\n---------------------------------------------------  \nTwitter: https://twitter.com/linustech\nFacebook: http://www.facebook.com/LinusTech\nInstagram: https://www.instagram.com/linustech\nTwitch: https://www.twitch.tv/linustech\n\nFOLLOW OUR OTHER CHANNELS\n---------------------------------------------------  \nMac Address: https://lmg.gg/macaddress\nTechquickie: https://lmg.gg/techquickieyt\nTechLinked: https://lmg.gg/techlinkedyt\nShortCircuit: https://lmg.gg/shortcircuityt\n\nLMG Clips: https://lmg.gg/lmgclipsyt\nChannel Super Fun: https://lmg.gg/channelsuperfunyt\nCarpool Critics: https://lmg.gg/carpoolcriticsyt\n\nMUSIC CREDIT\n---------------------------------------------------  \nTitle: Laszlo - Supernova\nVideo Link: https://www.youtube.com/watch?v=PKfxmFU3lWY\niTunes Download Link: https://itunes.apple.com/us/album/supernova/id936805712\nArtist Link: https://soundcloud.com/laszlomusic\n\nOutro Screen Music Credit: Approaching Nirvana - Sugar High http://www.youtube.com/approachingnirvana\n\nMonitor And Keyboard by vadimmihalkevich / CC BY 4.0  https://geni.us/PgGWp\nMechanical RGB Keyboard by BigBrotherECE / CC BY 4.0 https://geni.us/mj6pHk4\nMouse Gamer free Model By Oscar Creativo / CC BY 4.0 https://geni.us/Ps3XfE\n\nCHAPTERS\n---------------------------------------------------  \n0:00 Intro\n0:38 What ARE these?\n1:55 Anbernic RG351M\n6:22 Retroid Pocket 2\n10:53 ODROID-Go Super\n14:47 Some history\n16:18 Piracy\n17:13 Conclusion", "link": "https://www.youtube.com/watch?v=LXj5A9ZhPSE", "date_published": "2021-07-18 00:00:00+00:00", "persistent": false, "user": null, "language": "en-US"}]