[{"source": "https://news.bloomberglaw.com", "title": "Social Media Faces Privacy \u2018Paradox\u2019 in Spotting Underage Users", "description": "Social media platforms under pressure to shield children from harmful content face a dilemma: figuring out how old their users are without violating their privacy.", "link": "https://news.bloomberglaw.com/privacy-and-data-security/social-media-faces-privacy-paradox-in-spotting-underage-users", "date_published": "2021-12-30 14:29:45.698572+00:00", "persistent": true, "user": "Thomas Pain", "language": "en", "tags": ["moderation", "social media", "privacy"]}]