[{"source": "https://www.youtube.com/feeds/videos.xml?channel_id=UCQDhxkSxZA6lxdeXE19aoRA", "title": "Building a Gold & Diamond iPhone 12 Pro Max - Most Luxurious iPhone Ever.", "description": "Let's create the most elegant iPhone using the most luxurious materials.\n--------------------------------------Socials-------------------------------------\nWebsite: https://www.hughjeffreys.com\nStore: https://www.hughjeffreys.com/store\nInstagram: http://instagram.com/hughjeffreys\n---------------------------------------Links---------------------------------------\nGet parts, tools and repair guides at iFixit:\nShop US: https://iFixit.com/hughjeffreys\nShop AU: https://ifix.gd/hughjeffreysau\n\nTools I Use: https://www.hughjeffreys.com/tools\n---------------------------------------------------------------------------------------\n\n\n(DISCLAIMER: This description contains affiliate links, which means that if you click on one of the product links, l will receive a small commission.)", "link": "https://www.youtube.com/watch?v=Pukrv19Xa-I", "date_published": "2021-10-30 00:00:00+00:00", "persistent": false, "user": null, "language": "en-US"}]