[{"source": "https://www.youtube.com/feeds/videos.xml?channel_id=UCme4ZOv65uzGADXuvtHkSvA", "title": "CNN [#258] Ksia\u0328dz gada cia\u0328gle to samo", "description": "Kazanko do okienka, czyli komentarz do niedzielnych czyta\u0144\n\nXXXI Niedziela Zwyk\u0142a, ROK B\n\n1. czytanie (Pwt 6, 2-6)\n\nMoj\u017cesz powiedzia\u0142 do ludu: \u00abB\u0119dziesz si\u0119 ba\u0142 Pana, Boga swego, zachowuj\u0105c wszystkie Jego nakazy i prawa, kt\u00f3re ja tobie rozkazuj\u0119 wype\u0142nia\u0107, tobie, twym synom i wnukom, po wszystkie dni \u017cycia twego, by\u015b d\u0142ugo m\u00f3g\u0142 \u017cy\u0107.\nS\u0142uchaj, Izraelu, i pilnie tego przestrzegaj, aby ci si\u0119 dobrze powodzi\u0142o i aby\u015b si\u0119 bardzo rozmno\u017cy\u0142, jak ci przyrzek\u0142 Pan, B\u00f3g ojc\u00f3w twoich, \u017ce ci da ziemi\u0119 op\u0142ywaj\u0105c\u0105 w mleko i mi\u00f3d.\n\nS\u0142uchaj, Izraelu, Pan jest naszym Bogiem \u2013 Pan jedynie. B\u0119dziesz wi\u0119c mi\u0142owa\u0142 Pana, Boga twojego, z ca\u0142ego swego serca, z ca\u0142ej duszy swojej, ze wszystkich swych si\u0142. Pozostan\u0105 w twym sercu te s\u0142owa, kt\u00f3re ja ci dzi\u015b nakazuj\u0119\u00bb.\n\n\n2. czytanie (Hbr 7, 23-28)\n\nBracia: Wielu by\u0142o kap\u0142an\u00f3w poprzedniego Przymierza, gdy\u017c \u015bmier\u0107 nie zezwala\u0142a im trwa\u0107 przy \u017cyciu. Ten w\u0142a\u015bnie, poniewa\u017c trwa na wieki, ma kap\u0142a\u0144stwo nieprzemijaj\u0105ce. Przeto i zbawia\u0107 na wieki mo\u017ce ca\u0142kowicie tych, kt\u00f3rzy przez Niego przyst\u0119puj\u0105 do Boga, bo wci\u0105\u017c \u017cyje, aby si\u0119 wstawia\u0107 za nimi.\n\nTakiego bowiem potrzeba nam by\u0142o arcykap\u0142ana: \u015bwi\u0119tego, niewinnego, nieskalanego, oddzielonego od grzesznik\u00f3w, wywy\u017cszonego ponad niebiosa, takiego, kt\u00f3ry nie jest zobowi\u0105zany, jak inni arcykap\u0142ani, do sk\u0142adania codziennej ofiary najpierw za swoje grzechy, a potem za grzechy ludu. To bowiem uczyni\u0142 raz na zawsze, ofiaruj\u0105c samego siebie. Prawo bowiem ustanawia\u0142o arcykap\u0142anami ludzi obci\u0105\u017conych s\u0142abo\u015bci\u0105, s\u0142owo za\u015b przysi\u0119gi, z\u0142o\u017conej po nadaniu Prawa, ustanawia arcykap\u0142anem Syna doskona\u0142ego na wieki.\n\n\nEwangelia (Mk 12, 28b-34)\n\nJeden z uczonych w Pi\u015bmie podszed\u0142 do Jezusa i zapyta\u0142 Go: \u00abKt\u00f3re jest pierwsze ze wszystkich przykaza\u0144?\u00bb\n\nJezus odpowiedzia\u0142: \u00abPierwsze jest: \u201eS\u0142uchaj, Izraelu, Pan B\u00f3g nasz jest jedynym Panem. B\u0119dziesz mi\u0142owa\u0142 Pana, Boga swego, ca\u0142ym swoim sercem, ca\u0142\u0105 swoj\u0105 dusz\u0105, ca\u0142ym swoim umys\u0142em i ca\u0142\u0105 swoj\u0105 moc\u0105\u201d. Drugie jest to: \u201eB\u0119dziesz mi\u0142owa\u0142 swego bli\u017aniego jak siebie samego\u201d. Nie ma innego przykazania wi\u0119kszego od tych\u00bb.\n\nRzek\u0142 Mu uczony w Pi\u015bmie: \u00abBardzo dobrze, Nauczycielu, s\u0142usznie powiedzia\u0142e\u015b, bo Jeden jest i nie ma innego pr\u00f3cz Niego. Mi\u0142owa\u0107 Go ca\u0142ym sercem, ca\u0142ym umys\u0142em i ca\u0142\u0105 moc\u0105 i mi\u0142owa\u0107 bli\u017aniego jak siebie samego znaczy daleko wi\u0119cej ni\u017c wszystkie ca\u0142opalenia i ofiary\u00bb.\n\nJezus, widz\u0105c, \u017ce rozumnie odpowiedzia\u0142, rzek\u0142 do niego: \u00abNiedaleko jeste\u015b od kr\u00f3lestwa Bo\u017cego\u00bb. I nikt ju\u017c nie odwa\u017cy\u0142 si\u0119 Go wi\u0119cej pyta\u0107.\n________________________________________\nAby nas wesprze\u0107 kliknij tu \n\u2192 https://patronite.pl/langustanapalmie\n\u2192 http://bit.ly/Subskrybuj_Languste\n\n\u2661 Historie pot\u0142uczone\nAnchor \u2192 https://anchor.fm/langusta-na-palmie\nSpreaker \u2192 https://www.spreaker.com/show/historie-potluczone\nSpotify \u2192 https://spoti.fi/2NVIRHb\nApple \u2192 https://apple.co/2ZIPQZv\nGoogle Podcasts \u2192 https://bit.ly/2OlBWH\n\n\u2661  Pismo \u015awi\u0119te: \nAnchor \u2192 https://anchor.fm/langusta-na-palmie\nSpreaker \u2192 https://www.spreaker.com/show/przeczytaj-pismo-swiete-z-langusta\nSpotify \u2192  https://spoti.fi/34nZwLr\nApple \u2192  https://apple.co/33zdwCV\nGoogle Podcasts \u2192 https://bit.ly/3nmaZUc\n\nStrona z kalendarzem o. Adama: \n\u2192 http://www.langustanapalmie.pl\nMo\u017cna nas r\u00f3wnie\u017c znale\u017a\u0107 na Facebooku: \n\u2192 https://www.facebook.com/LangustaNaPalmie\nTwitterze: \n\u2192 https://twitter.com/LangustaPalmowa\nInstagramie: \n\u2192 https://www.instagram.com/langustanapalmie/\n\nZapraszamy.", "link": "https://www.youtube.com/watch?v=Io6hAMKQsYw", "date_published": "2021-10-30 00:00:00+00:00", "persistent": false, "user": null, "language": "pl-PL"}, {"source": "https://www.youtube.com/feeds/videos.xml?channel_id=UCme4ZOv65uzGADXuvtHkSvA", "title": "Ksi\u0119ga Powt\u00f3rzonego Prawa || Rozdzia\u0142 33", "description": "Przeczytajmy razem ca\u0142e Pismo \u015awi\u0119te! Od 1 pa\u017adziernika 2020 czytamy Pismo \u015awi\u0119te, codziennie 1 rozdzia\u0142 \u017cyciodajnego S\u0141OWA BOGA.\nWykorzystano Najnowszy przek\u0142ad Pisma \u015awi\u0119tego z komentarzem opracowany przez Zesp\u00f3\u0142 Biblist\u00f3w Polskich z inicjatywy Towarzystwa \u015awi\u0119tego Paw\u0142a (Edycja \u015awi\u0119tego Paw\u0142a). Pierwszy przek\u0142ad w trzecim tysi\u0105cleciu.\n________________________________________\nAby nas wesprze\u0107 kliknij tu \n\u2192 https://patronite.pl/langustanapalmie\n\u2192 http://bit.ly/Subskrybuj_Languste\n\n\u2661 Historie pot\u0142uczone\nAnchor \u2192 https://anchor.fm/langusta-na-palmie\nSpreaker \u2192 https://www.spreaker.com/show/historie-potluczone\nSpotify \u2192 https://spoti.fi/2NVIRHb\nApple \u2192 https://apple.co/2ZIPQZv\nGoogle Podcasts \u2192 https://bit.ly/2OlBWH\n\n\u2661  Pismo \u015awi\u0119te: \nAnchor \u2192 https://anchor.fm/langusta-na-palmie\nSpreaker \u2192 https://www.spreaker.com/show/przeczytaj-pismo-swiete-z-langusta\nSpotify \u2192  https://spoti.fi/34nZwLr\nApple \u2192  https://apple.co/33zdwCV\nGoogle Podcasts \u2192 https://bit.ly/3nmaZUc\n\nStrona z kalendarzem o. Adama: \n\u2192 http://www.langustanapalmie.pl\nMo\u017cna nas r\u00f3wnie\u017c znale\u017a\u0107 na Facebooku: \n\u2192 https://www.facebook.com/LangustaNaPalmie\nTwitterze: \n\u2192 https://twitter.com/LangustaPalmowa\nInstagramie: \n\u2192 https://www.instagram.com/langustanapalmie/\n\nZapraszamy.", "link": "https://www.youtube.com/watch?v=e5dy6ONdBQ4", "date_published": "2021-10-30 00:00:00+00:00", "persistent": false, "user": null, "language": "pl-PL"}, {"source": "https://www.youtube.com/feeds/videos.xml?channel_id=UCme4ZOv65uzGADXuvtHkSvA", "title": "Wstawaki [#929] Cis\u0301nienie", "description": "Wstawaj, \u017cyj i kochaj, czyli poranna dawka energii na ca\u0142y dzie\u0144 i nie tylko. \n\n\"Wstawaki 2.0\" muz: Jan Smoczy\u0144ski || Agnieszka Musia\u0142\n#Wstawaki #zr\u00f3bmydobrydzie\u0144 #AdamSzustakOP\n________________________________________\nAby nas wesprze\u0107 kliknij tu \n\u2192 https://patronite.pl/langustanapalmie\n\u2192 http://bit.ly/Subskrybuj_Languste\n\n\u2661 Historie pot\u0142uczone\nAnchor \u2192 https://anchor.fm/langusta-na-palmie\nSpreaker \u2192 https://www.spreaker.com/show/historie-potluczone\nSpotify \u2192 https://spoti.fi/2NVIRHb\nApple \u2192 https://apple.co/2ZIPQZv\nGoogle Podcasts \u2192 https://bit.ly/2OlBWH\n\n\u2661  Pismo \u015awi\u0119te: \nAnchor \u2192 https://anchor.fm/langusta-na-palmie\nSpreaker \u2192 https://www.spreaker.com/show/przeczytaj-pismo-swiete-z-langusta\nSpotify \u2192  https://spoti.fi/34nZwLr\nApple \u2192  https://apple.co/33zdwCV\nGoogle Podcasts \u2192 https://bit.ly/3nmaZUc\n\nStrona z kalendarzem o. Adama: \n\u2192 http://www.langustanapalmie.pl\nMo\u017cna nas r\u00f3wnie\u017c znale\u017a\u0107 na Facebooku: \n\u2192 https://www.facebook.com/LangustaNaPalmie\nTwitterze: \n\u2192 https://twitter.com/LangustaPalmowa\nInstagramie: \n\u2192 https://www.instagram.com/langustanapalmie/\n\nZapraszamy.", "link": "https://www.youtube.com/watch?v=krJzYo1mdYg", "date_published": "2021-10-30 00:00:00+00:00", "persistent": false, "user": null, "language": "pl-PL"}, {"source": "https://www.youtube.com/feeds/videos.xml?channel_id=UCme4ZOv65uzGADXuvtHkSvA", "title": "Ksi\u0119ga Powt\u00f3rzonego Prawa || Rozdzia\u0142 32", "description": "Przeczytajmy razem ca\u0142e Pismo \u015awi\u0119te! Od 1 pa\u017adziernika 2020 czytamy Pismo \u015awi\u0119te, codziennie 1 rozdzia\u0142 \u017cyciodajnego S\u0141OWA BOGA.\nWykorzystano Najnowszy przek\u0142ad Pisma \u015awi\u0119tego z komentarzem opracowany przez Zesp\u00f3\u0142 Biblist\u00f3w Polskich z inicjatywy Towarzystwa \u015awi\u0119tego Paw\u0142a (Edycja \u015awi\u0119tego Paw\u0142a). Pierwszy przek\u0142ad w trzecim tysi\u0105cleciu.\n________________________________________\nAby nas wesprze\u0107 kliknij tu \n\u2192 https://patronite.pl/langustanapalmie\n\u2192 http://bit.ly/Subskrybuj_Languste\n\n\u2661 Historie pot\u0142uczone\nAnchor \u2192 https://anchor.fm/langusta-na-palmie\nSpreaker \u2192 https://www.spreaker.com/show/historie-potluczone\nSpotify \u2192 https://spoti.fi/2NVIRHb\nApple \u2192 https://apple.co/2ZIPQZv\nGoogle Podcasts \u2192 https://bit.ly/2OlBWH\n\n\u2661  Pismo \u015awi\u0119te: \nAnchor \u2192 https://anchor.fm/langusta-na-palmie\nSpreaker \u2192 https://www.spreaker.com/show/przeczytaj-pismo-swiete-z-langusta\nSpotify \u2192  https://spoti.fi/34nZwLr\nApple \u2192  https://apple.co/33zdwCV\nGoogle Podcasts \u2192 https://bit.ly/3nmaZUc\n\nStrona z kalendarzem o. Adama: \n\u2192 http://www.langustanapalmie.pl\nMo\u017cna nas r\u00f3wnie\u017c znale\u017a\u0107 na Facebooku: \n\u2192 https://www.facebook.com/LangustaNaPalmie\nTwitterze: \n\u2192 https://twitter.com/LangustaPalmowa\nInstagramie: \n\u2192 https://www.instagram.com/langustanapalmie/\n\nZapraszamy.", "link": "https://www.youtube.com/watch?v=32-gngLk1gw", "date_published": "2021-10-29 00:00:00+00:00", "persistent": false, "user": null, "language": "pl-PL"}, {"source": "https://www.youtube.com/feeds/videos.xml?channel_id=UCme4ZOv65uzGADXuvtHkSvA", "title": "Wstawaki [#928] Skarbiec", "description": "Wstawaj, \u017cyj i kochaj, czyli poranna dawka energii na ca\u0142y dzie\u0144 i nie tylko. \n\n\"Wstawaki 2.0\" muz: Jan Smoczy\u0144ski || Agnieszka Musia\u0142\n#Wstawaki #zr\u00f3bmydobrydzie\u0144 #AdamSzustakOP\n________________________________________\nAby nas wesprze\u0107 kliknij tu \n\u2192 https://patronite.pl/langustanapalmie\n\u2192 http://bit.ly/Subskrybuj_Languste\n\n\u2661 Historie pot\u0142uczone\nAnchor \u2192 https://anchor.fm/langusta-na-palmie\nSpreaker \u2192 https://www.spreaker.com/show/historie-potluczone\nSpotify \u2192 https://spoti.fi/2NVIRHb\nApple \u2192 https://apple.co/2ZIPQZv\nGoogle Podcasts \u2192 https://bit.ly/2OlBWH\n\n\u2661  Pismo \u015awi\u0119te: \nAnchor \u2192 https://anchor.fm/langusta-na-palmie\nSpreaker \u2192 https://www.spreaker.com/show/przeczytaj-pismo-swiete-z-langusta\nSpotify \u2192  https://spoti.fi/34nZwLr\nApple \u2192  https://apple.co/33zdwCV\nGoogle Podcasts \u2192 https://bit.ly/3nmaZUc\n\nStrona z kalendarzem o. Adama: \n\u2192 http://www.langustanapalmie.pl\nMo\u017cna nas r\u00f3wnie\u017c znale\u017a\u0107 na Facebooku: \n\u2192 https://www.facebook.com/LangustaNaPalmie\nTwitterze: \n\u2192 https://twitter.com/LangustaPalmowa\nInstagramie: \n\u2192 https://www.instagram.com/langustanapalmie/\n\nZapraszamy.", "link": "https://www.youtube.com/watch?v=6HS1jko0EOY", "date_published": "2021-10-29 00:00:00+00:00", "persistent": false, "user": null, "language": "pl-PL"}]