[{"source": "https://www.youtube.com/feeds/videos.xml?channel_id=UCmKurapML4BF9Bjtj4RbvXw", "title": "The Piano Guys - LULLABY (Full Album)", "description": "Stream LULLABY, BUY the Album, Get Sheet Music! https://smarturl.it/lullabyyoutube\nWE\u2019RE ON TOUR: https://smarturl.it/the10tour | Subscribe: https://bit.ly/2XH4GCF \nOur NEWEST videos: https://youtube.com/playlist?list=PL7j5iXGSdMwdfnzc8Faa-HJITq9hPEEdI&playnext=1&index=2\n\nTrack Listing:\n1. Eye of the Tiger - 00:00\n2. Clair de Lune - 04:02\n3. Chopsticks Lullaby - 07:15\n4. All Good - 11:01\n5. Every Breath You Take - 13:26\n6. You'll Be in My Heart - 17:57\n7. River Flows in You - 22:03\n8. Nessun Dorma - 25:13\n9. Jesu Joy - 27:41\n10. Harmonious Blacksmith - 30:57\n11. Lullabye (Goodnight, My Angel) - 33:30\n12. Ode to Joy - 36:43\n13. Row Your Boat - 38:30\n\nLearn about our beliefs here: https://smarturl.it/TPG_Beliefs \n\nThe Story: \nIt\u2019s been said that a journey of a thousand miles begins with a single step. This album\u2019s journey of a thousand notes began with a single notion.\n\nWhat if \u201cEye of the Tiger\u201d was a lullaby?\n\nWe often hear from beautiful people such as yourself that much of our music can be used as a sleep aid --  a symphonic prescription for insomnia.\n\nIn fact, one of our favorite emails of all time was from a brave Navy man who served on a submarine. In his letter he talked about his struggle with claustrophobia. Can you imagine? He couldn\u2019t get to sleep at night in his shoebox-sized space. Until, he said, he found our music. Every night he\u2019d don his headphones, hit play and then close his eyes. He said our music would transport him to a place where there was plenty of room for peace of mind. He could finally fall asleep.\n\nStories like this made us want to compose a whole album full of musical melatonin. But not just any old lullabies -- with clich\u00e9 melodies and toy box sounds. We wanted to go all out (as we like to do). We wanted to rewrite household \u201chits\u201d with a thoughtful lullaby filter to see if they could stand up to helping people like you lie down...\n\nRead More: https://smarturl.it/lullabyyoutube\n\nFollow The Piano Guys:\nInstagram: https://instagram.com/thepianoguys\nFacebook: https://facebook.com/ThePianoGuys\nTikTok: https://tiktok.com/@thepianoguys \nTwitter: https://twitter.com/thepianoguys\n\nWatch More of The Piano Guys: \nCovers: https://youtube.com/playlist?list=PL7j5iXGSdMwc7n8Tsjl-I8zEOEZsjWydx&playnext=1&index=2 \nOfficial Music Videos: https://youtube.com/playlist?list=PL7j5iXGSdMwfDukj_bIIB_1JhbYtaWRYg&playnext=1&index=2 \nNewest Videos: https://youtube.com/playlist?list=PL7j5iXGSdMwdfnzc8Faa-HJITq9hPEEdI&playnext=1&index=2\nMost Popular: https://youtube.com/playlist?list=PL7j5iXGSdMweXm56WEjskhCT5oAeEZJQF&playnext=1 \n\nListen to The Piano Guys: \nSpotify: https://open.spotify.com/artist/0jW6R8CVyVohuUJVcuweDI?si=8GgyFRhiTz6POs8b0ir2IA&dl_branch=1 \nApple Music: https://music.apple.com/us/artist/the-piano-guys/498030399 \nAmazon Music: https://amazon.com/The-Piano-Guys/e/B00BXLTTI4 \n\nAbout The Piano Guys:\nPaul, a Yamaha dealer who dabbled in videography, Jon, a professional pianist, Al, a music producer and studio engineer, and Steve, a cellist with a creative superpower called ADHD, all serendipitously joined forces to create the most successful YouTube instrumental music group in history. The Piano Guys\u2019 mission is to inspire and spread hope through incomparably imaginative piano music videos filmed all over the world. On this channel you can regularly find piano covers of music from genres like top 40, pop, classic rock, R&B, hiphop, country, and more. Make sure to subscribe and enable all post notifications. For instant updates, check out The Piano Guys via their social media accounts linked above.\n\n#NewMusic #FullAlbum #ThePianoGuys", "link": "https://www.youtube.com/watch?v=RENllbnjbTI", "date_published": "2021-10-29 00:00:00+00:00", "persistent": false, "user": null, "language": "en-US"}]