[{"source": "https://www.youtube.com/feeds/videos.xml?channel_id=UC1W8ShdwtfgjRHdbl1Lctcw", "title": "Los Angeles 1940s in Color! Driving Downtown [60fps,Remastered] w/sound design added", "description": "I colorized, restored and created a sound design for this video of Los Angeles in 1940s, we can see the everyday life of the city recorded here street traffic, people going about their business,\n\nVideo Restoration Process:\n\u2714 FPS boosted to 60 frames per second \n\u2714 Image resolution boosted up to HD \n\u2714 Improved video sharpness and brightness \n\u2714 Colorized only for the ambiance (not historically accurate)\n\u2714added sound only for the ambiance\n\u2714restoration:(stabilisation,denoise,cleand,deblur) \n\nPlease, be aware that colorization colors are not real and fake, colorization was made only for the ambiance and do not represent real historical data.\n\nThanks to  A/V Geeks for share the amazing B&W Video Source\n\nB&W Video Source from:   A/V Geeks on archive.org\nB&W Video Source: https://archive.org/details/pet1037r4\n\nRights to the black and white 35mm Video Source are held by Internet Archive. under the Creative Commons Attribution License\n\n\ud83d\udce8 Contact :nassthegoodman@gmail.com\n- - - - - - - - - - - - - - - - - - - -\nFor any Copyright issues, please reach out to us first before filing a claim with YouTube. Send us a message or email detailing your concerns and we'll make sure the matter is resolved immediately. All contact details in our channel's \"About\" page! Please consider \"fair use\" before filing a claim. Thank You!", "link": "https://www.youtube.com/watch?v=OiShtKv43hg", "date_published": "2021-10-29 00:00:00+00:00", "persistent": false, "user": null, "language": "en-US"}]