[{"source": "https://www.youtube.com/feeds/videos.xml?channel_id=UCNvzD7Z-g64bPXxGzaQaa4g", "title": "10 RPG Game Concepts That MAKE NO SENSE", "description": "RPGs are one of the greatest video game genres, but sometimes they don't quite make sense. Here are some funny reasons why.\nSubscribe for more: https://www.youtube.com/gameranxTV?sub_confirmation=1", "link": "https://www.youtube.com/watch?v=1TBTnDzoygA", "date_published": "2021-12-22 00:00:00+00:00", "persistent": false, "user": null, "language": "en-US"}, {"source": "https://www.youtube.com/feeds/videos.xml?channel_id=UCNvzD7Z-g64bPXxGzaQaa4g", "title": "Top 20 Best PC Games of 2021", "description": "2021 had a metric ton of great games for PC. Here are all of the games that we think are worth your time.\nSubscribe for more: https://www.youtube.com/gameranxTV?sub_confirmation=1\n\n20-Forza Horizon 5 \n\nPlatform : PC Xbox One XSX|S\n\nRelease date : 9 November 2021\n\n\n\n19-Hell Let Loose \n\nPlatform : PC PS5 XSX|S\n\nRelease date : July 27, 2021\n\n\n\n18- Pathfinder: Wrath of the Righteous\n\nPlatform : PC\n\nRelease date : 2 September 2021\n\n\n\n17-Ready or Not \n\nPlatform : PC\n\nRelease date : 18 Dec, 2021\n\n\n\n16-Back 4 Blood \n\nPlatform : PC PS4 PS5 Xbox One XSX|S \n\nRelease date : October 12, 2021 \n\n\n\n15-Scarlet Nexus\n\nPlatform : PC PS4 PS5 Xbox One XSX|S \n\nRelease date : June 25, 2021 \n\n \n\n14-MARVEL'S Guardians of the Galaxy \n\nPlatform : PC PS4 PS5 Xbox One XSX|S Switch \n\nRelease date : October 26, 2021 \n\n\n\n13-Humankind\n\nPlatform : PC Stadia \n\nRelease date : 17 August 2021 \n\n\n\n12-It Takes Two\n\nPlatform : PC PS4 PS5 Xbox One XSX|S \n\nRelease date : March 26, 2021 \n\n\n\n11-The Ascent\n\nPlatform : PC Xbox One XSX|S\n\nRelease date : 29 July 2021 \n\n\n\n10-Hitman 3\n\nPlatform : PC PS4 PS5 Xbox One XSX|S Switch Stadia \n\nRelease date : 20 January 2021 \n\n\n\n9-Deathloop\n\nPlatform : PC PS5 \n\nRelease date : 14 September 2021 \n\n\n\n8-Tales of Arise \n\nPlatform : PC PS4 PS5 Xbox One XSX|S \n\nRelease date : September 10, 2021 \n\n\n\n7-DEATH'S DOOR \n\nPlatform : PC XBOX ONE XSX|S PS4 PS5 Switch \n\nRelease date : July 20, 2021 \n\n\n\n6-The Forgotten City \n\nPlatform : PC XBOX ONE XSX|S PS4 PS5 Switch \n\nRelease date : Standalone game 28 July 2021\n\n\n\n5-Chivalry 2 \n\nPlatform : PC XBOX ONE XSX|S PS4 PS5 \n\nRelease date : June 8, 2021\n\n\n\n4-Halo Infinite \n\nPlatform : PC Xbox One XSX|S  \n\nRelease date : December 8, 2021 \n\n\n\n3-Eastward \n\nPlatform : PC Switch \n\nRelease date : September 16, 2021 \n\n\n\n2-Resident Evil Village \n\nPlatform : Stadia PC XBOX ONE XSX|S PS4 PS5 \n\nRelease date : May 7, 2021 \n\n\n\n1-AGE OF EMPIRES IV \n\nPlatform : PC \n\nRelease date : October 28, 2021 \n\n\n\nBONUS\n\nWilderMyth\n\nPlatform : PC\n\nRelease date : 15 Jun, 2021 \n\n\n\nLONE ECHO II\n\nPlatform : Oculus Rift, Oculus Rift S \n\nRelease date : October 12, 2021 \n\n\n\nKena: Bridge of Spirits\n\nPlatform : PC PS4 PS5 \n\nRelease date : September 21, 2021 \n\n\n\nHot wheels Unleashed\n\nPlatform : PC PS4 PS5 Xbox One XSX|S Switch  \n\nRelease date : September 30, 2021 \n\n\n\nLittle Nightmares 2 \n\nPlatform : PC PS4 Stadia Xbox One Switch PS5 XSX|S  \n\nRelease date :  11 February 2021 \n\n\n\nENDER LILIES: Quietus of the Knights \n\nPlatform : PC Switch PS4 XBOX ONE XSX|S \n\nRelease date : June 22, 2021 \n\n\n\nMass Effect Legendary Edition \n\nPlatform : PC PS4 Xbox one \n\nRelease date : May 14, 2021 \n\n\n\nCHICORY: A COLORFUL TALE \n\nPlatform : PC PS4 PS5 \n\nRelease date : June 10, 2021 \n\n\n\nGRIME \n\nPlatform : PC Stadia \n\nRelease date : August 2, 2021 \n\n                                                                       \n\nPsychonauts 2\n\nPlatform : PC PS4 Xbox One XSX|S\n\nRelease date : August 25, 2021\n\n0:00 Intro \n0:13 Forza Horizon 5 \n0:45 Hell Let Loose \n1:30 Pathfinder: Wrath of the Righteous\n2:06 Ready or Not  \n3:10 Back 4 Blood \n3:43 Scarlet Nexus\n4:24 MARVEL'S Guardians of the Galaxy \n5:20 Humankind\n6:07 It Takes Two\n7:04 The Ascent\n7:43 Hitman 3\n8:26 Deathloop\n9:07 Tales of Arise \n9:45 DEATH'S DOOR \n10:28 The Forgotten City \n11:01 Chivalry 2 \n11:51 Halo Infinite \n12:49 Eastward \n13:33 Resident Evil Village \n14:36 AGE OF EMPIRES IV \n15:29 BONUS", "link": "https://www.youtube.com/watch?v=gmtZS0brRH4", "date_published": "2021-12-21 00:00:00+00:00", "persistent": false, "user": null, "language": "en-US"}]