[{"source": "https://www.youtube.com/feeds/videos.xml?channel_id=UCl2mFZoRqjw_ELax4Yisf6w", "title": "Boston Globe covers Right to Repair featuring the chad Nathan Proctor", "description": "https://tinyurl.com/rossmatrix\n\ud83d\udd35 https://www.bostonglobe.com/2021/12/17/metro/should-massachusetts-adopt-right-repair-law-electronics/\n\ud83d\udd35  https://www.youtube.com/watch?v=IVgUir3mwDk\n\ud83d\udd35 https://www.youtube.com/watch?v=ZKALUEoRd7E\n\ud83d\udd35 https://www.telegraph.co.uk/business/2021/06/06/apple-pays-millions-woman-explicit-photos-posted-online/\n \n\ud83d\udc49 This video was recorded with the following:\n\ud83d\udd35 Chair: https://amzn.to/3D2J2Jb\n\ud83d\udd35 Camera: https://amzn.to/3eO58my\n\ud83d\udd35 Microphone: https://bit.ly/ae5400\n\ud83d\udd35 HDMI capture: https://amzn.to/3cMzhRq\n\ud83d\udd35 Audio interface: https://bit.ly/2i2audio", "link": "https://www.youtube.com/watch?v=MwRdHadkHm8", "date_published": "2021-12-22 00:00:00+00:00", "persistent": false, "user": null, "language": "en-US"}, {"source": "https://www.youtube.com/feeds/videos.xml?channel_id=UCl2mFZoRqjw_ELax4Yisf6w", "title": "NYC urban decay FOLLOWUP: 5 months later, it's still VACANT!", "description": "https://tinyurl.com/rossmatrix\nhttps://www.youtube.com/watch?v=Zjd1WNhGliY", "link": "https://www.youtube.com/watch?v=bGBr32DSu1E", "date_published": "2021-12-22 00:00:00+00:00", "persistent": false, "user": null, "language": "en-US"}, {"source": "https://www.youtube.com/feeds/videos.xml?channel_id=UCl2mFZoRqjw_ELax4Yisf6w", "title": "People trust Google over Apple with their data: WTF", "description": "https://tinyurl.com/rossmatrix\n\ud83d\udd35 https://youtu.be/_vWAF13KigI\n\ud83d\udd35 https://www.washingtonpost.com/technology/2021/12/22/tech-trust-survey/\n\n\ud83d\udc49 This video was recorded with the following:\n\ud83d\udd35 Chair: https://amzn.to/3D2J2Jb\n\ud83d\udd35 Camera: https://amzn.to/3eO58my\n\ud83d\udd35 Microphone: https://bit.ly/ae5400\n\ud83d\udd35 HDMI capture: https://amzn.to/3cMzhRq\n\ud83d\udd35 Audio interface: https://bit.ly/2i2audio", "link": "https://www.youtube.com/watch?v=lZCXfWPtY78", "date_published": "2021-12-22 00:00:00+00:00", "persistent": false, "user": null, "language": "en-US"}]