[{"source": "https://www.youtube.com/feeds/videos.xml?channel_id=UCme4ZOv65uzGADXuvtHkSvA", "title": "Historie pot\u0142uczone [#42] O Gabrielu, co mia\u0142 krzy\u017c ponad miar\u0119", "description": "Historie pot\u0142uczone to opowie\u015bci o c\u00f3rkach i synach Boga, pi\u0119knych i brzydkich, \u015bwi\u0119tych i grzesznych, szcz\u0119\u015bliwych i na skraju rozpaczy. To opowie\u015bci o drodze, kt\u00f3r\u0105 idzie si\u0119 do nieba i o zakr\u0119tach i chaszczach, kt\u00f3re spychaj\u0105 do piek\u0142a. To opowie\u015bci o ludziach po prostu. Czyli o nas.\n\nMuzyka: Kai Engel: Brand New World, https://freemusicarchive.org/music/Kai_Engel/Sustains/Kai_Engel_-_Sustains_-_01_Brand_New_World\n\n#historiepot\u0142uczone  @Langustanapalmie \n________________________________________\nAby nas wesprze\u0107 kliknij tu \n\u2192 https://patronite.pl/langustanapalmie\n\u2192 http://bit.ly/Subskrybuj_Languste\n\n\u2661 Historie pot\u0142uczone\nAnchor \u2192 https://anchor.fm/langusta-na-palmie\nSpreaker \u2192 https://www.spreaker.com/show/historie-potluczone\nSpotify \u2192 https://spoti.fi/2NVIRHb\nApple \u2192 https://apple.co/2ZIPQZv\nGoogle Podcasts \u2192 https://bit.ly/2OlBWH\n\n\u2661  Pismo \u015awi\u0119te: \nAnchor \u2192 https://anchor.fm/langusta-na-palmie\nSpreaker \u2192 https://www.spreaker.com/show/przeczytaj-pismo-swiete-z-langusta\nSpotify \u2192  https://spoti.fi/34nZwLr\nApple \u2192  https://apple.co/33zdwCV\nGoogle Podcasts \u2192 https://bit.ly/3nmaZUc\n\nStrona z kalendarzem o. Adama: \n\u2192 http://www.langustanapalmie.pl\nMo\u017cna nas r\u00f3wnie\u017c znale\u017a\u0107 na Facebooku: \n\u2192 https://www.facebook.com/LangustaNaPalmie\nTwitterze: \n\u2192 https://twitter.com/LangustaPalmowa\nInstagramie: \n\u2192 https://www.instagram.com/langustanapalmie/\n\nZapraszamy.", "link": "https://www.youtube.com/watch?v=ZYShpiyLmss", "date_published": "2021-10-10 00:00:00+00:00", "persistent": false, "user": null, "language": "pl-PL"}, {"source": "https://www.youtube.com/feeds/videos.xml?channel_id=UCme4ZOv65uzGADXuvtHkSvA", "title": "Ksi\u0119ga Powt\u00f3rzonego Prawa || Rozdzia\u0142 13", "description": "Przeczytajmy razem ca\u0142e Pismo \u015awi\u0119te! Od 1 pa\u017adziernika 2020 czytamy Pismo \u015awi\u0119te, codziennie 1 rozdzia\u0142 \u017cyciodajnego S\u0141OWA BOGA.\nWykorzystano Najnowszy przek\u0142ad Pisma \u015awi\u0119tego z komentarzem opracowany przez Zesp\u00f3\u0142 Biblist\u00f3w Polskich z inicjatywy Towarzystwa \u015awi\u0119tego Paw\u0142a (Edycja \u015awi\u0119tego Paw\u0142a). Pierwszy przek\u0142ad w trzecim tysi\u0105cleciu.\n________________________________________\nAby nas wesprze\u0107 kliknij tu \n\u2192 https://patronite.pl/langustanapalmie\n\u2192 http://bit.ly/Subskrybuj_Languste\n\n\u2661 Historie pot\u0142uczone\nAnchor \u2192 https://anchor.fm/langusta-na-palmie\nSpreaker \u2192 https://www.spreaker.com/show/historie-potluczone\nSpotify \u2192 https://spoti.fi/2NVIRHb\nApple \u2192 https://apple.co/2ZIPQZv\nGoogle Podcasts \u2192 https://bit.ly/2OlBWH\n\n\u2661  Pismo \u015awi\u0119te: \nAnchor \u2192 https://anchor.fm/langusta-na-palmie\nSpreaker \u2192 https://www.spreaker.com/show/przeczytaj-pismo-swiete-z-langusta\nSpotify \u2192  https://spoti.fi/34nZwLr\nApple \u2192  https://apple.co/33zdwCV\nGoogle Podcasts \u2192 https://bit.ly/3nmaZUc\n\nStrona z kalendarzem o. Adama: \n\u2192 http://www.langustanapalmie.pl\nMo\u017cna nas r\u00f3wnie\u017c znale\u017a\u0107 na Facebooku: \n\u2192 https://www.facebook.com/LangustaNaPalmie\nTwitterze: \n\u2192 https://twitter.com/LangustaPalmowa\nInstagramie: \n\u2192 https://www.instagram.com/langustanapalmie/\n\nZapraszamy.", "link": "https://www.youtube.com/watch?v=Lmh7RqgN4sY", "date_published": "2021-10-10 00:00:00+00:00", "persistent": false, "user": null, "language": "pl-PL"}, {"source": "https://www.youtube.com/feeds/videos.xml?channel_id=UCme4ZOv65uzGADXuvtHkSvA", "title": "CNN [#255] Masz jeszcze szanse\u0328!", "description": "#cnn #kazankodookienka #dobrewiadomo\u015bci @Langustanapalmie   \n\nKomentarz do czyta\u0144, czyli kazanko do okienka.\n\nDwudziesta \u00d3sma Niedziela zwyk\u0142a\nRok B, I\n\n1. czytanie (Mdr 7, 7-11)\n\nModli\u0142em si\u0119 i dano mi zrozumienie, przyzywa\u0142em, i przyszed\u0142 mi z pomoc\u0105 duch M\u0105dro\u015bci. Oceni\u0142em j\u0105 wy\u017cej nad ber\u0142a i trony i w zestawieniu z ni\u0105 za nic uzna\u0142em bogactwa. Nie zr\u00f3wna\u0142em z ni\u0105 drogich kamieni, bo wszystko z\u0142oto wobec niej jest gar\u015bci\u0105 piasku, a srebro przy niej b\u0119dzie poczytane za b\u0142oto.\nUmi\u0142owa\u0142em j\u0105 nad zdrowie i pi\u0119kno\u015b\u0107 i wola\u0142em mie\u0107 j\u0105 ani\u017celi \u015bwiat\u0142o, bo blask jej nie ustaje. A przyby\u0142y mi wraz z ni\u0105 wszystkie dobra i niezliczone bogactwa w jej r\u0119ku.\n\n2. czytanie (Hbr 4, 12-13)\n\n\u017bywe jest s\u0142owo Bo\u017ce, skuteczne i ostrzejsze ni\u017c wszelki miecz obosieczny, przenikaj\u0105ce a\u017c do rozdzielenia duszy i ducha, staw\u00f3w i szpiku, zdolne os\u0105dzi\u0107 pragnienia i my\u015bli serca. Nie ma stworzenia, kt\u00f3re by dla Niego by\u0142o niewidzialne; przeciwnie, wszystko odkryte jest i ods\u0142oni\u0119te przed oczami Tego, kt\u00f3remu musimy zda\u0107 rachunek.\n\nEwangelia (Mk 10, 17-30)\n\nGdy Jezus wybiera\u0142 si\u0119 w drog\u0119, przybieg\u0142 pewien cz\u0142owiek i upad\u0142szy przed Nim na kolana, zacz\u0105\u0142 Go pyta\u0107: \u00abNauczycielu dobry, co mam czyni\u0107, aby osi\u0105gn\u0105\u0107 \u017cycie wieczne?\u00bb\nJezus mu rzek\u0142: \u00abCzemu nazywasz Mnie dobrym? Nikt nie jest dobry, tylko sam B\u00f3g. Znasz przykazania: Nie zabijaj, nie cudzo\u0142\u00f3\u017c, nie kradnij, nie zeznawaj fa\u0142szywie, nie oszukuj, czcij swego ojca i matk\u0119\u00bb.\nOn Mu odpowiedzia\u0142: \u00abNauczycielu, wszystkiego tego przestrzega\u0142em od mojej m\u0142odo\u015bci\u00bb.\nWtedy Jezus spojrza\u0142 na niego z mi\u0142o\u015bci\u0105 i rzek\u0142 mu: \u00abJednego ci brakuje. Id\u017a, sprzedaj wszystko, co masz, i rozdaj ubogim, a b\u0119dziesz mia\u0142 skarb w niebie. Potem przyjd\u017a i chod\u017a za Mn\u0105\u00bb. Lecz on spochmurnia\u0142 na te s\u0142owa i odszed\u0142 zasmucony, mia\u0142 bowiem wiele posiad\u0142o\u015bci.\nW\u00f3wczas Jezus spojrza\u0142 dooko\u0142a i rzek\u0142 do swoich uczni\u00f3w: \u00abJak trudno tym, kt\u00f3rzy maj\u0105 dostatki, wej\u015b\u0107 do kr\u00f3lestwa Bo\u017cego\u00bb. Uczniowie przerazili si\u0119 Jego s\u0142owami, lecz Jezus powt\u00f3rnie im rzek\u0142: \u00abDzieci, jak\u017ce trudno wej\u015b\u0107 do kr\u00f3lestwa Bo\u017cego tym, kt\u00f3rzy w dostatkach pok\u0142adaj\u0105 ufno\u015b\u0107. \u0141atwiej jest wielb\u0142\u0105dowi przej\u015b\u0107 przez ucho igielne, ni\u017c bogatemu wej\u015b\u0107 do kr\u00f3lestwa Bo\u017cego\u00bb.\nA oni tym bardziej si\u0119 dziwili i m\u00f3wili mi\u0119dzy sob\u0105: \u00abKt\u00f3\u017c wi\u0119c mo\u017ce by\u0107 zbawiony?\u00bb\nJezus popatrzy\u0142 na nich i rzek\u0142: \u00abU ludzi to niemo\u017cliwe, ale nie u Boga; bo u Boga wszystko jest mo\u017cliwe\u00bb.\nWtedy Piotr zacz\u0105\u0142 m\u00f3wi\u0107 do Niego: \u00abOto my opu\u015bcili\u015bmy wszystko i poszli\u015bmy za Tob\u0105\u00bb.\nJezus odpowiedzia\u0142: \u00abZaprawd\u0119, powiadam wam: Nikt nie opuszcza domu, braci, si\u00f3str, matki, ojca, dzieci lub p\u00f3l z powodu Mnie i z powodu Ewangelii, \u017ceby nie otrzyma\u0142 stokro\u0107 wi\u0119cej teraz, w tym czasie, dom\u00f3w, braci, si\u00f3str, matek, dzieci i p\u00f3l, w\u015br\u00f3d prze\u015bladowa\u0144, a \u017cycia wiecznego w czasie przysz\u0142ym\u00bb.\n\n________________________________________\nAby nas wesprze\u0107 kliknij tu \n\u2192 https://patronite.pl/langustanapalmie\n\u2192 http://bit.ly/Subskrybuj_Languste\n\n\u2661 Historie pot\u0142uczone\nAnchor \u2192 https://anchor.fm/langusta-na-palmie\nSpreaker \u2192 https://www.spreaker.com/show/historie-potluczone\nSpotify \u2192 https://spoti.fi/2NVIRHb\nApple \u2192 https://apple.co/2ZIPQZv\nGoogle Podcasts \u2192 https://bit.ly/2OlBWH\n\n\u2661  Pismo \u015awi\u0119te: \nAnchor \u2192 https://anchor.fm/langusta-na-palmie\nSpreaker \u2192 https://www.spreaker.com/show/przeczytaj-pismo-swiete-z-langusta\nSpotify \u2192  https://spoti.fi/34nZwLr\nApple \u2192  https://apple.co/33zdwCV\nGoogle Podcasts \u2192 https://bit.ly/3nmaZUc\n\nStrona z kalendarzem o. Adama: \n\u2192 http://www.langustanapalmie.pl\nMo\u017cna nas r\u00f3wnie\u017c znale\u017a\u0107 na Facebooku: \n\u2192 https://www.facebook.com/LangustaNaPalmie\nTwitterze: \n\u2192 https://twitter.com/LangustaPalmowa\nInstagramie: \n\u2192 https://www.instagram.com/langustanapalmie/\n\nZapraszamy.", "link": "https://www.youtube.com/watch?v=PNVhgT7Pqpw", "date_published": "2021-10-09 00:00:00+00:00", "persistent": false, "user": null, "language": "pl-PL"}, {"source": "https://www.youtube.com/feeds/videos.xml?channel_id=UCme4ZOv65uzGADXuvtHkSvA", "title": "Ksi\u0119ga Powt\u00f3rzonego Prawa || Rozdzia\u0142 12", "description": "Przeczytajmy razem ca\u0142e Pismo \u015awi\u0119te! Od 1 pa\u017adziernika 2020 czytamy Pismo \u015awi\u0119te, codziennie 1 rozdzia\u0142 \u017cyciodajnego S\u0141OWA BOGA.\nWykorzystano Najnowszy przek\u0142ad Pisma \u015awi\u0119tego z komentarzem opracowany przez Zesp\u00f3\u0142 Biblist\u00f3w Polskich z inicjatywy Towarzystwa \u015awi\u0119tego Paw\u0142a (Edycja \u015awi\u0119tego Paw\u0142a). Pierwszy przek\u0142ad w trzecim tysi\u0105cleciu.\n________________________________________\nAby nas wesprze\u0107 kliknij tu \n\u2192 https://patronite.pl/langustanapalmie\n\u2192 http://bit.ly/Subskrybuj_Languste\n\n\u2661 Historie pot\u0142uczone\nAnchor \u2192 https://anchor.fm/langusta-na-palmie\nSpreaker \u2192 https://www.spreaker.com/show/historie-potluczone\nSpotify \u2192 https://spoti.fi/2NVIRHb\nApple \u2192 https://apple.co/2ZIPQZv\nGoogle Podcasts \u2192 https://bit.ly/2OlBWH\n\n\u2661  Pismo \u015awi\u0119te: \nAnchor \u2192 https://anchor.fm/langusta-na-palmie\nSpreaker \u2192 https://www.spreaker.com/show/przeczytaj-pismo-swiete-z-langusta\nSpotify \u2192  https://spoti.fi/34nZwLr\nApple \u2192  https://apple.co/33zdwCV\nGoogle Podcasts \u2192 https://bit.ly/3nmaZUc\n\nStrona z kalendarzem o. Adama: \n\u2192 http://www.langustanapalmie.pl\nMo\u017cna nas r\u00f3wnie\u017c znale\u017a\u0107 na Facebooku: \n\u2192 https://www.facebook.com/LangustaNaPalmie\nTwitterze: \n\u2192 https://twitter.com/LangustaPalmowa\nInstagramie: \n\u2192 https://www.instagram.com/langustanapalmie/\n\nZapraszamy.", "link": "https://www.youtube.com/watch?v=0KZeC7sBfFc", "date_published": "2021-10-09 00:00:00+00:00", "persistent": false, "user": null, "language": "pl-PL"}, {"source": "https://www.youtube.com/feeds/videos.xml?channel_id=UCme4ZOv65uzGADXuvtHkSvA", "title": "Wstawaki [#911] Ludzie", "description": "Wstawaj, \u017cyj i kochaj, czyli poranna dawka energii na ca\u0142y dzie\u0144 i nie tylko. \n\n\"Wstawaki 2.0\" muz: Jan Smoczy\u0144ski || Agnieszka Musia\u0142\n#Wstawaki #zr\u00f3bmydobrydzie\u0144 #AdamSzustakOP\n________________________________________\nAby nas wesprze\u0107 kliknij tu \n\u2192 https://patronite.pl/langustanapalmie\n\u2192 http://bit.ly/Subskrybuj_Languste\n\n\u2661 Historie pot\u0142uczone\nAnchor \u2192 https://anchor.fm/langusta-na-palmie\nSpreaker \u2192 https://www.spreaker.com/show/historie-potluczone\nSpotify \u2192 https://spoti.fi/2NVIRHb\nApple \u2192 https://apple.co/2ZIPQZv\nGoogle Podcasts \u2192 https://bit.ly/2OlBWH\n\n\u2661  Pismo \u015awi\u0119te: \nAnchor \u2192 https://anchor.fm/langusta-na-palmie\nSpreaker \u2192 https://www.spreaker.com/show/przeczytaj-pismo-swiete-z-langusta\nSpotify \u2192  https://spoti.fi/34nZwLr\nApple \u2192  https://apple.co/33zdwCV\nGoogle Podcasts \u2192 https://bit.ly/3nmaZUc\n\nStrona z kalendarzem o. Adama: \n\u2192 http://www.langustanapalmie.pl\nMo\u017cna nas r\u00f3wnie\u017c znale\u017a\u0107 na Facebooku: \n\u2192 https://www.facebook.com/LangustaNaPalmie\nTwitterze: \n\u2192 https://twitter.com/LangustaPalmowa\nInstagramie: \n\u2192 https://www.instagram.com/langustanapalmie/\n\nZapraszamy.", "link": "https://www.youtube.com/watch?v=Y2hUiedsOhM", "date_published": "2021-10-09 00:00:00+00:00", "persistent": false, "user": null, "language": "pl-PL"}]