[{"source": "https://www.scientificamerican.com", "title": "Why We Need to Upgrade Our Face Masks--and Where to Get Them - Scientific American", "description": "High-quality respirators such as N95s and K95s are now widely available and provide the best protection against COVID, according to experts. Why aren&rsquo;t more people wearing them?", "link": "https://www.scientificamerican.com/article/why-we-need-to-upgrade-our-face-masks-and-where-to-get-them/", "date_published": "2021-10-09 11:25:13.976175+00:00", "persistent": true, "user": "Thomas Pain", "language": "en"}]