[{"source": "https://www.youtube.com/feeds/videos.xml?channel_id=UCwSv086EAByBY-Z7y-QR_cQ", "title": "Projekt \"Rejestr Samolubno\u015bci\" zrodzi \u015bwiadomo\u015b\u0107 roju!", "description": "\ud83d\udcfa Zapraszam do ogl\u0105dania\n\n\u2b07\ufe0fRozwi\u0144 opis\u2b07\ufe0f\n------------------------------------------------------------\n\ud83d\udc40 Uszi po godzinach: https://goo.gl/cdCFKe\n\ud83d\udc40 Hello World_: http://bit.ly/31BEhnv\n------------------------------------------------------------\n\u2709\ufe0f Ludzie listy pisz\u0105 \n\ud83d\udd8a\ufe0f uszi@protonmail.com\n------------------------------------------------------------\n\ud83d\udc7a Niecenzuralne i agresywne komentarze zostan\u0105 usuni\u0119te.  Jak ju\u017c musisz zakl\u0105\u0107 dawaj znaki (&*%@%).\n------------------------------------------------------------\n\ud83d\udcb2 Donate/ Darowizna\nPLN / SMS / Blik: http://bit.ly/3bsXtJj\nBTC: 174EmE88YFtvs6fuM8ZL5yYbik8hcaY6ud\n-------------------------------------------------------------\n\u2705 \u0179r\u00f3d\u0142a:\n1. https://politi.co/3vatxeN\n2. https://bit.ly/3Bw1l8c\n---------------------------------------------------------------\n\ud83c\udfb4 Do kola\u017cu wykorzystano grafik\u0119 ze strony / autorstwa: \nmcptato / deviantart.com\nhttps://bit.ly/3iOsAnh\n---------------------------------------------------------------\n\ud83d\udca1 Tagi: #AI\n--------------------------------------------------------------", "link": "https://www.youtube.com/watch?v=CrWKCAuJZgA", "date_published": "2021-10-10 00:00:00+00:00", "persistent": false, "user": null, "language": "en-US"}, {"source": "https://www.youtube.com/feeds/videos.xml?channel_id=UCwSv086EAByBY-Z7y-QR_cQ", "title": "Polexit jako or\u0119\u017c polityczny. Por\u00f3wnanie wyrok\u00f3w trybuna\u0142\u00f3w polskiego i niemieckiego.", "description": "\ud83d\udcfa Zapraszam do ogl\u0105dania\n\n\u2b07\ufe0fRozwi\u0144 opis\u2b07\ufe0f\n------------------------------------------------------------\n\ud83d\udc40 Uszi po godzinach: https://goo.gl/cdCFKe\n\ud83d\udc40 Hello World_: http://bit.ly/31BEhnv\n------------------------------------------------------------\n\u2709\ufe0f Ludzie listy pisz\u0105 \n\ud83d\udd8a\ufe0f uszi@protonmail.com\n------------------------------------------------------------\n\ud83d\udc7a Niecenzuralne i agresywne komentarze zostan\u0105 usuni\u0119te.  Jak ju\u017c musisz zakl\u0105\u0107 dawaj znaki (&*%@%).\n------------------------------------------------------------\n\ud83d\udcb2 Donate/ Darowizna\nPLN / SMS / Blik: http://bit.ly/3bsXtJj\nBTC: 174EmE88YFtvs6fuM8ZL5yYbik8hcaY6ud\n-------------------------------------------------------------\n\u2705 \u0179r\u00f3d\u0142a:\n1. https://politi.co/3vatxeN\n2. https://bit.ly/3Bw1l8c\n---------------------------------------------------------------\n\ud83c\udfb4 Do kola\u017cu wykorzystano grafik\u0119 ze strony / autorstwa: \nwikipedia.org / Stanis\u0142aw Loba \nhttps://bit.ly/3mDjYkt\n---\nCC BY-SA 4.0\nhttp://bit.ly/33UhhQU\n---------------------------------------------------------------\n\ud83d\udca1 Tagi: #polexit #UE #polityka\n--------------------------------------------------------------", "link": "https://www.youtube.com/watch?v=4bPki3iWOfg", "date_published": "2021-10-09 00:00:00+00:00", "persistent": false, "user": null, "language": "en-US"}]