[{"source": "https://www.youtube.com/feeds/videos.xml?channel_id=UCLr4hMhk_2KE0GUBSBrspGA", "title": "DJI Action 2 i DJI Mic - Zabawki czy narz\u0119dzia?", "description": "DJI Action 2 -  https://dji-ars.pl/dji-action-2.html\nDJI Mic - b\u0119dzie dost\u0119pny od grudnia\nGoPro 10 -  https://www.gohero.pl/kamera-gopro-hero-10-black \nRode Wireless - https://bit.ly/3CqupP9\n\nW odcinku:\n00:00 Wst\u0119p\n00:14 Masowe kupowanie elektroniki\n00:34 Sprz\u0119t elektroniczny- narz\u0119dzia, a nie zabawki\n00:44 Nowe narz\u0119dzia od DJI dla profesjonalist\u00f3w\n01:55 DJI Action 2 \u2013 modu\u0142owa kamera sportowa\n02:06 Modu\u0142y kamery\n02:46 Mo\u017cliwo\u015bci nagrywania\n03:12 Opcje noszenia kamery\n03:42 Dodatkowa bateria i slot na karty microSD\n04:18 Elementy do monta\u017cu: przyssawka\n05:32 Podsumowanie i opinia\n05:44 Matryce kamer sportowych - tajemnica \u0142adnych film\u00f3w z GOPro\n06:42 DJI Action 2 vs. GoPro\n07:17 Czy kamera od DJI to prawdziwy Action Cam?\n08:01 Nagrzewanie si\u0119 kamery\n08:26 Rada dla DJI\n08:42 Cena\n08:59 Mikrofony w smartfonach\n10:19 Test: mikrofon kierunkowy vs mikrofon iPhone vs DJI Mic\n11:36 Test zasi\u0119gu mikrofonu DJI\n12:03 DJI Mic vs Inne mikrofony do smartfon\u00f3w\n12:32 Pod\u0142\u0105czenie mikroport\u00f3w do aparatu\n13:36 Czy i do czego potrzebny jest DJI Mic?\n14:52 Opinia i podsumowanie o narz\u0119dziach od DJI\n15:25 Podsumowanie\n15:36 Po\u017cegnanie\n16:06 Dopowiedzenie: Czy b\u0119dzie por\u00f3wnanie DJI Mic do RODE Wireless Go 2?\n16:23 Po\u017cegnanie nr 2: Cze\u015b\u0107!", "link": "https://www.youtube.com/watch?v=jkB2BkrjOTc", "date_published": "2021-10-28 00:00:00+00:00", "persistent": false, "user": null, "language": "en-US"}, {"source": "https://www.youtube.com/feeds/videos.xml?channel_id=UCLr4hMhk_2KE0GUBSBrspGA", "title": "Dla kogo s\u0105 AirPods 3?", "description": "Apple wypu\u015bci\u0142o nowe s\u0142uchawki nie pro. Czy s\u0105 lepsze od starych pro? Nie. Czy s\u0105 ta\u0144sze? Nie. Ale mo\u017ce to si\u0119 z czasem zmieni ;) Ceny nowych i starych (ceneo): \nAirPods 3 - https://bit.ly/3Cki52I\nAirPods Pro - https://bit.ly/3BlEdsm\n\nhttps://www.instagram.com/kubaklawiter/\nhttps://twitter.com/KubaKlawiter\n\nW odcinku:\n00:00 Recenzja z Instagrama\n00:26 Co kupi\u0107? AirPods Pro czy AirPods 3?\n00:56 Pytania, na kt\u00f3re odpowie recenzja\n01:20 Por\u00f3wnanie s\u0142uchawek dokana\u0142owych i dousznych: gumki i aktywna redukcja szumu\n03:23 Czy brzmi\u0105 lepiej ni\u017c AirPods 2 GEN?\n03:41 Mikrofony: AirPods 3 vs AirPods Pro vs AirPods 2 GEN\n04:52 Ceny s\u0142uchawek\n05:08 Wnioski\n05:21 Dopasowanie do uszu\n05:32 Test Patrycji \u2013 wypadanie z uszu\n06:09 Zapowied\u017a filmu z nowymi gad\u017cetami od DJI\n06:34 Po\u017cegnanie", "link": "https://www.youtube.com/watch?v=4yAjjtBCNB0", "date_published": "2021-10-27 00:00:00+00:00", "persistent": false, "user": null, "language": "en-US"}]