[{"source": "https://www.youtube.com/feeds/videos.xml?channel_id=UCwSv086EAByBY-Z7y-QR_cQ", "title": "Rekonstrukcja rz\u0105du, czyli rotacja miernot", "description": "\ud83d\udcfa Zapraszam do ogl\u0105dania\n\n\u2b07\ufe0fRozwi\u0144 opis\u2b07\ufe0f\n------------------------------------------------------------\n\ud83d\udc40 Uszi po godzinach: https://goo.gl/cdCFKe\n\ud83d\udc40 Hello World_: http://bit.ly/31BEhnv\n------------------------------------------------------------\n\u2709\ufe0f Ludzie listy pisz\u0105 \n\ud83d\udd8a\ufe0f uszi@protonmail.com\n------------------------------------------------------------\n\ud83d\udc7a Niecenzuralne i agresywne komentarze zostan\u0105 usuni\u0119te.  Jak ju\u017c musisz zakl\u0105\u0107 dawaj znaki (&*%@%).\n------------------------------------------------------------\n\ud83d\udcb2 Donate/ Darowizna\nPLN / SMS / Blik: http://bit.ly/3bsXtJj\nBTC: 174EmE88YFtvs6fuM8ZL5yYbik8hcaY6ud\n-------------------------------------------------------------\n\u2705 \u0179r\u00f3d\u0142a:\n1. https://bit.ly/3nGrThg\n2. https://bit.ly/3BjDasJ\n3. https://bit.ly/3bhJcj6\n4. https://bit.ly/3BiNgdy\n5. https://bit.ly/3vSNneJ\n6. https://bit.ly/2ZEL96T\n7. https://bit.ly/3jKIcJ5\n8. https://bit.ly/31cGbyQ\n9. https://bit.ly/2XSKqy8\n---------------------------------------------------------------\n\ud83c\udfb4 Do kola\u017cu wykorzystano grafik\u0119 ze strony: \ngov.pl - http://bit.ly/2lVWjQr\n---------------------------------------------------------------\n\ud83d\udca1 Tagi: #polityka #PiS #rz\u0105d\n--------------------------------------------------------------", "link": "https://www.youtube.com/watch?v=SFaDhLTmhBg", "date_published": "2021-10-28 00:00:00+00:00", "persistent": false, "user": null, "language": "en-US"}, {"source": "https://www.youtube.com/feeds/videos.xml?channel_id=UCwSv086EAByBY-Z7y-QR_cQ", "title": "ID2020: Szczepienia punktem wej\u015bcia dla to\u017csamo\u015bci cyfrowej!", "description": "\ud83d\udcfa Zapraszam do ogl\u0105dania\n\n\u2b07\ufe0fRozwi\u0144 opis\u2b07\ufe0f\n------------------------------------------------------------\n\ud83d\udc40 Uszi po godzinach: https://goo.gl/cdCFKe\n\ud83d\udc40 Hello World_: http://bit.ly/31BEhnv\n------------------------------------------------------------\n\u2709\ufe0f Ludzie listy pisz\u0105 \n\ud83d\udd8a\ufe0f uszi@protonmail.com\n------------------------------------------------------------\n\ud83d\udc7a Niecenzuralne i agresywne komentarze zostan\u0105 usuni\u0119te.  Jak ju\u017c musisz zakl\u0105\u0107 dawaj znaki (&*%@%).\n------------------------------------------------------------\n\ud83d\udcb2 Donate/ Darowizna\nPLN / SMS / Blik: http://bit.ly/3bsXtJj\nBTC: 174EmE88YFtvs6fuM8ZL5yYbik8hcaY6ud\n-------------------------------------------------------------\n\u2705 \u0179r\u00f3d\u0142a:\n1. https://bit.ly/3CnGeFB\n2. https://go.nature.com/3vOh2FK\n3. https://bit.ly/3cnWVFd\n4. https://bit.ly/3Bl0aI1\n5. https://bit.ly/3vOhfsw\n6. https://bit.ly/2SFFQRs\n7. https://bit.ly/3tOih6N\n---------------------------------------------------------------\n\ud83d\udca1 Tagi: #id2020 #szczepionki\n--------------------------------------------------------------", "link": "https://www.youtube.com/watch?v=LgTe8cGO-YE", "date_published": "2021-10-27 00:00:00+00:00", "persistent": false, "user": null, "language": "en-US"}]