[{"source": "https://www.youtube.com/feeds/videos.xml?channel_id=UC7v3-2K1N84V67IF-WTRG-Q", "title": "Thunder Force - Movie Review", "description": "Thank you to Vincero for sponsoring.\ngo to http://vincerocollective.com/JeremySale and save up to 30% on some stylish gear!\n\nAnd now....THE REVIEW YOU'VE ALL BEEN WAITING FOR!!!!!\n\n#ThunderForce", "link": "https://www.youtube.com/watch?v=LONosIqjeHg", "date_published": "2021-04-10 00:00:00+00:00", "persistent": false, "user": null, "language": "en-US"}]