[{"source": "https://www.youtube.com/feeds/videos.xml?channel_id=UCl2mFZoRqjw_ELax4Yisf6w", "title": "Paul Daniels' BREAKTHROUGH discovery explains no spill liquid damage to Apple products", "description": "https://tinyurl.com/rossmatrix\nhttps://www.youtube.com/watch?v=r5OIhu_J-Tc&t=3621s\nhttps://youtube.com/19pld73", "link": "https://www.youtube.com/watch?v=60cNyLdVqMI", "date_published": "2021-04-11 00:00:00+00:00", "persistent": false, "user": null, "language": "en-US"}, {"source": "https://www.youtube.com/feeds/videos.xml?channel_id=UCl2mFZoRqjw_ELax4Yisf6w", "title": "The pandemic is ending even if COVID is still here.", "description": "https://tinyurl.com/rossmatrix\nhttps://www.bloomberg.com/opinion/articles/2021-04-06/covid-not-even-a-fourth-wave-can-crush-vaccine-optimism-now", "link": "https://www.youtube.com/watch?v=tl4t0dQj-iY", "date_published": "2021-04-11 00:00:00+00:00", "persistent": false, "user": null, "language": "en-US"}, {"source": "https://www.youtube.com/feeds/videos.xml?channel_id=UCl2mFZoRqjw_ELax4Yisf6w", "title": "American Conservative covers Right To Repair and NAILS it!", "description": "https://tinyurl.com/rossmatrix\nhttps://www.theamericanconservative.com/articles/david-vs-goliath-and-the-right-to-repair/\nhttps://www.gofundme.com/f/lets-get-right-to-repair-passed", "link": "https://www.youtube.com/watch?v=ZCRpoj8cuvw", "date_published": "2021-04-10 00:00:00+00:00", "persistent": false, "user": null, "language": "en-US"}, {"source": "https://www.youtube.com/feeds/videos.xml?channel_id=UCl2mFZoRqjw_ELax4Yisf6w", "title": "Judge allows case against Apple over display defect to continue", "description": "https://tinyurl.com/rossmatrix\nhttps://www.macrumors.com/2021/04/01/apple-flexgate-macbook-pro-models-court/\nhttps://www.ifixit.com/News/13979/apples-2018-macbook-pros-attempt-to-solve-flexgate-without-admitting-it-exists\nhttps://support.apple.com/13-inch-macbook-pro-display-backlight-service\nhttps://youtu.be/_b3tnN7AtkI", "link": "https://www.youtube.com/watch?v=1CRTk3XThNg", "date_published": "2021-04-10 00:00:00+00:00", "persistent": false, "user": null, "language": "en-US"}]