[{"source": "https://www.youtube.com/feeds/videos.xml?channel_id=UCSJPFQdZwrOutnmSFYtbstA", "title": "Thunder Force Is Absolute Garbage", "description": "Why do I do this to myself? Somehow I made it through Thunder Force, and man, I was not prepared for just how bad this movie is. Grab a stiff drink or three, and strap in as I review this stinker.", "link": "https://www.youtube.com/watch?v=e5yMR5LP0Vc", "date_published": "2021-04-10 00:00:00+00:00", "persistent": false, "user": null, "language": "en-US"}]