[{"source": "https://www.youtube.com/feeds/videos.xml?channel_id=UCyl5V3-J_Bsy3x-EBCJwepg", "title": "Can Catholics Be Pro-Choice?", "description": "On The Babylon Bee Interview Show, Bishop Barron, Kyle, and Ethan talk about how believers of Christ shouldn\u2019t accept the \u201cmodern peace treaty\u201d of keeping their faith private and detached from any public spaces, while also avoiding imposing religious authoritarianism.\n\nSee the full show here:\nhttps://youtu.be/xCv3kquDCL4\n\nHit the bell to get your daily dose of fake news that you can trust!", "link": "https://www.youtube.com/watch?v=U0teEDLD080", "date_published": "2021-04-10 00:00:00+00:00", "persistent": false, "user": null, "language": "en-US"}]