[{"source": "https://www.youtube.com/feeds/videos.xml?channel_id=UCswH8ovgUp5Bdg-0_JTYFNw", "title": "\"Hang On... Black Friday Deals Are WHAT Now!?\" We're Being CONNED!!", "description": "It\u2019s Thanksgiving, and that means one thing\u2026 Black Friday. But aside from the futile endeavour of panicked consumerism, should we be rewarding corporations with even greater pandemic profits?\n#BlackFriday #thanksgiving #bargain #pandemic #WealthTransfer #amazon #walmart\n\nGet tickets for my 2022 tour here: http://bit.ly/33_2022\n\nElites are taking over! Our only hope is to form our own. To learn more join my cartel here https://www.russellbrand.com/join and get weekly bulletins too incendiary for anything but your private inbox.\n*not a euphemism\n\nListen to my Luminary Original podcast, Under The Skin, to hear from guests including Edward Snowden, Jonathan Haidt, Jordan Peterson, Naomi Klein, Kehinde Andrews, Adam Curtis and Vandana Shiva.\nSubscribe to Luminary at luminary.link/russell\n\nFor meditation and breath work, subscribe to my side-channel: \nhttps://www.youtube.com/c/AwakeningWithRussell\n\nMy NEW weekly meditation podcast, Above the Noise, is available now only on Luminary. Meditate with me here: luminary.link/meditate\n\nFOOTBALL IS NICE is my free, weekly, full-length podcast - subscribe here: https://www.youtube.com/c/FootballisNiceRussellBrand\n\nMy Audible Original, \u2018Revelation', is out NOW!\nUS: http://adbl.co/revelation\nUK: http://adbl.co/revelationuk\nAU: http://adbl.co/revelationau\nCA: http://adbl.co/revelationca\n\nFacebook:\nhttps://www.facebook.com/RussellBrand/\n\nInstagram: \nhttps://instagram.com/russellbrand/\n\nTwitter: \nhttps://twitter.com/rustyrockets\n\nTikTok:\nhttps://www.tiktok.com/@russellbrand\n\nRumble:\nhttps://rumble.com/c/russellbrand", "link": "https://www.youtube.com/watch?v=qlqTmwZBhDo", "date_published": "2021-11-26 00:00:00+00:00", "persistent": false, "user": null, "language": "en-US"}, {"source": "https://www.youtube.com/feeds/videos.xml?channel_id=UCswH8ovgUp5Bdg-0_JTYFNw", "title": "Vaccine Mandates: THIS Is What History WARNS Us", "description": "With mandate protests occurring across the world, why are governments ignoring the lessons of history?\n#Vaccine #COVID #Pandemic #Mandate \n\nGet tickets for my 2022 tour here: http://bit.ly/33_2022\n\nElites are taking over! Our only hope is to form our own. To learn more join my cartel here https://www.russellbrand.com/join and get weekly bulletins too incendiary for anything but your private inbox.\n*not a euphemism\n\nListen to my Luminary Original podcast, Under The Skin, to hear from guests including Edward Snowden, Jonathan Haidt, Jordan Peterson, Naomi Klein, Kehinde Andrews, Adam Curtis and Vandana Shiva.\nSubscribe to Luminary at luminary.link/russell\n\nFor meditation and breath work, subscribe to my side-channel: \nhttps://www.youtube.com/c/AwakeningWithRussell\n\nMy NEW weekly meditation podcast, Above the Noise, is available now only on Luminary. Meditate with me here: luminary.link/meditate\n\nFOOTBALL IS NICE is my free, weekly, full-length podcast - subscribe here: https://www.youtube.com/c/FootballisNiceRussellBrand\n\nMy Audible Original, \u2018Revelation', is out NOW!\nUS: http://adbl.co/revelation\nUK: http://adbl.co/revelationuk\nAU: http://adbl.co/revelationau\nCA: http://adbl.co/revelationca\n\nFacebook:\nhttps://www.facebook.com/RussellBrand/\n\nInstagram: \nhttps://instagram.com/russellbrand/\n\nTwitter: \nhttps://twitter.com/rustyrockets\n\nTikTok:\nhttps://www.tiktok.com/@russellbrand\n\nRumble:\nhttps://rumble.com/c/russellbrand", "link": "https://www.youtube.com/watch?v=_8ZcOWYsE7M", "date_published": "2021-11-25 00:00:00+00:00", "persistent": false, "user": null, "language": "en-US"}]