[{"source": "https://www.youtube.com/feeds/videos.xml?channel_id=UCy0Pr5u-MwGXXzp_GDd4m_g", "title": "All the STDs in one room", "description": "Herpes, Syphilis, Chlamydia, HPV... the gangs all here. Thank you to LetsGetChecked: Visit https://trylgc.com/nolke and use the code NOLKE to get 30% off your own testing kit!\n\nWriter & Actor: Julie Nolke\nCamera: Sam Larson\nEditor: Alec Mckay\nProduction Assistant: Jill Agopsowicz\n\nAlso, check out my Patreon for behind the scenes videos, live q&as and early access to videos here: https://www.patreon.com/julienolke", "link": "https://www.youtube.com/watch?v=AQifhzfbWa0", "date_published": "2021-11-25 00:00:00+00:00", "persistent": false, "user": null, "language": "en-US"}]