[{"source": "https://www.youtube.com/feeds/videos.xml?channel_id=UCwSv086EAByBY-Z7y-QR_cQ", "title": "Bloomberg: Wiek nadmiaru si\u0119 sko\u0144czy\u0142! Musicie konsumowa\u0107 mniej!", "description": "\ud83d\udcfa Zapraszam do ogl\u0105dania\n\n\u2b07\ufe0fRozwi\u0144 opis\u2b07\ufe0f\n------------------------------------------------------------\n\ud83d\udc40 Uszi po godzinach: https://goo.gl/cdCFKe\n\ud83d\udc40 Hello World_: http://bit.ly/31BEhnv\n------------------------------------------------------------\n\u2709\ufe0f Ludzie listy pisz\u0105 \n\ud83d\udd8a\ufe0f uszi@protonmail.com\n------------------------------------------------------------\n\ud83d\udc7a Niecenzuralne i agresywne komentarze zostan\u0105 usuni\u0119te.  Jak ju\u017c musisz zakl\u0105\u0107 dawaj znaki (&*%@%).\n------------------------------------------------------------\n\ud83d\udcb2 Donate/ Darowizna\nPLN / SMS / Blik: http://bit.ly/3bsXtJj\nBTC: 174EmE88YFtvs6fuM8ZL5yYbik8hcaY6ud\n-------------------------------------------------------------\n\u2705 \u0179r\u00f3d\u0142a:\n1. https://bit.ly/3DWJuIN\n2. https://bloom.bg/3FQERAJ\n3. https://bit.ly/3lcwXJQ\n4. https://bit.ly/3nU2i5W\n5. https://bit.ly/3lAd946\n---------------------------------------------------------------\n\ud83c\udfb4 Do kola\u017cu wykorzystano grafik\u0119 autorstwa: \nBloomberg Philanthropies - https://bit.ly/3FP3kpT\n---------------------------------------------------------------\n\ud83d\udca1 Tagi: #Bloomberg #konsumpcja\n--------------------------------------------------------------", "link": "https://www.youtube.com/watch?v=skmEC7ebSZI", "date_published": "2021-11-26 00:00:00+00:00", "persistent": false, "user": null, "language": "en-US"}, {"source": "https://www.youtube.com/feeds/videos.xml?channel_id=UCwSv086EAByBY-Z7y-QR_cQ", "title": "Zbli\u017ca si\u0119 koniec papierowych i plastikowych dokument\u00f3w! Zapowiedzi i lobbing!", "description": "\ud83d\udcfa Zapraszam do ogl\u0105dania\n\n\u2b07\ufe0fRozwi\u0144 opis\u2b07\ufe0f\n------------------------------------------------------------\n\ud83d\udc40 Uszi po godzinach: https://goo.gl/cdCFKe\n\ud83d\udc40 Hello World_: http://bit.ly/31BEhnv\n------------------------------------------------------------\n\u2709\ufe0f Ludzie listy pisz\u0105 \n\ud83d\udd8a\ufe0f uszi@protonmail.com\n------------------------------------------------------------\n\ud83d\udc7a Niecenzuralne i agresywne komentarze zostan\u0105 usuni\u0119te.  Jak ju\u017c musisz zakl\u0105\u0107 dawaj znaki (&*%@%).\n------------------------------------------------------------\n\ud83d\udcb2 Donate/ Darowizna\nPLN / SMS / Blik: http://bit.ly/3bsXtJj\nBTC: 174EmE88YFtvs6fuM8ZL5yYbik8hcaY6ud\n-------------------------------------------------------------\n\u2705 \u0179r\u00f3d\u0142a:\n1. https://bit.ly/3xlbovL\n2. https://bit.ly/3cOZosW\n3. https://bit.ly/3iVe1yX\n4. https://bit.ly/3zTVTvb\n5. https://bit.ly/3izCd9v\n6. https://bit.ly/3a9bITQ\n---------------------------------------------------------------\n\ud83d\udca1 Tagi: #aplikacje #TozsamoscCyfrowa #QR\n--------------------------------------------------------------", "link": "https://www.youtube.com/watch?v=WtEGbHjm6LI", "date_published": "2021-11-25 00:00:00+00:00", "persistent": false, "user": null, "language": "en-US"}]