[{"source": "https://www.youtube.com/feeds/videos.xml?channel_id=UCD6VugMZKRhSyzWEWA9W2fg", "title": "Highfleet Review | Photosensitive\u2122 Seizure\u2122 Edition\u2122", "description": "Stay at home mom DESTROYS \npeople who suffer from EPILEPSY\nin just 3 easy seconds.\nFIND OUT HOW\n\nBuy it on Steam (30% off until December 1st):\nhttps://store.steampowered.com/app/1434950/HighFleet/\n\nEnjoy. Apologies for delays.\n-----------------------\nSend Sseth Shekels: https://www.paypal.me/SsethTzeentachGB\nSend Sseth Shekels per video:  https://www.patreon.com/Sseth\nSend Sseth Shekels / crypto: https://www.subscribestar.com/ssethtzeentach\n\nWebsite: https://ssethtzeentach.com/\nTwitter: https://twitter.com/SsethTzeentach\nFB: https://www.facebook.com/sseth672/", "link": "https://www.youtube.com/watch?v=7RUrBmXUGuU", "date_published": "2021-11-25 22:13:20+00:00", "persistent": false, "user": null, "language": "en-US"}]