[{"source": "https://www.youtube.com/feeds/videos.xml?channel_id=UCBa659QWEk1AI4Tg--mrJ2A", "title": "This tiny railroad across the sea has an important job", "description": "The Lorenbahn, the L\u00fcttmoorsiel-Nordstrandischmoor island railway, is famous for the tiny, private trains that take residents to and from the mainland. But that's not why it was built: and it's got a more useful purpose as well.\n\nThanks to everyone from Landesbetrieb f\u00fcr K\u00fcstenschutz, Nationalpark und Meeresschutz Schleswig-Holstein, and to the islanders, for all your time and patience!\n\nCamera operator: Richard Bielau\nProducer: Maximilian Thesseling of Klein Aber https://kleinaber.de/\n\nI'm at https://tomscott.com\r\non Twitter at https://twitter.com/tomscott\r\non Facebook at https://facebook.com/tomscott\r\nand on Instagram as tomscottgo", "link": "https://www.youtube.com/watch?v=NL5sRCRa7AE", "date_published": "2021-11-15 00:00:00+00:00", "persistent": false, "user": null, "language": "en-US"}]