[{"source": "https://www.youtube.com/feeds/videos.xml?channel_id=UCNvzD7Z-g64bPXxGzaQaa4g", "title": "10 Most LEGENDARY Video Game Weapons of All Time", "description": "There are so many awesome and downright LEGENDARY weapons in video games and it was tough to narrow it down to 10. Consider this a part one.\nSubscribe for more: https://www.youtube.com/gameranxTV?sub_confirmation=1", "link": "https://www.youtube.com/watch?v=XirBKGEXTuA", "date_published": "2021-10-21 00:00:00+00:00", "persistent": false, "user": null, "language": "en-US"}, {"source": "https://www.youtube.com/feeds/videos.xml?channel_id=UCNvzD7Z-g64bPXxGzaQaa4g", "title": "20 Most HATED Water Levels in Video Games", "description": "Water levels in games are notorious for being just the worst. Here are our least favorite examples through gaming history.\nSubscribe for more: https://www.youtube.com/gameranxTV?sub_confirmation=1", "link": "https://www.youtube.com/watch?v=PfyJM-fc6S8", "date_published": "2021-10-20 00:00:00+00:00", "persistent": false, "user": null, "language": "en-US"}]