[{"source": "https://www.youtube.com/feeds/videos.xml?channel_id=UCSiPjfAJBgbFlIUsxOWpK0w", "title": "Dancing in the Moonlight // King Harvest // POMPLAMOOSE", "description": "Gardenview out now, listen on Spotify (https://sptfy.com/gardenview) or wherever you listen to music.\n\n So we didn\u2019t do a Halloween song this year, but a slightly moodier version of \u201cDancing in the Moonlight\u201d kinda counts, right?\n\nSave this song on Spotify: https://spoti.fi/2r3Yqkh\nFollow us on instagram: https://instagram.com/pomplamoosemusic\nBecome a patron of our music (to vote on the songs we cover and get merch and stuff like that): http://www.patreon.com/pomplamoose\n\nA cover of King Harvest's \"Dancing in the Moonlight\" by Pomplamoose.\n\nMUSICIAN CREDITS\nLead Vocals: Nataly Dawn\nKeys: Jack Conte\nBass: Nick Campbell\nDrums: Kyle Crane\nBackground Vocals: Erin Bentlage\n\nAUDIO CREDITS\nEngineer: Bill Mims\nMixing/Mastering: Joey Genetti\nProducer: Brian Green\n\nVIDEO CREDITS\nDirector: Dom Fera\nDP / A Cam: Ricky Chavez\nB Cam: Merlin Showalter\nGaffer / Key Grip: Arjay Ancheta\nProduction Designer: Genevieve Parkes\nWardrobe: Elle Olsen\nAssistant / Wardrobe: Alex Allen\nVideo Editor: Cleveen Dominguez \nColorist: Athena Wheaton\nPA: Chris Modl\n\n#Pomplamoose #DancingintheMoonlight #IndieRock\n\nLYRICS\nWe get it almost every night\nWhen that moon gets big and bright\nIt's a supernatural delight\nEverybody was dancing in the moonlight\n\nEverybody here is out of sight\nThey don't bark and they don't bite\nThey keep things loose, they keep things light\nEverybody was dancing in the moonlight\n\nDancing in the moonlight\nEverybody's feeling warm and right\nIt's such a fine and natural sight\nEverybody was dancing in the moonlight\n\nWe like our fun and we never fight\nYou can't dance and stay uptight\nIt's a supernatural delight\nEverybody was dancing in the moonlight\n\nDancing in the moonlight\nEverybody's feeling warm and right\nIt's such a fine and natural sight\nEverybody\u2019s dancing in the moonlight\n\nEverybody here is out of sight\nThey don't bark and they don't bite\nThey keep things loose, they keep things light\nEverybody was dancing in the moonlight\n\nDancing in the moonlight\nEverybody's feeling warm and right\nIt's such a fine and natural sight\nEverybody\u2019s dancing in the moonlight", "link": "https://www.youtube.com/watch?v=ePw1UA54Tgk", "date_published": "2021-10-21 00:00:00+00:00", "persistent": false, "user": null, "language": "en-US"}]