[{"source": "https://www.youtube.com/feeds/videos.xml?channel_id=UCw--xPGVVxYzRsWyV1nFqgg", "title": "BOOZE\ud83c\udf7a& BOMBS\ud83d\udca3 -PDGDBAB ( ft. Maddy )", "description": "THERE WAS SOMETHING WORSE THAN A BOMB! \nPatreon: https://www.patreon.com/DanielBGreene \nAll the Me Social Links: https://linktr.ee/DanielGreene\n\nMaddy Links: \nTwitter: https://twitter.com/misszaddy\nInsta: https://www.instagram.com/maddyspearz/ \n\nLawful Times Series: \nBreach of Peace: https://amzn.to/3CnKsfX\nRebels Creed: https://t.co/sEHQP0VEJe?amp=1\n\nEquipment: \nCamera: https://amzn.to/3siqgHv  \nLense: https://amzn.to/3ugGxhQ  \nLighting: https://amzn.to/3aI3brK  \nMicrophone: https://amzn.to/3pCGtWg  \nTripod: https://amzn.to/3kd9yq1  \n\nP.O. Box: PO Box 7874 Henrico, VA 23231", "link": "https://www.youtube.com/watch?v=wBxtL3Pi1-A", "date_published": "2021-10-21 00:00:00+00:00", "persistent": false, "user": null, "language": "en-US"}, {"source": "https://www.youtube.com/feeds/videos.xml?channel_id=UCw--xPGVVxYzRsWyV1nFqgg", "title": "One Piece Problems", "description": "My thoughts on the weaknesses of One Piece so far! Be gentle.\nPatreon: https://www.patreon.com/DanielBGreene \nAll the Me Social Links: https://linktr.ee/DanielGreene\n\nLawful Times Series: \nBreach of Peace: https://amzn.to/3CnKsfX\nRebels Creed: https://t.co/sEHQP0VEJe?amp=1\n\nEquipment: \nCamera: https://amzn.to/3siqgHv  \nLense: https://amzn.to/3ugGxhQ  \nLighting: https://amzn.to/3aI3brK  \nMicrophone: https://amzn.to/3pCGtWg  \nTripod: https://amzn.to/3kd9yq1  \n\nNew P.O. Box: PO Box 7874 Henrico, VA 23231", "link": "https://www.youtube.com/watch?v=45LEPjNl4GE", "date_published": "2021-10-20 00:00:00+00:00", "persistent": false, "user": null, "language": "en-US"}]