[{"source": "https://news.yahoo.com", "title": "Kidnapping, assassination and a London shoot-out: Inside the CIA's secret war plans against WikiLeaks", "description": "Kidnapping, assassination and a London shoot-out: Inside the CIA's secret war plans against WikiLeaks", "link": "https://news.yahoo.com/kidnapping-assassination-and-a-london-shoot-out-inside-the-ci-as-secret-war-plans-against-wiki-leaks-090057786.html", "date_published": "2021-09-26 21:27:39+00:00", "persistent": true, "user": "rumpel", "language": null, "tags": ["wikileaks", "cia", "julian assange"]}]