[{"source": "https://www.youtube.com/feeds/videos.xml?channel_id=UCLr4hMhk_2KE0GUBSBrspGA", "title": "Xiaomi lepsze w cenzur\u0119? Tech Week - \u0142adowarka Sj\u00f6m\u00e4rke Ikea, Microsoft, Samsung S22 Ultra", "description": "Kto kogo chce ogranicza\u0107 i jak zrobi\u0107 \u0142adowark\u0119 ze sto\u0142u?\nhttps://www.instagram.com/kubaklawiter/\nhttps://twitter.com/KubaKlawiter\n\nSpis tre\u015bci:\n00:00 Wst\u0119p\n00:35 Dobry wiecz\u00f3r\n00:39 Cenzura na smartfonach Xiaomi\n04:07 \u0141adowarka bezprzewodowa ze sto\u0142u\n04:57 Nowo\u015bci od Microsoft\n08:33 Standaryzacja portu USB C\n09:17 Samsung Galaxy S22\n09:43 Wystawa dzie\u0142\n10:25 Po\u017cegnanko\n10:48 Zno\u015bnego tygodnia!\n\n\n\u0179r\u00f3d\u0142a: \nLitewski minister obrony: wyrzu\u0107cie Xiaomi! https://reut.rs/3AIGiiv\nLitewski raport: https://bit.ly/3lY8mYV\nXiaomi odpowiada: https://reut.rs/3udkUPS\nBezprzewodowa \u0142adowarka \"podsto\u0142owa\" IKEI: https://bit.ly/3ALrP5d\nNowo\u015bci od Microsoftu w skr\u00f3cie: https://bit.ly/2XVMNjY\nWszystkie smartfony na USB-C! https://politi.co/3zJAaFs\nSamsung S22 Ultra przecieki: https://bit.ly/3lZhpZM", "link": "https://www.youtube.com/watch?v=B6xwXgIguKo", "date_published": "2021-09-26 00:00:00+00:00", "persistent": false, "user": null, "language": "en-US"}]