[{"source": "https://www.youtube.com/feeds/videos.xml?channel_id=UCBJycsmduvYEL83R_U4JriQ", "title": "The New Purple iPhone 12!", "description": "Unboxing a brand new iPhone - the purple one this time. They've really done it.\n\nTry Luminar AI\u00a0https://l.skylum.com/MKBHD\nUse MKBHD at checkout to save $15\n\nThe Truth about Colored Phones: https://youtu.be/fJ_PNOXycwg\n\nPurple dbrand skin: https://dbrand.com/purple\n\nMKBHD Merch: http://shop.MKBHD.com\n\nTech I'm using right now: https://www.amazon.com/shop/MKBHD\n\nIntro Track: Jordyn Edmonds http://smarturl.it/jordynedmonds\u200b\u200b\u200b \nPlaylist of MKBHD Intro music: https://goo.gl/B3AWV5\n\nPhone provided by Apple for review.\n\n~\nhttp://twitter.com/MKBHD\nhttp://instagram.com/MKBHD\nhttp://facebook.com/MKBHD", "link": "https://www.youtube.com/watch?v=t7jbT1YhyQU", "date_published": "2021-04-23 00:00:00+00:00", "persistent": false, "user": null, "language": "en-US"}, {"source": "https://www.youtube.com/feeds/videos.xml?channel_id=UCBJycsmduvYEL83R_U4JriQ", "title": "Apple AirTags Unboxing & Demo!", "description": "AirTags and the new \"Precision Finding\" in action.\n\ndbrand AirTags: https://dbrand.com/airtag\n\nMKBHD Merch: http://shop.MKBHD.com\n\nTech I'm using right now: https://www.amazon.com/shop/MKBHD\n\nIntro Track: http://youtube.com/20syl\nPlaylist of MKBHD Intro music: https://goo.gl/B3AWV5\n\nAirTags provided by Apple for review.\n\n~\nhttp://twitter.com/MKBHD\nhttp://instagram.com/MKBHD\nhttp://facebook.com/MKBHD", "link": "https://www.youtube.com/watch?v=ehv3zQAa9zM", "date_published": "2021-04-22 00:00:00+00:00", "persistent": false, "user": null, "language": "en-US"}]