[{"source": "https://www.youtube.com/feeds/videos.xml?channel_id=UCAKcSON6PSG_JkTbXh2WdIg", "title": "jeremy messersmith - two songs at The Current (2018)", "description": "For Minnesota Music Month, jeremy messersmith is the featured artist for Thursday, April 22. Here are two performances from the time when Messersmith and his band visited The Current studio to play songs from the album, \"Late Stage Capitalism.\"\n\nSONGS PERFORMED\n0:00 \"Happy\"\n3:54 \"Monday, You're Not So Bad\"\n\nPERSONNEL\njeremy messersmith \u2013 vocals, guitar\nIan Allison \u2013 bass\nGrady Kenevan \u2013 drums\nCameron Kinghorn \u2013 trumpet\nAndy Thompson \u2013 piano\nBrian Tighe \u2013 guitar\n\nCREDITS\nVideo & Photo: Nate Ryan\nAudio: Michael DeMark\nProduction: Andrea Swensson, Jesse Wiza\n\nFIND MORE:\n2008 studio session:\nhttps://www.thecurrent.org/feature/2008/09/24/jeremy_messersmith\n2009 Minnesota State Fair session: https://www.thecurrent.org/feature/2009/08/28/jeremy_messersmith\n2010 studio session:\nhttps://www.thecurrent.org/feature/2010/05/03/jeremy_messersmith\n2011 State Fair session:\nhttps://www.thecurrent.org/feature/2011/08/29/jeremy-messersmith-msf\n2011 MPR Forum slideshow:\nhttps://www.thecurrent.org/feature/2011/12/15/jeremy-messersmith-slideshow\n2012 Caravan Du Nord set: https://www.thecurrent.org/feature/2012/11/21/caravan-du-nord-jeremy-messersmith\n2014 MPR Forum session:\nhttps://www.thecurrent.org/feature/2014/03/21/jeremy-messersmith-performs-live-in-the-forum\n2018 studio session:\nhttps://www.thecurrent.org/feature/2018/03/27/jeremy-messersmith-performs-in-the-current-studio\n\nSubscribe to our channel:\nhttp://www.youtube.com/user/893TheCurrent?sub_confirmation=1\nLike/Follow:\nhttps://www.facebook.com/TheCurrent/\nhttps://twitter.com/TheCurrent\nhttps://www.instagram.com/thecurrent/\n\n#jeremymessersmith", "link": "https://www.youtube.com/watch?v=6h3FH_uuvMg", "date_published": "2021-04-23 00:00:00+00:00", "persistent": false, "user": null, "language": "en-US"}, {"source": "https://www.youtube.com/feeds/videos.xml?channel_id=UCAKcSON6PSG_JkTbXh2WdIg", "title": "Michelle Zauner (Japanese Breakfast) talks about her new memoir \"Crying in H Mart\"", "description": "Michelle Zauner, known to music fans for the indie pop she makes as Japanese Breakfast, is the author of a new memoir called \"Crying in H Mart,\" in which she reflects on her relationship with her late mother. Jay Gabler, host of The Current's Rock and Roll Book Club, connected with Zauner to talk about the new book and how it relates to her career as a musician.\n\nSubscribe to our channel:\nhttp://www.youtube.com/user/893TheCurrent?sub_confirmation=1\nLike/Follow:\nhttps://www.facebook.com/TheCurrent/\u200b\u200b\nhttps://twitter.com/TheCurrent\u200b\u200b\nhttps://www.instagram.com/thecurrent/", "link": "https://www.youtube.com/watch?v=6cV-EUUQM3w", "date_published": "2021-04-22 00:00:00+00:00", "persistent": false, "user": null, "language": "en-US"}, {"source": "https://www.youtube.com/feeds/videos.xml?channel_id=UCAKcSON6PSG_JkTbXh2WdIg", "title": "Valerie June leads a guided meditation", "description": "Singer-songwriter Valerie June, as part of a recent member session for The Current, led the group in a guided meditation. This soothing moment of relaxation uses sound and breath to restore and reinvigorate, while also spreading positive energy and loving kindness.\n\nSubscribe to our channel:\nhttp://www.youtube.com/user/893TheCurrent?sub_confirmation=1\nLike/Follow:\nhttps://www.facebook.com/TheCurrent/\nhttps://twitter.com/TheCurrent\nhttps://www.instagram.com/thecurrent/\n\n#valeriejune #thevaleriejune #meditation", "link": "https://www.youtube.com/watch?v=dSb1zt1sx6Q", "date_published": "2021-04-22 00:00:00+00:00", "persistent": false, "user": null, "language": "en-US"}, {"source": "https://www.youtube.com/feeds/videos.xml?channel_id=UCAKcSON6PSG_JkTbXh2WdIg", "title": "jeremy messersmith - Dillinger Eyes (2011)", "description": "Back in April 2011, jeremy messersmith hosted Works for Words, an event at the Fitzgerald Theater in St. Paul, Minn., where messersmith led a night of the best lyrical works in song \u2014 songs of his own as well as those of others who have influenced his style and ideas, including artists like Leonard Cohen, Tom Waits, Prince, Bob Dylan, Sigur Ros, Conor Oberst, Radiohead and others. From that night 10 years ago at the Fitz, here's a performance by messersmith of his song, \"Dillinger Eyes,\" from his 2010 album, \"The Reluctant Graveyard.\"\n\nSubscribe to our channel:\nhttp://www.youtube.com/user/893TheCurrent?sub_confirmation=1\nLike/Follow:\nhttps://www.facebook.com/TheCurrent/\nhttps://twitter.com/TheCurrent\nhttps://www.instagram.com/thecurrent/\n\n#jeremymessersmith", "link": "https://www.youtube.com/watch?v=hIwWw6RzwCE", "date_published": "2021-04-22 00:00:00+00:00", "persistent": false, "user": null, "language": "en-US"}, {"source": "https://www.youtube.com/feeds/videos.xml?channel_id=UCAKcSON6PSG_JkTbXh2WdIg", "title": "jeremy messersmith - Lazy Bones (2011)", "description": "Back in April 2011, jeremy messersmith hosted Works for Words, an event at the Fitzgerald Theater in St. Paul, Minn., where messersmith led a night of the best lyrical works in song \u2014\u00a0songs of his own as well as those of others who have influenced his style and ideas, including artists like Leonard Cohen, Tom Waits, Prince, Bob Dylan, Sigur Ros, Conor Oberst, Radiohead and others. From that night 10 years ago at the Fitz, here's a performance by messersmith of his song, \"Lazy Bones,\" from his 2010 album, \"The Reluctant Graveyard.\"\n\nSubscribe to our channel:\nhttp://www.youtube.com/user/893TheCurrent?sub_confirmation=1\nLike/Follow:\nhttps://www.facebook.com/TheCurrent/\nhttps://twitter.com/TheCurrent\nhttps://www.instagram.com/thecurrent/\n\n#jeremymessersmith", "link": "https://www.youtube.com/watch?v=zT-DbJMHVPQ", "date_published": "2021-04-22 00:00:00+00:00", "persistent": false, "user": null, "language": "en-US"}]