[{"source": "https://www.youtube.com/feeds/videos.xml?channel_id=UCw--xPGVVxYzRsWyV1nFqgg", "title": "The Shadow Of The Gods & Fugitive Telemetry -REVIEW", "description": "My reviews of The Shadow Of the Gods and Fugitive Telemetry! Let's talk about the Murderbot Diaries and John Gwynne's latest fantasy epic.\nThe Shadow of the Gods: https://amzn.to/3tJIBhQ\nFugitive Telemetry: https://amzn.to/3vaxGxL \n\nBREACH OF PEACE LINKS: \nAmazon: https://amzn.to/3kHsyNJ (physical/ebook)\nAudible: https://www.audible.com/pd/B08Z8L7D5Q/?source_code=AUDFPWS0223189MWT-BK-ACX0-245468&ref=acx_bty_BK_ACX0_245468_rh_us\nB&N: https://tinyurl.com/3df3c2p4 (physical/ebook)\nBook Depository: https://tinyurl.com/2hds7euy (physical)\nGoogle: https://tinyurl.com/abkh6mn6 (ebook)\nApple: https://tinyurl.com/rc994r8k (ebook)\nKobo: https://www.kobo.com/us/en/ebook/breach-of-peace-1 (ebook)\n\nMerch: https://teespring.com/stores/fantasy-news-2\nPatreon: https://www.patreon.com/DanielBGreene\nDiscord Server: https://discord.gg/xUzhVv4\nTwitter: https://twitter.com/DanielBGreene?lang=en\nTwitch: https://www.twitch.tv/fantasynews\nInstagram: https://www.instagram.com/dgreene101/\nSubreddit: https://www.reddit.com/r/danielgreene \nPodcast: https://afictionalconversation.podbean.com/\n\nEquipment: \nCamera: https://amzn.to/3siqgHv \nLense: https://amzn.to/3ugGxhQ \nLighting: https://amzn.to/3aI3brK \nMicrophone: https://amzn.to/3pCGtWg \nTripod: https://amzn.to/3kd9yq1 \n\n00:00 Murderbot\n\n06:15 The Shadow of the Gods", "link": "https://www.youtube.com/watch?v=U5VvOT6TY-8", "date_published": "2021-04-23 00:00:00+00:00", "persistent": false, "user": null, "language": "en-US"}, {"source": "https://www.youtube.com/feeds/videos.xml?channel_id=UCw--xPGVVxYzRsWyV1nFqgg", "title": "So It's War Now - GoodReads RANT", "description": "Sooo... GoodReads made me mad again. Let's talk about that. \nBREACH OF PEACE LINKS: \nAmazon: https://amzn.to/3kHsyNJ (physical/ebook)\nAudible: https://www.audible.com/pd/B08Z8L7D5Q/?source_code=AUDFPWS0223189MWT-BK-ACX0-245468&ref=acx_bty_BK_ACX0_245468_rh_us\nB&N: https://tinyurl.com/3df3c2p4 (physical/ebook)\nBook Depository: https://tinyurl.com/2hds7euy (physical)\nGoogle: https://tinyurl.com/abkh6mn6 (ebook)\nApple: https://tinyurl.com/rc994r8k (ebook)\nKobo: https://www.kobo.com/us/en/ebook/breach-of-peace-1 (ebook)\n\nMerch: https://teespring.com/stores/fantasy-news-2\nPatreon: https://www.patreon.com/DanielBGreene\nDiscord Server: https://discord.gg/xUzhVv4\nTwitter: https://twitter.com/DanielBGreene?lang=en\nTwitch: https://www.twitch.tv/fantasynews\nInstagram: https://www.instagram.com/dgreene101/\nSubreddit: https://www.reddit.com/r/danielgreene \nPodcast: https://afictionalconversation.podbean.com/\n\nEquipment: \nCamera: https://amzn.to/3siqgHv \nLense: https://amzn.to/3ugGxhQ \nLighting: https://amzn.to/3aI3brK \nMicrophone: https://amzn.to/3pCGtWg \nTripod: https://amzn.to/3kd9yq1", "link": "https://www.youtube.com/watch?v=_YU4uLFLP20", "date_published": "2021-04-22 00:00:00+00:00", "persistent": false, "user": null, "language": "en-US"}]