[{"source": "https://www.youtube.com/feeds/videos.xml?channel_id=UCyl5V3-J_Bsy3x-EBCJwepg", "title": "Chip and Joanna Gaines Team Up With Antifa For New Show... Smasher Upper!", "description": "Coming soon to Discovery+, Chip and JoJo from Fixer Upper are back! But this time, they\u2019ll be destroying the building of Antifa\u2019s dreams. This is Smasher Upper.\n\nBecome a premium subscriber:  https://babylonbee.com/plans\n\nThe Official The Babylon Bee Store:  https://shop.babylonbee.com/\n\nFollow The Babylon Bee:\nWebsite: https://babylonbee.com/\nTwitter: https://twitter.com/thebabylonbee\nFacebook: https://www.facebook.com/TheBabylonBee\nInstagram: http://instagram.com/thebabylonbee", "link": "https://www.youtube.com/watch?v=qj-xafacSsQ", "date_published": "2021-04-23 00:00:00+00:00", "persistent": false, "user": null, "language": "en-US"}, {"source": "https://www.youtube.com/feeds/videos.xml?channel_id=UCyl5V3-J_Bsy3x-EBCJwepg", "title": "Pastor Loses Building to Covid, Has Church In His Driveway", "description": "Pastor Craig Hamilton of ChurchTwo42 in California talks about how he lost his church meeting space when Covid hit and decided to keep the church meeting in his driveway. The church has 200 members and continues to grow. To help the church get out of the driveway and into a new building please go to https://my.gobluefire.com/App/Form/89f65d90-502a-43a9-9768-02046b9317c9", "link": "https://www.youtube.com/watch?v=0QB1kR1gVzY", "date_published": "2021-04-23 00:00:00+00:00", "persistent": false, "user": null, "language": "en-US"}, {"source": "https://www.youtube.com/feeds/videos.xml?channel_id=UCyl5V3-J_Bsy3x-EBCJwepg", "title": "Sins and Dangerous Croissants", "description": "On The Babylon Bee Weekly Podcast, Kyle and Ethan are joined by guest host, Pastor Craig Hamilton of Church Two42. They find the strangest of news like the police being called on a woman afraid of a croissant and Twitter censoring James O\u2019Keefe for doing actual reporting. Kyle and Ethan hear about Pastor Craig\u2019s fundraiser to build a church that isn\u2019t in his front yard and play the game,\u2018Sin or Not Sin, where Pastor Craig lets you know if a well-done steak or jazzercise will be getting you in trouble with the good Lord. As always we end with our everlasting hate mail, this time coming from a YouTube commenter that was most likely wearing a mask when he made his comment.\n\nDonate to Pastor Craig's church here: https://my.gobluefire.com/App/Form/89f65d90-502a-43a9-9768-02046b9317c9\n\nBecome a premium subscriber:  https://babylonbee.com/plans\n\nThe Official The Babylon Bee Store:  https://shop.babylonbee.com/\n\nFollow The Babylon Bee:\nWebsite: https://babylonbee.com/\nTwitter: https://twitter.com/thebabylonbee\nFacebook: https://www.facebook.com/TheBabylonBee\nInstagram: http://instagram.com/thebabylonbee", "link": "https://www.youtube.com/watch?v=Edm1LmBbKhM", "date_published": "2021-04-23 00:00:00+00:00", "persistent": false, "user": null, "language": "en-US"}, {"source": "https://www.youtube.com/feeds/videos.xml?channel_id=UCyl5V3-J_Bsy3x-EBCJwepg", "title": "BLM Founder Reminds Everyone Justice Won't Fully Be Served Until She Can Buy A 5th House", "description": "What's next for racial justice? One BLM founder thinks there is a long, lucrative future ahead for BLM. \n\nBecome a premium subscriber:  https://babylonbee.com/plans\n\nThe Official The Babylon Bee Store:  https://shop.babylonbee.com/\n\nFollow The Babylon Bee:\nWebsite: https://babylonbee.com/\nTwitter: https://twitter.com/thebabylonbee\nFacebook: https://www.facebook.com/TheBabylonBee\nInstagram: http://instagram.com/thebabylonbee", "link": "https://www.youtube.com/watch?v=EK2EIaVlWQM", "date_published": "2021-04-22 00:00:00+00:00", "persistent": false, "user": null, "language": "en-US"}]