[{"source": "https://www.youtube.com/feeds/videos.xml?channel_id=UCme4ZOv65uzGADXuvtHkSvA", "title": "Ewangelia \u0141ukasza || Rozdzia\u0142 20", "description": "Przeczytajmy razem ca\u0142e Pismo \u015awi\u0119te! \n \nUWAGA WYZWANIE i to \u017cyciodajne!\nCodziennie razem czytamy 1 rozdzia\u0142 \u017cyciodajnego S\u0141OWA BOGA. \nDo\u0142\u0105cz do nas! Razem przeczytamy ca\u0142e Pismo \u015awi\u0119te!\n\nWykorzystano Najnowszy przek\u0142ad Pisma \u015awi\u0119tego z komentarzem opracowany przez Zesp\u00f3\u0142 Biblist\u00f3w Polskich z inicjatywy Towarzystwa \u015awi\u0119tego Paw\u0142a (Edycja \u015awi\u0119tego Paw\u0142a). Pierwszy przek\u0142ad w trzecim tysi\u0105cleciu.\n________________________________________\nOgl\u0105daj Langust\u0119 w Aplikacji dominikanie.pl\n\u2192 http://bit.ly/dominikanienaGoogle\n\u2192 http://apple.co/2LqWqAx\n\nAby nas wesprze\u0107 kliknij tu \n\u2192 https://patronite.pl/langustanapalmie\n\u2192 http://bit.ly/Subskrybuj_Languste\n\n\u2661 Historie pot\u0142uczone\nAnchor \u2192 https://anchor.fm/langusta-na-palmie\nSpreaker \u2192 https://www.spreaker.com/show/historie-potluczone\nSpotify \u2192 https://spoti.fi/2NVIRHb\nApple \u2192 https://apple.co/2ZIPQZv\nGoogle Podcasts \u2192 https://bit.ly/2OlBWH\n\n\u2661  Pismo \u015awi\u0119te: \nAnchor \u2192 https://anchor.fm/langusta-na-palmie\nSpreaker \u2192 https://www.spreaker.com/show/przeczytaj-pismo-swiete-z-langusta\nSpotify \u2192  https://spoti.fi/34nZwLr\nApple \u2192  https://apple.co/33zdwCV\nGoogle Podcasts \u2192 https://bit.ly/3nmaZUc\n\nZapraszamy na nowy portal :\n\u2192 http://www.dominikanie.pl\nPolecamy subskrypcje portalu na YT\n\u2192 https://www.youtube.com/c/Dominikanieplportal  \nMo\u017cna nas r\u00f3wnie\u017c znale\u017a\u0107 na Facebooku: \n\u2192 https://www.facebook.com/dominikanie\n\nWi\u0119cej nagra\u0144 o. Adama znajdziesz na: \n\u2192 http://www.langustanapalmie.pl\nMo\u017cna nas r\u00f3wnie\u017c znale\u017a\u0107 na Facebooku: \n\u2192 https://www.facebook.com/LangustaNaPalmie\nTwitterze: \n\u2192 https://twitter.com/LangustaPalmowa\nInstagramie: \n\u2192 https://www.instagram.com/langustanapalmie/\n\nZapraszamy.", "link": "https://www.youtube.com/watch?v=YkzStqAtg7U", "date_published": "2021-04-23 00:00:00+00:00", "persistent": false, "user": null, "language": "pl-PL"}, {"source": "https://www.youtube.com/feeds/videos.xml?channel_id=UCme4ZOv65uzGADXuvtHkSvA", "title": "Ksi\u0105dz gra w gr\u0119: Ghost of Tsushima [06] B\u0105d\u017a jak latarnia", "description": "@langustanapalmie #ksiadzgrawgre #ghostoftsushima\n________________________________________\nAby nas wesprze\u0107 kliknij tu \n\u2192 https://patronite.pl/langustanapalmie\n\u2192 http://bit.ly/Subskrybuj_Languste\n\nMiniaturk\u0119 przygotowa\u0142: Sebastian Gw\u00f3\u017ad\u017a \n\n\u2661 Historie pot\u0142uczone\nAnchor \u2192 https://anchor.fm/langusta-na-palmie\nSpreaker \u2192 https://www.spreaker.com/show/historie-potluczone\nSpotify \u2192 https://spoti.fi/2NVIRHb\nApple \u2192 https://apple.co/2ZIPQZv\nGoogle Podcasts \u2192 https://bit.ly/2OlBWH\n\n\u2661  Pismo \u015awi\u0119te: \nAnchor \u2192 https://anchor.fm/langusta-na-palmie\nSpreaker \u2192 https://www.spreaker.com/show/przeczytaj-pismo-swiete-z-langusta\nSpotify \u2192  https://spoti.fi/34nZwLr\nApple \u2192  https://apple.co/33zdwCV\nGoogle Podcasts \u2192 https://bit.ly/3nmaZUc\n\nZapraszamy na nowy portal :\n\u2192 http://www.dominikanie.pl\nPolecamy subskrypcje portalu na YT\n\u2192 https://www.youtube.com/c/Dominikanieplportal  \nMo\u017cna nas r\u00f3wnie\u017c znale\u017a\u0107 na Facebooku: \n\u2192 https://www.facebook.com/dominikanie\n\nWi\u0119cej nagra\u0144 o. Adama znajdziesz na: \n\u2192 http://www.langustanapalmie.pl\nMo\u017cna nas r\u00f3wnie\u017c znale\u017a\u0107 na Facebooku: \n\u2192 https://www.facebook.com/LangustaNaPalmie\nTwitterze: \n\u2192 https://twitter.com/LangustaPalmowa\nInstagramie: \n\u2192 https://www.instagram.com/langustanapalmie/\n\nZapraszamy.", "link": "https://www.youtube.com/watch?v=03O5T2iHbuo", "date_published": "2021-04-23 00:00:00+00:00", "persistent": false, "user": null, "language": "pl-PL"}, {"source": "https://www.youtube.com/feeds/videos.xml?channel_id=UCme4ZOv65uzGADXuvtHkSvA", "title": "Wstawaki [#766] Padnie\u0328ci", "description": "#Wstawaki #zr\u00f3bmydobrydzie\u0144 #AdamSzustakOP\n\n\"Wstawaki 2.0\" muz: Jan Smoczy\u0144ski || Agnieszka Musia\u0142\n________________________________________\nOgl\u0105daj Langust\u0119 w Aplikacji dominikanie.pl\n\u2192 http://bit.ly/dominikanienaGoogle\n\u2192 http://apple.co/2LqWqAx\n\nAby nas wesprze\u0107 kliknij tu \n\u2192 https://patronite.pl/langustanapalmie\n\u2192 http://bit.ly/Subskrybuj_Languste\n\n\u2661 Historie pot\u0142uczone\nAnchor \u2192 https://anchor.fm/langusta-na-palmie\nSpreaker \u2192 https://www.spreaker.com/show/historie-potluczone\nSpotify \u2192 https://spoti.fi/2NVIRHb\nApple \u2192 https://apple.co/2ZIPQZv\nGoogle Podcasts \u2192 https://bit.ly/2OlBWH\n\n\u2661  Pismo \u015awi\u0119te: \nAnchor \u2192 https://anchor.fm/langusta-na-palmie\nSpreaker \u2192 https://www.spreaker.com/show/przeczytaj-pismo-swiete-z-langusta\nSpotify \u2192  https://spoti.fi/34nZwLr\nApple \u2192  https://apple.co/33zdwCV\nGoogle Podcasts \u2192 https://bit.ly/3nmaZUc\n\nZapraszamy na nowy portal :\n\u2192 http://www.dominikanie.pl\nPolecamy subskrypcje portalu na YT\n\u2192 https://www.youtube.com/c/Dominikanieplportal  \nMo\u017cna nas r\u00f3wnie\u017c znale\u017a\u0107 na Facebooku: \n\u2192 https://www.facebook.com/dominikanie\n\nWi\u0119cej nagra\u0144 o. Adama znajdziesz na: \n\u2192 http://www.langustanapalmie.pl\nMo\u017cna nas r\u00f3wnie\u017c znale\u017a\u0107 na Facebooku: \n\u2192 https://www.facebook.com/LangustaNaPalmie\nTwitterze: \n\u2192 https://twitter.com/LangustaPalmowa\nInstagramie: \n\u2192 https://www.instagram.com/langustanapalmie/\n\nZapraszamy.", "link": "https://www.youtube.com/watch?v=3M_9dyNavvQ", "date_published": "2021-04-23 00:00:00+00:00", "persistent": false, "user": null, "language": "pl-PL"}, {"source": "https://www.youtube.com/feeds/videos.xml?channel_id=UCme4ZOv65uzGADXuvtHkSvA", "title": "Ewangelia \u0141ukasza || Rozdzia\u0142 19", "description": "Przeczytajmy razem ca\u0142e Pismo \u015awi\u0119te! \n \nUWAGA WYZWANIE i to \u017cyciodajne!\nCodziennie razem czytamy 1 rozdzia\u0142 \u017cyciodajnego S\u0141OWA BOGA. \nDo\u0142\u0105cz do nas! Razem przeczytamy ca\u0142e Pismo \u015awi\u0119te!\n\nWykorzystano Najnowszy przek\u0142ad Pisma \u015awi\u0119tego z komentarzem opracowany przez Zesp\u00f3\u0142 Biblist\u00f3w Polskich z inicjatywy Towarzystwa \u015awi\u0119tego Paw\u0142a (Edycja \u015awi\u0119tego Paw\u0142a). Pierwszy przek\u0142ad w trzecim tysi\u0105cleciu.\n\n________________________________________\nOgl\u0105daj Langust\u0119 w Aplikacji dominikanie.pl\n\u2192 http://bit.ly/dominikanienaGoogle\n\u2192 http://apple.co/2LqWqAx\n\nAby nas wesprze\u0107 kliknij tu \n\u2192 https://patronite.pl/langustanapalmie\n\u2192 http://bit.ly/Subskrybuj_Languste\n\n\u2661 Historie pot\u0142uczone\nAnchor \u2192 https://anchor.fm/langusta-na-palmie\nSpreaker \u2192 https://www.spreaker.com/show/historie-potluczone\nSpotify \u2192 https://spoti.fi/2NVIRHb\nApple \u2192 https://apple.co/2ZIPQZv\nGoogle Podcasts \u2192 https://bit.ly/2OlBWH\n\n\u2661  Pismo \u015awi\u0119te: \nAnchor \u2192 https://anchor.fm/langusta-na-palmie\nSpreaker \u2192 https://www.spreaker.com/show/przeczytaj-pismo-swiete-z-langusta\nSpotify \u2192  https://spoti.fi/34nZwLr\nApple \u2192  https://apple.co/33zdwCV\nGoogle Podcasts \u2192 https://bit.ly/3nmaZUc\n\nZapraszamy na nowy portal :\n\u2192 http://www.dominikanie.pl\nPolecamy subskrypcje portalu na YT\n\u2192 https://www.youtube.com/c/Dominikanieplportal  \nMo\u017cna nas r\u00f3wnie\u017c znale\u017a\u0107 na Facebooku: \n\u2192 https://www.facebook.com/dominikanie\n\nWi\u0119cej nagra\u0144 o. Adama znajdziesz na: \n\u2192 http://www.langustanapalmie.pl\nMo\u017cna nas r\u00f3wnie\u017c znale\u017a\u0107 na Facebooku: \n\u2192 https://www.facebook.com/LangustaNaPalmie\nTwitterze: \n\u2192 https://twitter.com/LangustaPalmowa\nInstagramie: \n\u2192 https://www.instagram.com/langustanapalmie/\n\nZapraszamy.", "link": "https://www.youtube.com/watch?v=c1RS6Mb29AI", "date_published": "2021-04-22 00:00:00+00:00", "persistent": false, "user": null, "language": "pl-PL"}, {"source": "https://www.youtube.com/feeds/videos.xml?channel_id=UCme4ZOv65uzGADXuvtHkSvA", "title": "R\u00f3\u017caniec na \u017cywo [22.04.2021] Tajemnice \u015bwiat\u0142a", "description": "@langustanapalmie #rozaniec\n________________________________________\nOgl\u0105daj Langust\u0119 w Aplikacji dominikanie.pl\n\u2192 http://bit.ly/dominikanienaGoogle\n\u2192 http://apple.co/2LqWqAx\n\nAby nas wesprze\u0107 kliknij tu \n\u2192 https://patronite.pl/langustanapalmie\n\u2192 http://bit.ly/Subskrybuj_Languste\n\n\u2661 Historie pot\u0142uczone\nAnchor \u2192 https://anchor.fm/langusta-na-palmie\nSpreaker \u2192 https://www.spreaker.com/show/historie-potluczone\nSpotify \u2192 https://spoti.fi/2NVIRHb\nApple \u2192 https://apple.co/2ZIPQZv\nGoogle Podcasts \u2192 https://bit.ly/2OlBWH\n\n\u2661  Pismo \u015awi\u0119te: \nAnchor \u2192 https://anchor.fm/langusta-na-palmie\nSpreaker \u2192 https://www.spreaker.com/show/przeczytaj-pismo-swiete-z-langusta\nSpotify \u2192  https://spoti.fi/34nZwLr\nApple \u2192  https://apple.co/33zdwCV\nGoogle Podcasts \u2192 https://bit.ly/3nmaZUc\n\nZapraszamy na nowy portal :\n\u2192 http://www.dominikanie.pl\nPolecamy subskrypcje portalu na YT\n\u2192 https://www.youtube.com/c/Dominikanieplportal  \nMo\u017cna nas r\u00f3wnie\u017c znale\u017a\u0107 na Facebooku: \n\u2192 https://www.facebook.com/dominikanie\n\nWi\u0119cej nagra\u0144 o. Adama znajdziesz na: \n\u2192 http://www.langustanapalmie.pl\nMo\u017cna nas r\u00f3wnie\u017c znale\u017a\u0107 na Facebooku: \n\u2192 https://www.facebook.com/LangustaNaPalmie\nTwitterze: \n\u2192 https://twitter.com/LangustaPalmowa\nInstagramie: \n\u2192 https://www.instagram.com/langustanapalmie/\n\nZapraszamy.", "link": "https://www.youtube.com/watch?v=Q9ru76N4Zzc", "date_published": "2021-04-22 00:00:00+00:00", "persistent": false, "user": null, "language": "pl-PL"}, {"source": "https://www.youtube.com/feeds/videos.xml?channel_id=UCme4ZOv65uzGADXuvtHkSvA", "title": "Wstawaki [#765] Ukrywane", "description": "#Wstawaki #zr\u00f3bmydobrydzie\u0144 #AdamSzustakOP\n\n\"Wstawaki 2.0\" muz: Jan Smoczy\u0144ski || Agnieszka Musia\u0142\n________________________________________\nOgl\u0105daj Langust\u0119 w Aplikacji dominikanie.pl\n\u2192 http://bit.ly/dominikanienaGoogle\n\u2192 http://apple.co/2LqWqAx\n\nAby nas wesprze\u0107 kliknij tu \n\u2192 https://patronite.pl/langustanapalmie\n\u2192 http://bit.ly/Subskrybuj_Languste\n\n\u2661 Historie pot\u0142uczone\nAnchor \u2192 https://anchor.fm/langusta-na-palmie\nSpreaker \u2192 https://www.spreaker.com/show/historie-potluczone\nSpotify \u2192 https://spoti.fi/2NVIRHb\nApple \u2192 https://apple.co/2ZIPQZv\nGoogle Podcasts \u2192 https://bit.ly/2OlBWH\n\n\u2661  Pismo \u015awi\u0119te: \nAnchor \u2192 https://anchor.fm/langusta-na-palmie\nSpreaker \u2192 https://www.spreaker.com/show/przeczytaj-pismo-swiete-z-langusta\nSpotify \u2192  https://spoti.fi/34nZwLr\nApple \u2192  https://apple.co/33zdwCV\nGoogle Podcasts \u2192 https://bit.ly/3nmaZUc\n\nZapraszamy na nowy portal :\n\u2192 http://www.dominikanie.pl\nPolecamy subskrypcje portalu na YT\n\u2192 https://www.youtube.com/c/Dominikanieplportal  \nMo\u017cna nas r\u00f3wnie\u017c znale\u017a\u0107 na Facebooku: \n\u2192 https://www.facebook.com/dominikanie\n\nWi\u0119cej nagra\u0144 o. Adama znajdziesz na: \n\u2192 http://www.langustanapalmie.pl\nMo\u017cna nas r\u00f3wnie\u017c znale\u017a\u0107 na Facebooku: \n\u2192 https://www.facebook.com/LangustaNaPalmie\nTwitterze: \n\u2192 https://twitter.com/LangustaPalmowa\nInstagramie: \n\u2192 https://www.instagram.com/langustanapalmie/\n\nZapraszamy.", "link": "https://www.youtube.com/watch?v=IUtCBWs4l8I", "date_published": "2021-04-22 00:00:00+00:00", "persistent": false, "user": null, "language": "pl-PL"}, {"source": "https://www.youtube.com/feeds/videos.xml?channel_id=UCme4ZOv65uzGADXuvtHkSvA", "title": "[NV#412] Je\u015bli ma t\u0119 cech\u0119, nie wchod\u017a z nim w zwi\u0105zek!", "description": "\u200b@Langustanapalmie \n\nNiecodzienny vlog ojca Adama Szustaka OP, edycja nocna.\n________________________________________\nOgl\u0105daj Langust\u0119 w Aplikacji dominikanie.pl\n\u2192 http://bit.ly/dominikanienaGoogle\n\u2192 http://apple.co/2LqWqAx\n\nAby nas wesprze\u0107 kliknij tu \n\u2192 https://patronite.pl/langustanapalmie\n\u2192 http://bit.ly/Subskrybuj_Languste\n\n\u2661 Historie pot\u0142uczone\nAnchor \u2192 https://anchor.fm/langusta-na-palmie\nSpreaker \u2192 https://www.spreaker.com/show/historie-potluczone\nSpotify \u2192 https://spoti.fi/2NVIRHb\nApple \u2192 https://apple.co/2ZIPQZv\nGoogle Podcasts \u2192 https://bit.ly/2OlBWH\n\n\u2661  Pismo \u015awi\u0119te: \nAnchor \u2192 https://anchor.fm/langusta-na-palmie\nSpreaker \u2192 https://www.spreaker.com/show/przeczytaj-pismo-swiete-z-langusta\nSpotify \u2192  https://spoti.fi/34nZwLr\nApple \u2192  https://apple.co/33zdwCV\nGoogle Podcasts \u2192 https://bit.ly/3nmaZUc\n\nZapraszamy na nowy portal :\n\u2192 http://www.dominikanie.pl\nPolecamy subskrypcje portalu na YT\n\u2192 https://www.youtube.com/c/Dominikanieplportal  \nMo\u017cna nas r\u00f3wnie\u017c znale\u017a\u0107 na Facebooku: \n\u2192 https://www.facebook.com/dominikanie\n\nWi\u0119cej nagra\u0144 o. Adama znajdziesz na: \n\u2192 http://www.langustanapalmie.pl\nMo\u017cna nas r\u00f3wnie\u017c znale\u017a\u0107 na Facebooku: \n\u2192 https://www.facebook.com/LangustaNaPalmie\nTwitterze: \n\u2192 https://twitter.com/LangustaPalmowa\nInstagramie: \n\u2192 https://www.instagram.com/langustanapalmie/\n\nZapraszamy.", "link": "https://www.youtube.com/watch?v=UYYXDV5xoNE", "date_published": "2021-04-22 00:00:00+00:00", "persistent": false, "user": null, "language": "pl-PL"}]