[{"source": "https://www.youtube.com/feeds/videos.xml?channel_id=UCLsnJt_eyqkGZ4ZEM__xCOg", "title": "Na czym tak naprawd\u0119 zarabiaj\u0105 influencerzy?", "description": "W dzisiejszym filmie chc\u0119 Wam powiedzie\u0107 o tym, dzi\u0119ki komu moje \u017cycie w ostatnich latach zmieni\u0142o si\u0119 na lepsze oraz jakie mam dalsze plany na prowadzenie tego kana\u0142u. Przy okazji mam nadziej\u0119, \u017ce wyniesiecie z tego vloga troch\u0119 po\u017cytecznych informacji :)\n\nZosta\u0144 Patronem kana\u0142u!\nhttps://patronite.pl/vlogcasha\n\nYT Eweliny: @evelinaross7004 \nIG Eweliny: https://www.instagram.com/evelinaross_\n\nYT Adriana: @mowikamera \nIG Adriana: https://www.instagram.com/adriankilar/", "link": "https://www.youtube.com/watch?v=3aqh52OP0xQ", "date_published": "2021-02-19 00:00:00+00:00", "persistent": false, "user": null, "language": "pl-PL"}]