[{"source": "https://www.youtube.com/feeds/videos.xml?channel_id=UCR-DXc1voovS8nhAvccRZhg", "title": "12 PCI Express M.2 Slots on a Raspberry Pi!?", "description": "I take Alftel Systems' 12-slot PCI Express M.2 carrier board for a spin on my Raspberry Pi Compute Module 4, and mention their soon-to-be-announced 'Seaberry' Mini ITX board for the Compute Module!\n\nCheck out all the neat stuff Alftel makes: https://www.alftel.com\n\nFollow all the PCI Express cards I'm testing with the Compute Module 4: https://pipci.jeffgeerling.com\n\nSupport me on Patreon: https://www.patreon.com/geerlingguy\nSponsor me on GitHub: https://github.com/sponsors/geerlingguy\n\n#RaspberryPi #Seaberry #ComputeModule4", "link": "https://www.youtube.com/watch?v=Ozwyh_Pfe6g", "date_published": "2021-02-19 00:00:00+00:00", "persistent": false, "user": null, "language": "en-US"}]