[{"source": "https://www.youtube.com/feeds/videos.xml?channel_id=UC2_KC8lshtCyiLApy27raYw", "title": "GameStop: One Final Ride and the Road Ahead", "description": "GameStop was kinda cool I guess. Then it wasn\u2019t for a while. And then, ya know, it was cool again for a bit. But now, well.\n\nThat\u2019s the vid. That\u2019s it.\n\nTwitter: https://twitter.com/KnowledgeHubTy\nSoundcloud: https://soundcloud.com/user-503704039\nPatreon: https://www.patreon.com/theknowledgehub\nSecond Channel: https://www.youtube.com/channel/UC-KL...\nSpotify: https://open.spotify.com/artist/3STpe...\n\nAdditional Footage Credits:\nPush Square\n\nAnd I think it's gonna be a long, long time\n'Til touchdown brings me 'round again to find\nI'm not the man they think I am at home\nOh, no, no, no\nI'm a rocket man", "link": "https://www.youtube.com/watch?v=m6gJX5so65c", "date_published": "2021-02-19 00:00:00+00:00", "persistent": false, "user": null, "language": "en-US"}]