[{"source": "https://www.youtube.com/feeds/videos.xml?channel_id=UC3I2GFN_F8WudD_2jUZbojA", "title": "Anjimile - Full Performance (Live on KEXP at Home)", "description": "http://KEXP.ORG presents Anjimile performing live, recorded exclusively for KEXP.\n\nSongs:\nYour Tree\nBaby No More \n1978\nMaker\nSoothing (Laura Marling cover)\n\nFilming by Rachel Rimm\nRecording and Editing by Anjimile\n\nhttp://www.anjimile.com\nhttp://kexp.org", "link": "https://www.youtube.com/watch?v=83kPvjwe59o", "date_published": "2021-02-20 00:00:00+00:00", "persistent": false, "user": null, "language": "en-US"}, {"source": "https://www.youtube.com/feeds/videos.xml?channel_id=UC3I2GFN_F8WudD_2jUZbojA", "title": "Anjimile - Performance & Interview (Live on KEXP at Home)", "description": "http://KEXP.ORG presents Anjimile sharing a live performance recorded exclusively for KEXP and talking to Gabriel Teodros, host of Early. Recorded February 8, 2021.\n\nSongs:\nYour Tree\nBaby No More \n1978\nMaker\nSoothing (Laura Marling cover)\n\nSession Filming by Rachel Rimm\nRecording and Editing by Anjimile\n\nhttp://www.anjimile.com\nhttp://kexp.org", "link": "https://www.youtube.com/watch?v=brYFBegbAQg", "date_published": "2021-02-19 00:00:00+00:00", "persistent": false, "user": null, "language": "en-US"}]