[{"source": "https://www.youtube.com/feeds/videos.xml?channel_id=UChnxLLvzviaR5NeKOevB8iQ", "title": "bees", "description": "a song about eurorack modules made on the native instrument maschine +\n\ni wanted to challenge myself to make something completely on the maschine. i used the perform ve vocal pedal to record vocals into the maschine. i wrote lyrics about eurorack modules. and bees. and then this is what happened. bees. so yeah. bees. ok. \n\nbees.\n\nlyrics: \n\nU 2 vca\nU fold zeroscope\ntip top dsp\nQuick scope megaslope\n\nThis is not rocket science\nThis is revolution\nRising like a fenix\nBro check the resolution\n\nLike my cereal fruitable\nLoops same, tunable\nLike my patch game like my instruments\nMutable\n\nTwo bits on my qu-bit\nWave Rocket polyphonic\nFive12 vector unify Desmodus\n\nPressure rising pressure points\nPico pico pass the joint\nGet ready for the monsoon\nBout to make it rainmaker\n\nit's bees\n\nRamp core after later v9a\nMicroburst, microdose, mia\n\nSmarter than a turing bot, BIA\nRawer than a wavetable, no decay\n\nTidal waves, tides, function generator afterthought\nmore maths than a phd, demigod\n\nResonating spectral, put a rings on it, cloudburst\nCall me queen of pentacles, the quadigy, my net worth\n\nSpeaking in tongues like memetic digitalis\nGot the antimatter launch codes, you can call me alice\nMy holographic solum is about to go plastic\nBring back the drop, yo that shit is morgasmic\n\nits bees\n------------------------------------\nThank you for watching. My name is Jeremy, and this is Red Means Recording. I've been making music for a few decades now, and this channel is a place to make music and to talk about the tools and techniques to make music with. We'll use synths, drum machines, modular gear, and software. \n\nIf you'd like to support the channel, I have a Patreon:  http://bit.ly/rmrpatreon\n\nI have music as \"Jeremy Blake\" on all the major services: \nBandcamp: http://bit.ly/2Kq617o\nSoundcloud: http://bit.ly/2NOH9Is\nSpotify: https://spoti.fi/2N40SoX\nGoogle Play: http://bit.ly/33M9aG5\niTunes: https://apple.co/2pqh3SK\nAmazon Music: https://amzn.to/2O9q1fe\n\nI have some merch here: http://bit.ly/rmrshirts\n\nAnd you can connect with me here: \nTwitter: http://bit.ly/rmrtwitters\nWebsite: http://bit.ly/rmrmedia", "link": "https://www.youtube.com/watch?v=pahOqf1Ldk4", "date_published": "2021-02-19 00:00:00+00:00", "persistent": false, "user": null, "language": "en-US"}]