[{"source": "https://www.youtube.com/feeds/videos.xml?channel_id=UCFQMnBA3CS502aghlcr0_aw", "title": "Confessions of the #1 Bitconnect Promoter - Trevon James", "description": "Trevon James is a crypto Youtuber most (in)famous for his promotion of Bitconnect, a now defunct ponzi scheme. In this interview we talk about his story, changes, other crypto Youtubers and his promotion in Hex. \ntwitter: https://twitter.com/coffeebreak_YT\ninstagram: https://www.instagram.com/coffeebreak_yt/\nthis video is an opinion and in no way should be construed as statements of fact. scams, bad business opportunities, and fake gurus are subjective terms that mean different things to different people. I think someone who promises $100K/month for an upfront fee of $2K is a scam. Others would call it a Napolean Hill pitch.\n0:00 INTRO\n0:18 WARNING\n2:54 INTERVIEW STARTS\n6:24 Trevon's Introduction to Crypto\n11:15 is Bitconnect a Ponzi Scheme?\n24:27 The Reason Trevon Came On the Show\n35:11 why is everyone so hard on me?\n38:00 FBI / SEC Story\n45:12 Confronting Trevon on HEX Promotion\n1:03:21 Trevon's Warning", "link": "https://www.youtube.com/watch?v=uIcE5cfFA_4", "date_published": "2021-01-17 00:00:00+00:00", "persistent": false, "user": null, "language": "en-US"}]