[{"source": "https://www.youtube.com/feeds/videos.xml?channel_id=UCJKt_QVDyUbqdm3ag_py2eQ", "title": "Amiga music: Prodigy - Funkadelic (A1200\ud83c\udfa7Dolbyfied)", "description": "\"Funkadelic\" by Prodigy/Oops (Emiel Leenders), 2nd at Astrosyn 1997. Art \"Sheepy\" (1995) by Jason/Razor 1911 (unsure). Headphones recommended.\n\nMade using real A1200 Rev. 1D.4 audio. Playback from DeliTracker 2.34 with 14Bit-NotePlayer 4.30:\n- 4 channel ProTracker module\n- 14-bit calibrated Paula output\n- Infinite oversampling with 44336 Hz mixing frequency\n- No panning, no 3D and DSP off. Anti-click enabled\n\nVisit my channel for more Amiga music.", "link": "https://www.youtube.com/watch?v=Q3BOxgvom74", "date_published": "2021-01-17 00:00:00+00:00", "persistent": false, "user": null, "language": "en-US"}]