[{"source": "https://www.youtube.com/feeds/videos.xml?channel_id=UChnxLLvzviaR5NeKOevB8iQ", "title": "Patreon Q+A January 2021", "description": "It's time for Patreon's questions and answers. This month's twist: no music-related questions. Thank you for your support and your energy. You can join the fun by becoming a patron here: http://bit.ly/rmrpatreon\n------------------------------------\nThank you for watching. My name is Jeremy, and this is Red Means Recording. I've been making music for a few decades now, and this channel is a place to make music and to talk about the tools and techniques to make music with. We'll use synths, drum machines, modular gear, and software. \n\nIf you'd like to support the channel, I have a Patreon:  http://bit.ly/rmrpatreon\n\nI have music as \"Jeremy Blake\" on all the major services: \nBandcamp: http://bit.ly/2Kq617o\nSoundcloud: http://bit.ly/2NOH9Is\nSpotify: https://spoti.fi/2N40SoX\nGoogle Play: http://bit.ly/33M9aG5\niTunes: https://apple.co/2pqh3SK\nAmazon Music: https://amzn.to/2O9q1fe\n\nI have some merch here: http://bit.ly/rmrshirts\n\nAnd you can connect with me here: \nTwitter: http://bit.ly/rmrtwitters\nWebsite: http://bit.ly/rmrmedia", "link": "https://www.youtube.com/watch?v=xnIg2AvIL-o", "date_published": "2021-01-17 00:00:00+00:00", "persistent": false, "user": null, "language": "en-US"}]