[{"source": "https://www.youtube.com/feeds/videos.xml?channel_id=UCqg5FCR7NrpvlBWMXdt-5Vg", "title": "How Gears 5: Hivebusters Might Hint at An Exciting Future For Xbox IP", "description": "This week on The Escapist Show, Jack plays more Dark Souls and previews Loop Hero, while Nick is daydreaming about the future of established Xbox IP thanks to Game Pass.\n\nJoin our YouTube Membership program for Early Access to videos, badges, emojis, bonus content and more. \u25ba\u25ba https://www.youtube.com/channel/UCqg5FCR7NrpvlBWMXdt-5Vg/join\n\nSubscribe to Escapist Magazine! \u25ba\u25ba http://bit.ly/Sub2Escapist\n\nWant to see the next episode a week early? Check out http://www.escapistmagazine.com for the latest episodes of your favorite shows.\n\n---\n\nTimestamps\n0:00 - 8:27 - The Games We've Been Playing\n8:28 - 14:30 - Loop Hero Preview\n14:31 - 30:24 - Gears 5: Hivebusters and Xbox Experiments\n\n---\n\n\nZero Punctuation Merch Store \u25ba\u25bahttps://teespring.com/stores/the-escapist-store\nJoin us on Twitch \u25ba\u25ba https://www.twitch.tv/escapistmagazine \nLike us on Facebook \u25ba\u25ba http://www.facebook.com/EscapistMag\nFollow us on Twitter \u25ba\u25ba https://twitter.com/EscapistMag", "link": "https://www.youtube.com/watch?v=1DcQEfcTBzw", "date_published": "2021-01-17 00:00:00+00:00", "persistent": false, "user": null, "language": "en-US"}]