[{"source": "https://www.youtube.com/feeds/videos.xml?channel_id=UCAKcSON6PSG_JkTbXh2WdIg", "title": "Dessa - three live performances (2018)", "description": "Three years ago this week, Dessa visited The Current to deconstruct songs from her album, \"Chime.\" Watch three live performances of songs from \"Chime\" that Dessa did for Live From Here, recorded in April of 2018 at the State Theatre in Minneapolis.\n\nSONGS PERFORMED\n0:00 \"Velodrome\"\n2:53 \"Fire Drills\"\n6:25 \"Half of You\"\n\nPERSONNEL\nDessa \u2013 vocals\nSaam Hagshenas \u2013 guitar, keys, backing vocals\nKara Laudon \u2013 keys, loops, backing vocals\nJonathan Marks \u2013 drums\nMatthew Santos \u2013 keys, backing vocals\n\nCREDITS\nVideo & Photo: Ben Miller; American Public Media\nAudio: Sam Hudson; Thomas Scheuzger\nProduction: Jeffy Hnilicka; Tom Campbell; American Public Media\n\nFIND MORE:\n2011 Fitzgerald Theater concert: https://www.thecurrent.org/feature/2011/11/08/dessa-live-fitz\n2013 Fitzgerald Theater concert: https://www.thecurrent.org/feature/2013/07/10/dessa-fitzgerald-theater-performance-broadcast\n2018 MPR Forum session:\nhttps://www.thecurrent.org/feature/2018/02/21/dessa-the-making-of-chime\n\nSubscribe to our channel:\nhttp://www.youtube.com/user/893TheCurrent?sub_confirmation=1\nLike/Follow:\nhttps://www.facebook.com/TheCurrent/\nhttps://twitter.com/TheCurrent\nhttps://www.instagram.com/thecurrent/\n\n#dessa", "link": "https://www.youtube.com/watch?v=eM26SoPrkto", "date_published": "2021-02-23 00:00:00+00:00", "persistent": false, "user": null, "language": "en-US"}, {"source": "https://www.youtube.com/feeds/videos.xml?channel_id=UCAKcSON6PSG_JkTbXh2WdIg", "title": "Julien Baker - Virtual Session Interview", "description": "Julien Baker connects with The Current's Jill Riley to discuss her upcoming third studio record, Little Oblivions. In addition to the new record, Julien discusses the sense of communal creation that was instilled in her while growing up in Memphis, the tediousness of waiting to release a record, and the challenges of articulating highly personal work. Watch Julien play songs from her new record here: https://youtu.be/iefaqsiNW2I\n\nFIND MORE: \n2018 boygenius studio session: https://www.thecurrent.org/feature/2018/11/17/boygenius-perform-in-the-current-studio\n\nSubscribe to our channel:\nhttp://www.youtube.com/user/893TheCurrent\n\nLike/Follow:\nhttps://www.facebook.com/TheCurrent/\u200b\u200b\u200b\nhttps://twitter.com/TheCurrent\u200b\u200b\u200b\nhttps://www.instagram.com/thecurrent/", "link": "https://www.youtube.com/watch?v=4V13TNoOnnk", "date_published": "2021-02-22 00:00:00+00:00", "persistent": false, "user": null, "language": "en-US"}, {"source": "https://www.youtube.com/feeds/videos.xml?channel_id=UCAKcSON6PSG_JkTbXh2WdIg", "title": "Julien Baker - Virtual Session Performance", "description": "Julien Baker performs two songs from her upcoming third studio album, Little Oblivions, coming out February 26, 2021 on Matador Records. Watch Julian's conversation with The Current's Jill Riley here: https://www.youtube.com/watch?v=4V13TNoOnnk&ab_channel=TheCurrent \n\nSONGS PERFORMED\n00:00 Faith Healer\n03:00 Favor\n\nFIND MORE: \n2018 boygenius studio session: https://www.thecurrent.org/feature/2018/11/17/boygenius-perform-in-the-current-studio\n\nSubscribe to our channel:\nhttp://www.youtube.com/user/893TheCurrent\n\nLike/Follow:\nhttps://www.facebook.com/TheCurrent/\u200b\u200b\u200b\nhttps://twitter.com/TheCurrent\u200b\u200b\u200b\nhttps://www.instagram.com/thecurrent/", "link": "https://www.youtube.com/watch?v=iefaqsiNW2I", "date_published": "2021-02-22 00:00:00+00:00", "persistent": false, "user": null, "language": "en-US"}]