[{"source": "http://rss.cnn.com/rss/edition.rss", "title": "Donald Trump's other, tragic big lie", "description": "The January 6 attack on the United States Capitol was a vivid demonstration of the havoc that can result when a really big lie is repeatedly injected into the body politic.", "link": "https://www.cnn.com/2021/02/22/opinions/trump-covid-big-lie-reiner/index.html", "date_published": "2021-02-22 22:52:55+00:00", "persistent": false, "user": null, "language": "en-US"}, {"source": "http://rss.cnn.com/rss/edition.rss", "title": "'Where is everyone?': Inside Trump's DC hotel post-presidency", "description": "A sprawling lobby and bar with only a handful of people. Confused guests asking where everybody went. Elegant, but empty hallways. These are the scenes CNN observed inside the Trump International Hotel in Washington, DC, this month as the once-humming destination confronts a new reality without its namesake in the White House.", "link": "https://www.cnn.com/2021/02/22/politics/trump-washington-hotel-covid-19-business/index.html", "date_published": "2021-02-22 22:51:39+00:00", "persistent": false, "user": null, "language": "en-US"}, {"source": "http://rss.cnn.com/rss/edition.rss", "title": "Justice Thomas reveals some sympathy for Trump's baseless election fraud claims", "description": "Supreme Court Justice Clarence Thomas on Monday claimed election fraud is a threat to America, revealing in a forceful dissent some support for former President Donald Trump and Republicans who have refused to accept the result of the 2020 election.", "link": "https://www.cnn.com/2021/02/22/politics/clarence-thomas-trump-election-fraud/index.html", "date_published": "2021-02-22 22:46:31+00:00", "persistent": false, "user": null, "language": "en-US"}, {"source": "http://rss.cnn.com/rss/edition.rss", "title": "US at serious crossroads as country passes 500,000 Covid-19 deaths", "description": "", "link": "https://www.cnn.com/collections/intl-covid-1122/", "date_published": "2021-02-22 22:25:07+00:00", "persistent": false, "user": null, "language": "en-US"}, {"source": "http://rss.cnn.com/rss/edition.rss", "title": "What the ruling means for Manhattan DA's Trump investigation", "description": "After 17 months and two trips to the US Supreme Court, the Manhattan district attorney's criminal investigation into former President Donald Trump's business has received a significant boost with investigators now able to pour over Trump's tax returns and financial records.", "link": "https://www.cnn.com/2021/02/22/politics/supreme-court-manhattan-da-trump/index.html", "date_published": "2021-02-22 22:21:20+00:00", "persistent": false, "user": null, "language": "en-US"}, {"source": "http://rss.cnn.com/rss/edition.rss", "title": "Trump offered Kim Jong Un a ride home on Air Force One following Vietnam summit, source says", "description": "Then-President Donald Trump in 2019 offered North Korean leader Kim Jong Un a ride home on Air Force One following their Vietnam summit, a former senior administration official who was on the trip confirmed to CNN.", "link": "https://www.cnn.com/2021/02/22/politics/trump-kim-jong-un-air-force-one-vietnam-summit/index.html", "date_published": "2021-02-22 22:13:55+00:00", "persistent": false, "user": null, "language": "en-US"}, {"source": "http://rss.cnn.com/rss/edition.rss", "title": "6 takeaways from Merrick Garland's confirmation hearing", "description": "Merrick Garland, President Joe Biden's attorney general nominee, testified before the Senate Judiciary Committee on Monday, vowing to preserve the integrity of the Justice Department and to fully prosecute the \"heinous\" crimes committed during the attack on the US Capitol last month.", "link": "https://www.cnn.com/2021/02/22/politics/garland-hearing-takeaways/index.html", "date_published": "2021-02-22 21:59:43+00:00", "persistent": false, "user": null, "language": "en-US"}, {"source": "http://rss.cnn.com/rss/edition.rss", "title": "NASA shares dramatic video of Mars rover's landing", "description": "Get ready to see the first video from Mars, courtesy of NASA's Perseverance rover -- and possibly the first sound.", "link": "https://www.cnn.com/2021/02/22/world/mars-rover-new-video-images-scn-trnd/index.html", "date_published": "2021-02-22 21:45:03+00:00", "persistent": false, "user": null, "language": "en-US"}, {"source": "http://rss.cnn.com/rss/edition.rss", "title": "Dominion sues MyPillow and its CEO Mike Lindell for $1.3 billion", "description": "Dominion Voting Systems, the election technology company that has been the focus of debunked conspiracy theories about election fraud, is suing MyPillow and its CEO Mike Lindell.", "link": "https://www.cnn.com/2021/02/22/business/dominion-voting-systems-sues-mypillow-ceo/index.html", "date_published": "2021-02-22 21:28:27+00:00", "persistent": false, "user": null, "language": "en-US"}, {"source": "http://rss.cnn.com/rss/edition.rss", "title": "The 737 Max is no longer Boeing's biggest problem", "description": "Late last year it seemed Boeing was finally on the verge of moving past some of the biggest challenges in its history. US regulators lifted the 20-month grounding of the 737 Max, and Covid-19 vaccine approvals raised hopes for back-to-normal demand for air travel and aircraft purchases.", "link": "https://www.cnn.com/2021/02/22/business/boeing-widebody-jet-woes/index.html", "date_published": "2021-02-22 21:27:58+00:00", "persistent": false, "user": null, "language": "en-US"}, {"source": "http://rss.cnn.com/rss/edition.rss", "title": "Top court allows release of former US President's tax returns that he fought to shield from prosecutors", "description": "", "link": "https://www.cnn.com/2021/02/22/politics/supreme-court-trump-taxes-vance/index.html", "date_published": "2021-02-22 20:56:42+00:00", "persistent": false, "user": null, "language": "en-US"}, {"source": "http://rss.cnn.com/rss/edition.rss", "title": "Garland was asked why he wants the job. See his emotional response", "description": "President Biden's nominee for attorney general, Judge Merrick Garland, testifies before the Senate.", "link": "https://www.cnn.com/videos/politics/2021/02/22/merrick-garland-emotional-family-story-obligation-vpx.cnn", "date_published": "2021-02-22 20:13:51+00:00", "persistent": false, "user": null, "language": "en-US"}, {"source": "http://rss.cnn.com/rss/edition.rss", "title": "The 737 Max is no longer Boeing's biggest problem", "description": "", "link": "https://www.cnn.com/collections/intl-boeing-plane-02-22/", "date_published": "2021-02-22 19:55:21+00:00", "persistent": false, "user": null, "language": "en-US"}, {"source": "http://rss.cnn.com/rss/edition.rss", "title": "Trump fires back at Supreme Court ruling in statement", "description": "Former President Donald Trump issued a statement responding to the Supreme Court's ruling which will allow a New York prosecutor to obtain his tax returns for an investigation.", "link": "https://www.cnn.com/videos/politics/2021/02/22/supreme-court-tax-ruling-trump-statement-keilar-nr-vpx.cnn", "date_published": "2021-02-22 19:47:33+00:00", "persistent": false, "user": null, "language": "en-US"}, {"source": "http://rss.cnn.com/rss/edition.rss", "title": "Golf world rallies around Michelle Wie West following Giuliani's 'highly inappropriate' remarks", "description": "The golfing world has rallied around Michelle Wie West following comments made by Donald Trump's former lawyer Rudy Giuliani \"objectifying\" the five-time LPGA Tour winner.", "link": "https://www.cnn.com/2021/02/22/golf/michelle-wie-west-rudy-giuliani-golf-spt-intl/index.html", "date_published": "2021-02-22 19:19:23+00:00", "persistent": false, "user": null, "language": "en-US"}, {"source": "http://rss.cnn.com/rss/edition.rss", "title": "'Allen v. Farrow' is the latest example of 'consequences culture'", "description": "HBO's new docuseries, \"Allen v. Farrow,\" is more than a piercing look at a bitter custody battle between two famous people amid allegations of sexual misconduct.", "link": "https://www.cnn.com/2021/02/22/tv-shows/allen-farrow-dylan-hbo-docuseries-trnd/index.html", "date_published": "2021-02-22 18:45:20+00:00", "persistent": false, "user": null, "language": "en-US"}, {"source": "http://rss.cnn.com/rss/edition.rss", "title": "Japan's Naked Festival wasn't the same this year", "description": "This time a year ago, thousands gathered for Japan's annual Hadaka Matsuri -- also popularly known as the \"Naked Festival\"-- in Okayama prefecture in the southern part of Honshu island.", "link": "https://www.cnn.com/travel/article/naked-festival-japan-hadaka-matsuri-2021/index.html", "date_published": "2021-02-22 18:42:04+00:00", "persistent": false, "user": null, "language": "en-US"}, {"source": "http://rss.cnn.com/rss/edition.rss", "title": "Oil spill leads Israel to close beaches as it faces one of its 'most severe ecological disasters'", "description": "Israeli authorities are trying to locate the source of a suspected oil spill that has been described as one of the most severe ecological disasters to hit the country, threatening wildlife, forcing beaches to close and prompting a mass cleanup.", "link": "https://www.cnn.com/2021/02/22/middleeast/israel-oil-spill-ecological-disaster-intl-hnk/index.html", "date_published": "2021-02-22 18:41:14+00:00", "persistent": false, "user": null, "language": "en-US"}, {"source": "http://rss.cnn.com/rss/edition.rss", "title": "Oil spill leads Israel to close beaches", "description": "Israeli authorities are trying to locate the source of a suspected oil spill that has been described as one of the most severe ecological disasters to hit the country, threatening wildlife, forcing beaches to close and prompting a mass cleanup. CNN's Sam Kiley has the latest.", "link": "https://www.cnn.com/videos/world/2021/02/22/israel-beach-closures-oil-spill-kiley-ctw-vpx.cnn", "date_published": "2021-02-22 18:22:07+00:00", "persistent": false, "user": null, "language": "en-US"}, {"source": "http://rss.cnn.com/rss/edition.rss", "title": "Her sister died from fatal shot to the head. This is what she has to say", "description": "In a CNN exclusive interview, Paula Hancocks speaks with the sister of Mya Thwe Thwe Khine, a protester who died after a fatal shot to the head during the anti-coup protests in Myanmar.", "link": "https://www.cnn.com/videos/world/2021/02/22/myanmar-protester-mya-thwe-thwe-khine-sister-intv-hancocks-pkg-ctw-intl-vpx.cnn", "date_published": "2021-02-22 18:17:06+00:00", "persistent": false, "user": null, "language": "en-US"}, {"source": "http://rss.cnn.com/rss/edition.rss", "title": "Coast Guard rescues 10 people stranded on ice floes in Lake Erie", "description": "Ten people became stranded on floating sheets of ice in Lake Erie on Sunday, requiring rescue from the local Coast Guard.", "link": "https://www.cnn.com/2021/02/22/us/lake-erie-coast-guard-rescue-trnd/index.html", "date_published": "2021-02-22 18:10:56+00:00", "persistent": false, "user": null, "language": "en-US"}, {"source": "http://rss.cnn.com/rss/edition.rss", "title": "Microsoft wades into Facebook news fight", "description": "Microsoft is joining forces with publishers in Europe to call for an Australia-style system that would force tech platforms such as Google and Facebook to pay news organizations for content.", "link": "https://www.cnn.com/2021/02/22/tech/microsoft-europe-australia-news-law/index.html", "date_published": "2021-02-22 17:56:35+00:00", "persistent": false, "user": null, "language": "en-US"}, {"source": "http://rss.cnn.com/rss/edition.rss", "title": "Supreme Court denies election appeal from Pennsylvania Republicans", "description": "The Supreme Court on Monday denied an appeal from Republicans challenging a Pennsylvania Supreme Court decision that allowed ballots received up to three days after Election Day to be counted to accommodate challenges by the coronavirus pandemic.", "link": "https://www.cnn.com/2021/02/22/politics/election-pennsylvania-republicans-supreme-court/index.html", "date_published": "2021-02-22 17:38:19+00:00", "persistent": false, "user": null, "language": "en-US"}, {"source": "http://rss.cnn.com/rss/edition.rss", "title": "Italian ambassador killed in DR Congo attack, says Italy's foreign ministry", "description": "The ambassador to the Democratic Republic of Congo has been killed in Goma, the Italian Foreign Ministry has told CNN.", "link": "https://www.cnn.com/2021/02/22/africa/italian-ambassador-dead-intl/index.html", "date_published": "2021-02-22 17:33:21+00:00", "persistent": false, "user": null, "language": "en-US"}, {"source": "http://rss.cnn.com/rss/edition.rss", "title": "Daft Punk are splitting up after 28 years", "description": "Daft Punk are splitting up after nearly three decades, the French dance duo's longtime publicist confirmed to CNN on Monday.", "link": "https://www.cnn.com/2021/02/22/entertainment/daft-punk-split-intl-scli/index.html", "date_published": "2021-02-22 17:27:05+00:00", "persistent": false, "user": null, "language": "en-US"}, {"source": "http://rss.cnn.com/rss/edition.rss", "title": "This quote shows why the GOP is nowhere near over Trump", "description": "The January 6 riot on the US Capitol was a cataclysm -- incited by a President willing to lie for political gain and a political party willing to accommodate him out of fear of political retribution.", "link": "https://www.cnn.com/2021/02/22/politics/steve-scalise-quote-donald-trump/index.html", "date_published": "2021-02-22 17:18:15+00:00", "persistent": false, "user": null, "language": "en-US"}, {"source": "http://rss.cnn.com/rss/edition.rss", "title": "Analysis: Yes, Donald Trump is in very *real* legal jeopardy", "description": "The Supreme Court's rejection of Donald Trump's attempts to keep his tax returns out of the hands of Manhattan District Attorney Cyrus Vance is a potent reminder of this fact: The former President is in real legal jeopardy -- on a number of fronts.", "link": "https://www.cnn.com/2021/02/22/politics/trump-tax-returns-analysis/index.html", "date_published": "2021-02-22 16:35:17+00:00", "persistent": false, "user": null, "language": "en-US"}, {"source": "http://rss.cnn.com/rss/edition.rss", "title": "Yes, Trump is in very real legal jeopardy", "description": "", "link": "https://www.cnn.com/collections/intl-trump-taxes-0222/", "date_published": "2021-02-22 16:27:44+00:00", "persistent": false, "user": null, "language": "en-US"}, {"source": "http://rss.cnn.com/rss/edition.rss", "title": "'Absolutely defeated': Black nurses struggle with mental health support while battling Covid-19", "description": "Throughout Olivia Thompson's 12-hour shift as a cardiac and Covid-19 nurse in Chandler, Arizona, she closely monitors the oxygen levels of several patients at a time and works with other medical specialists to heal them.", "link": "https://www.cnn.com/2021/02/22/health/black-nurses-mental-health-wellness/index.html", "date_published": "2021-02-22 16:23:38+00:00", "persistent": false, "user": null, "language": "en-US"}, {"source": "http://rss.cnn.com/rss/edition.rss", "title": "Kangaroo painted over 17,000 years ago is Australia's oldest known rock art, scientists say", "description": "A painting of a kangaroo in Western Australia is the oldest known rock art in the country, according to scientists, who say radiocarbon-dating analysis shows it was created more than 17,000 years ago.", "link": "https://www.cnn.com/2021/02/22/world/australia-oldest-rock-painting-intl-hnk-scli-scn/index.html", "date_published": "2021-02-22 16:04:55+00:00", "persistent": false, "user": null, "language": "en-US"}, {"source": "http://rss.cnn.com/rss/edition.rss", "title": "Read: Court's one-sentence order denying Trump's request", "description": "The Supreme Court on Monday released a one-sentence order denying former President Donald Trump's request to keep his tax records from Manhattan District Attorney Cyrus Vance.", "link": "https://www.cnn.com/2021/02/22/politics/read-tax-returns-order-supreme-court-trump/index.html", "date_published": "2021-02-22 15:44:17+00:00", "persistent": false, "user": null, "language": "en-US"}, {"source": "http://rss.cnn.com/rss/edition.rss", "title": "Disney+ warns viewers that 'The Muppet Show' includes offensive content", "description": "Disney+ is warning viewers that some episodes of \"The Muppet Show\" feature \"negative depictions\" and \"mistreatment of people or cultures.\"", "link": "https://www.cnn.com/2021/02/22/media/the-muppet-show-disney-plus-disclaimer-scli-intl/index.html", "date_published": "2021-02-22 15:39:16+00:00", "persistent": false, "user": null, "language": "en-US"}, {"source": "http://rss.cnn.com/rss/edition.rss", "title": "Supreme Court refuses to take up Stormy Daniels appeal in defamation case against Trump", "description": "The Supreme Court on Monday declined to take up a defamation case that the adult movie actress known as Stormy Daniels filed against former President Donald Trump, leaving in place lower court rulings that went against her.", "link": "https://www.cnn.com/2021/02/22/politics/supreme-court-stormy-daniels/index.html", "date_published": "2021-02-22 15:15:43+00:00", "persistent": false, "user": null, "language": "en-US"}, {"source": "http://rss.cnn.com/rss/edition.rss", "title": "Crashed aircraft was on rescue mission for kidnapped schoolchildren", "description": "Nigeria's airforce has said its plane, which crashed shortly after take-off\u00a0from Abuja airport on Sunday morning -- killing everyone on board -- was on a mission to rescue the schoolchildren kidnapped last week.", "link": "https://www.cnn.com/2021/02/22/africa/nigeria-airforce-crash-kagara-intl/index.html", "date_published": "2021-02-22 15:13:44+00:00", "persistent": false, "user": null, "language": "en-US"}, {"source": "http://rss.cnn.com/rss/edition.rss", "title": "Legal analyst: Public won't see Trump's taxes unless this happens", "description": "CNN's Elie Honig provides analysis after the Supreme Court ruled a New York prosecutor can obtain former President Trump's tax returns.", "link": "https://www.cnn.com/videos/politics/2021/02/22/trump-tax-returns-supreme-court-new-york-prosecutor-honig-nr-vpx.cnn", "date_published": "2021-02-22 15:05:21+00:00", "persistent": false, "user": null, "language": "en-US"}, {"source": "http://rss.cnn.com/rss/edition.rss", "title": "Stevie Wonder is moving to Ghana", "description": "Singer Stevie Wonder is moving to Ghana.", "link": "https://www.cnn.com/2021/02/22/entertainment/stevie-wonder-moving-ghana-trnd/index.html", "date_published": "2021-02-22 14:59:32+00:00", "persistent": false, "user": null, "language": "en-US"}, {"source": "http://rss.cnn.com/rss/edition.rss", "title": "Jim Carrey is taking a break from posting his political art", "description": "Jim Carrey is a painter, cartoonist and sketcher in his spare time, using the mediums the last couple of years to speak out against the Trump administration.", "link": "https://www.cnn.com/2021/02/22/entertainment/jim-carrey-political-artist-trnd/index.html", "date_published": "2021-02-22 14:49:19+00:00", "persistent": false, "user": null, "language": "en-US"}, {"source": "http://rss.cnn.com/rss/edition.rss", "title": "Why this Harper's Bazaar cover featuring Megan Thee Stallion matters", "description": "Megan Thee Stallion has graced the cover of countless magazines. But her appearance on the front of Harper's Bazaar marks an important stride toward diversity in the world of fashion.", "link": "https://www.cnn.com/style/article/megan-thee-stallion-harpers-bazaar-samira-nasr/index.html", "date_published": "2021-02-22 14:30:15+00:00", "persistent": false, "user": null, "language": "en-US"}, {"source": "http://rss.cnn.com/rss/edition.rss", "title": "The iPhone just had a huge quarter", "description": "Surging iPhone sales in the final three months of 2020 pushed Apple ahead of Samsung as the world's biggest smartphone maker, according to new research.", "link": "https://www.cnn.com/2021/02/22/tech/apple-samsung-smartphone-sales/index.html", "date_published": "2021-02-22 13:32:22+00:00", "persistent": false, "user": null, "language": "en-US"}, {"source": "http://rss.cnn.com/rss/edition.rss", "title": "College gymnast Margzetta Frazier had a surprise call from Janet Jackson -- and it got emotional", "description": "College gymnast Margzetta Frazier received the call of a lifetime after going viral with a spectacular floor routine set to some of pop star Janet Jackson's greatest hits.", "link": "https://www.cnn.com/2021/02/22/sport/gymnast-margzetta-frazier-janet-jackson-intl-scli/index.html", "date_published": "2021-02-22 13:25:54+00:00", "persistent": false, "user": null, "language": "en-US"}, {"source": "http://rss.cnn.com/rss/edition.rss", "title": "Netanyahu, long a supporter of LGBTQ rights, courts homophobes and racists in bid to cling to power", "description": "On the smorgasbord of Israeli politics there's a democratic advantage in offering something for everyone. But when elections here are finely balanced, voters are finding they may have to swallow some of the weird yucky dishes at the end of the table.", "link": "https://www.cnn.com/2021/02/22/middleeast/israel-netanyahu-elections-intl/index.html", "date_published": "2021-02-22 11:35:13+00:00", "persistent": false, "user": null, "language": "en-US"}, {"source": "http://rss.cnn.com/rss/edition.rss", "title": "Swimming: Ikee books Olympic qualifiers spot after leukaemia treatment", "description": "Japanese swimmer Rikako Ikee will compete in Olympic qualifiers in April after clinching a podium finish in her first 100 metres butterfly event since being treated for leukaemia.", "link": "https://www.cnn.com/2021/02/22/sport/rikako-ikee-olympics-leukaemia-spt-intl/index.html", "date_published": "2021-02-22 11:28:52+00:00", "persistent": false, "user": null, "language": "en-US"}, {"source": "http://rss.cnn.com/rss/edition.rss", "title": "'Painted by a madman': Edvard Munch wrote a hidden message on 'The Scream'", "description": "A tiny message hidden in Edvard Munch's famous painting \"The Scream\" was written by the artist himself, a new investigation of the work has found, finally resolving one of modern art's most enduring mysteries.", "link": "https://www.cnn.com/style/article/edvard-munch-the-scream-inscription-scli-intl/index.html", "date_published": "2021-02-22 11:14:37+00:00", "persistent": false, "user": null, "language": "en-US"}, {"source": "http://rss.cnn.com/rss/edition.rss", "title": "Racing driver had 'accepted' death, but the thought of his kids saved him", "description": "Time seemed to slow down as Romain Grosjean's car -- split in half from the force of hitting the race barriers -- was enveloped in flames.", "link": "https://www.cnn.com/2021/02/22/motorsport/romain-grosjean-f1-crash-spt-intl/index.html", "date_published": "2021-02-22 09:37:04+00:00", "persistent": false, "user": null, "language": "en-US"}, {"source": "http://rss.cnn.com/rss/edition.rss", "title": "Beijing's 2008 Olympics were a soft power victory for China, but 2022 may be another story", "description": "As the sound of fireworks rang out over Beijing to mark the close of the 2008 Summer Olympics, China's leaders could have been forgiven for breathing a sigh of relief.", "link": "https://www.cnn.com/2021/02/21/asia/beijing-olympics-2008-2022-soft-power-dst-intl-hnk/index.html", "date_published": "2021-02-22 02:05:52+00:00", "persistent": false, "user": null, "language": "en-US"}]