[{"source": "https://www.youtube.com/feeds/videos.xml?channel_id=UC-2YHgc363EdcusLIBbgxzg", "title": "Nebula Original Series Mysteries Of The Human Body - Teaser", "description": "It's a 6-part series launching in March only on Nebula. To see it, sign up for the Nebula/CuriosityStream bundle for only $14.79 at http://www.curiositystream.com/joescott \n\n\n\nWant to support the channel? Here's how:\n\nPatreon: http://www.patreon.com/answerswithjoe\nChannel Memberships: https://www.youtube.com/channel/UC-2YHgc363EdcusLIBbgxzg/join\nT-Shirts & Merch: http://www.answerswithjoe.com/store\n\nJoin me on the Our Ludicrous Future Podcast:\nhttps://www.youtube.com/channel/UCvUf_yOU_swE6PtOuv2yBqg\n\nInterested in getting a Tesla? Use my referral link and get discounts and perks:\nhttps://ts.la/joe74700\n\nFollow me at all my places!\nInstagram: https://instagram.com/answerswithjoe\nSnapchat: https://www.snapchat.com/add/answerswithjoe\nFacebook: http://www.facebook.com/answerswithjoe\nTwitter: https://www.twitter.com/answerswithjoe", "link": "https://www.youtube.com/watch?v=pCL1Uqei1YQ", "date_published": "2021-02-22 00:00:00+00:00", "persistent": false, "user": null, "language": "en-US"}, {"source": "https://www.youtube.com/feeds/videos.xml?channel_id=UC-2YHgc363EdcusLIBbgxzg", "title": "The Crazy Science Behind Insect Plagues | Answers With Joe", "description": "Get Nebula and CuriosityStream for only $14.79 when you sign up at http://www.curiositystream.com/joescott\nPlagues of locusts have been a pestilence since biblical times. But swarm behavior is a fascinating survival tool that many species engage in, and as scientists are learning, they have a lot to teach us about intelligence. \n\n\nWant to support the channel? Here's how:\n\nPatreon: http://www.patreon.com/answerswithjoe\nChannel Memberships: https://www.youtube.com/channel/UC-2YHgc363EdcusLIBbgxzg/join\nT-Shirts & Merch: http://www.answerswithjoe.com/store\n\nJoin me on the Our Ludicrous Future Podcast:\nhttps://www.youtube.com/channel/UCvUf_yOU_swE6PtOuv2yBqg\n\nInterested in getting a Tesla? Use my referral link and get discounts and perks:\nhttps://ts.la/joe74700\n\nFollow me at all my places!\nInstagram: https://instagram.com/answerswithjoe\nSnapchat: https://www.snapchat.com/add/answerswithjoe\nFacebook: http://www.facebook.com/answerswithjoe\nTwitter: https://www.twitter.com/answerswithjoe", "link": "https://www.youtube.com/watch?v=wtE9Mkodi48", "date_published": "2021-02-22 00:00:00+00:00", "persistent": false, "user": null, "language": "en-US"}]