[{"source": "https://www.youtube.com/feeds/videos.xml?channel_id=UC3I2GFN_F8WudD_2jUZbojA", "title": "Julien Baker - Full Performance (Live on KEXP at Home)", "description": "http://KEXP.ORG presents Julien Baker performing a live set recorded exclusively for KEXP.\n\nSongs:\nFaith Healer\nSong in E\nHardline\nFell on Black Days\n\nJulien Baker - vocals / guitar / keys\nCalvin Lauber - bass\nMariah Schneider - guitar / bg vocals\nMatt Gilliam - drums\nNoah Forbes - keys (overdubbed)\nBecca Mancari - guest bg vocals\n\nSession recorded at Third Man Records in Nashville, TN\nEngineered / Mixed: Joshua Smith\nMonitor Mix: Charlton Combs\n\nhttps://julienbaker.com\nhttp://kexp.org", "link": "https://www.youtube.com/watch?v=Lccb28Inryk", "date_published": "2021-01-14 00:00:00+00:00", "persistent": false, "user": null, "language": "en-US"}, {"source": "https://www.youtube.com/feeds/videos.xml?channel_id=UC3I2GFN_F8WudD_2jUZbojA", "title": "Julien Baker - Performance & Interview (Live on KEXP at Home)", "description": "http://KEXP.ORG presents Julien Baker sharing a live performance recorded exclusively for KEXP and talking to Cheryl Waters. Recorded January 6, 2021.\r\n\nSongs:\nFaith Healer\nSong in E\nHardline\nFell on Black Days\n\r\nJulien Baker - vocals / guitar / keys\nCalvin Lauber - bass\nMariah Schneider - guitar / bg vocals\nMatt Gilliam - drums\nNoah Forbes - keys (overdubbed)\nBecca Mancari - guest bg vocals\n\nSession recorded at Third Man Records in Nashville, TN\nEngineered / Mixed: Joshua Smith\nMonitor Mix: Charlton Combs\n\nhttps://julienbaker.com\nhttp://kexp.org", "link": "https://www.youtube.com/watch?v=HS2TxfBSmjs", "date_published": "2021-01-13 00:00:00+00:00", "persistent": false, "user": null, "language": "en-US"}]