[{"source": "http://rss.cnn.com/rss/edition.rss", "title": "How an ancient tattoo art became an Instagram sensation", "description": "With a history spanning millennia across the Middle East, North Africa, and South Asia, henna is steeped in tradition and cultural rituals. The natural dye is typically used to create temporary, intricate body art for religious festivals and celebrations, such as weddings.", "link": "https://www.cnn.com/style/article/azra-khamissa-modern-henna-hnk-spc-intl/index.html", "date_published": "2021-01-13 03:32:47+00:00", "persistent": false, "user": null, "language": "en-US"}]