[{"source": "https://www.youtube.com/feeds/videos.xml?channel_id=UCSiPjfAJBgbFlIUsxOWpK0w", "title": "Laisse b\u00e9ton // Renaud // POMPLAMOOSE ft. Erik Miron", "description": "Gardenview out now, listen on Spotify (https://sptfy.com/gardenview) or wherever you listen to music.\n\n Here's our Spaghetti Western rendition of \"Laisse b\u00e9ton\" by Renaud...just in case Tarantino needs something for any upcoming films.\n\nSave this song on Spotify: https://spoti.fi/2r3Yqkh\nFollow us on instagram: https://instagram.com/pomplamoosemusic\nBecome a patron of our music (to vote on the songs we cover and get merch and stuff like that): http://www.patreon.com/pomplamoose\n\nMUSICIAN CREDITS\nTrumpet, Guitar, Whistle: Erik Miron\nLead Vocals: Nataly Dawn\nBackground Vocals: Sarah Dugas\nAccordion: Jack Conte\nBanjo, Hi Strung Guitar, Baritone Guitar: John Schroeder  \nUpright Bass: Eliana Athayde\nDrums: Ben Rose\nSaxophone: John Tegmeyer\nBass and Diatonic Harmonica: Ross Garren\n\nAUDIO CREDITS\nEngineer: Tim Sonnefeld \nAssistant Engineer: Branko Presley\nMixing/Mastering: Caleb Parker\nProducer: John Schroeder\n\nVIDEO CREDITS\nDirector: George Sloan\nDP: Ricky Chavez\nCamera Operators: Merlin Showalter, Sammy Rothman, Dijon Herron, Charlene Gibbs\nArt Design: George Sloan, Susannah Honey\nVideo Editor: Dominic Mercurio\n\nRecorded at The Village in Los Angeles.\n\nLYRICS\n\nJ'\u00e9tais tranquille j'\u00e9tais peinard\nAccoud\u00e9 au flipper\nLe type est entr\u00e9 dans le bar\nA command\u00e9 un jambon beurre\nPuis y s'est approch\u00e9 de moi\nEt y m'a regard\u00e9 comme \u00e7a\nT'as des bottes, mon pote\nElles me bottent\nJe parie que c'est des santiags\nViens faire un tour dans le terrain vague\nJe vais t'apprendre un jeu rigolo\nA grands coups de cha\u00eenes de v\u00e9lo\nJe te fais tes bottes \u00e0 la baston\nMoi je lui dis, laisse b\u00e9ton\n\nY m'a fil\u00e9 une beigne\nJe lui ai fil\u00e9 une torgnole\nY m'a fil\u00e9 une ch\u00e2taigne\nJe lui ai fil\u00e9 mes grolles\n\nJ'\u00e9tais tranquille j'\u00e9tais p\u00e9nard\nAccoud\u00e9 au comptoir\nLe type est entr\u00e9 dans le bar\nA command\u00e9 un caf\u00e9 noir\nPis y m'a tap\u00e9 sur l'\u00e9paule\nEt m'a regard\u00e9 d'un air dr\u00f4le\nT'as un blouson, mecton\nL'est pas bidon\nMoi je me les g\u00e8le sur mon scooter\nAvec \u00e7a je serai un vrai rocker\nViens faire un tour dans la ruelle\nJe te montrerai mon Opinel\nEt je te chouraverai ton blouson\nMoi je lui dis, laisse b\u00e9ton\n\nY m'a fil\u00e9 une beigne\nJe lui ai fil\u00e9 un marron\nY m'a fil\u00e9 une ch\u00e2taigne\nJe lui ai fil\u00e9 mon blouson\n\nLa morale de c'te pauvre histoire\nC'est que quand t'es tranquille et peinard\nFaut pas trop tra\u00eener dans les bars\nA moins d'\u00eatre fringuer en costard\nQuand \u00e0 la fin d'une chanson\nTu te retrouve \u00e0 poil sans tes bottes\nFaut avoir de l'imagination\nPour trouver une chute rigolote", "link": "https://www.youtube.com/watch?v=sEVRwGr8KzE", "date_published": "2021-01-14 00:00:00+00:00", "persistent": false, "user": null, "language": "en-US"}]