[{"source": "https://www.youtube.com/feeds/videos.xml?channel_id=UCctjGdm2NlMNzIlxz02IsXA", "title": "CAPITOL HELL! - Ray Gun Recap", "description": "Thanks to Dollar Shave Club for sponsoring! Go to http://DollarShaveClub.com/RayGun to get your starter set for $5. After that, the restock box ships full- sized products at regular price. \n\nLike the Barenaked Ladies prophecized, it's been one week. 2021 is a fascinating one already. \n\nPaul \u25ba The Act Man - https://www.youtube.com/channel/UC7WDD6yHgzdqijHluCi1z-Q\n\nSHIRTS \u25ba https://teespring.com/stores/chris-ray-gun\r\nTWITTER \u25ba https://twitter.com/ChrisRGun\r\nFACEBOOK \u25ba http://on.fb.me/15OyE7z\r\nTWITCH \u25ba http://www.twitch.tv/chrisraygun\r\nPATREON \u25ba https://www.patreon.com/ChrisRay\r\nSUBREDDIT \u25ba https://www.reddit.com/r/ChrisRayGun/\r\nSACRED SYMBOLS  \u25ba https://apple.co/2Rqmklc\r\nSECOND CHANNEL \u25ba bit.ly/snarktank", "link": "https://www.youtube.com/watch?v=ou70sJflYvA", "date_published": "2021-01-14 00:00:00+00:00", "persistent": false, "user": null, "language": "en-US"}]