[{"source": "https://www.youtube.com/feeds/videos.xml?channel_id=UC_7PqixGIdE-jjoHKMPYpGA", "title": "Czy morsowanie co\u015b daje?", "description": "\ud83d\udc49 Patronite \u25ba https://patronite.pl/NaukowyBelkot \n\ud83d\udc55 Nasze koszulki \u25ba https://naukowybelkot.shoplo.com/\n\ud83d\udcda Moja ksi\u0105\u017cka \u25ba https://altenberg.pl/geny/\n\ud83d\udcda E-book \u25ba https://tinyurl.com/pnp-ebook\n\ud83c\udfa7 Mix audio \u25ba http://ratstudios.pl/\n\nMorsowa\u0142em?\n\n\ud83c\udf9e Film o hipotermii:\nhttps://www.youtube.com/watch?v=EFmHoGag5nk\n\nSubskrypcja \u25ba https://youtube.com/c/UwagaNaukowyBelkot\nFacebook \u25ba https://facebook.com/UwagaNaukowyBelkot\nTwitter \u25ba https://twitter.com/NaukowyBelkot\nInstagram \u25ba https://www.instagram.com/NaukowyBelkot/\n\nWy\u0142\u0105cznie Naukowy Be\u0142kot \u25ba https://goo.gl/Do7VCc\nGrupa na facebooku \u25ba https://goo.gl/HP8J83\n\n===\nRozk\u0142ad jazdy:\n\n0:00 Wst\u0119p\n1:44 Kiedy morsowanie si\u0119 liczy?\n5:26 Nie ka\u017cdy powinien by\u0107 morsem\n8:47 Co to z nami robi?\n11:57 Korzy\u015bci morsa\n\n===\n\u0179r\u00f3d\u0142a (wybrane):\n\nM. J. Tipton i in. - Cold water immersion: kill or cure?\nT. M. Koletsi i in. - Winter swimming: healthy or hazardous?: Evidence and hypotheses\nP. Huttunen i in. - Effect of regular winter swimming on the activity of the sympathoadrenal system before and after a single cold water immersion\nA. Lubkowska i in. - Winter-swimming as a building-up body resistance factor inducing adaptive changes in the oxidant/antioxidant status\nA. S. Manolis i in. - Winter Swimming: Body Hardening and Cardiorespiratory Protection Via Sustainable Acclimation\nhttps://www.sciencefocus.com/the-human-body/cold-water-swimming-why-an-icy-dip-is-good-for-your-mental-and-physical-health/", "link": "https://www.youtube.com/watch?v=V2C8YlKkC00", "date_published": "2021-01-14 00:00:00+00:00", "persistent": false, "user": null, "language": "en-US"}]