[{"source": "https://www.youtube.com/feeds/videos.xml?channel_id=UChvithwOECK5g_19TjldMKw", "title": "The Truth About China's \"Re-Education Camps\"", "description": "Xinjiang is a western province in China, home to the Uyghur people. They are an ethnic minority in China, and there is a lot of discussion about the re-education camps that China is setting up, and I decided to interview a Uyghur person about this. \n\nArslan's Facebook Group - https://www.facebook.com/TalkEastTurkestan/\nArlsan's Twitter - https://twitter.com/arslan_hidayat?ref_src=twsrc%5Egoogle%7Ctwcamp%5Eserp%7Ctwgr%5Eauthor\n\nWhat happens in China's camps:\nhttps://www.bbc.com/news/world-asia-china-50511063\nhttps://www.pbs.org/newshour/features/uighurs/\nhttps://www.vox.com/2020/7/28/21333345/uighurs-china-internment-camps-forced-labor-xinjiang\nhttps://apnews.com/article/4ab0b341a4ec4e648423f2ec47ea5c47\nhttps://www.bbc.co.uk/news/resources/idt-sh/China_hidden_camps\nhttps://www.theguardian.com/world/2020/sep/24/china-has-built-380-internment-camps-in-xinjiang-study-finds\n\nMihrigul Tursun:\nhttps://edition.cnn.com/2019/01/18/asia/uyghur-china-detention-center-intl/index.html\nhttps://hongkongfp.com/2018/12/08/video-full-ex-xinjiang-detainee-mihrigul-tursuns-full-testimony-us-congressional-hearing/\n\nHalal organ Harvesting:\nhttps://extranewsfeed.com/muslims-are-being-slaughtered-on-demand-for-their-organs-in-china-b502133c725?gi=5a1c748bcf76\nhttps://bylinetimes.com/2020/01/24/chinas-harvesting-of-uyghur-organs-gets-darker/\nhttps://www.businessinsider.com/china-harvesting-organs-of-uighur-muslims-china-tribunal-tells-un-2019-9\nhttps://menafn.com/1099610928/Is-China-Harvesting-Muslim-Prisoners-Halal-Organs-for-Rich-Saudis\n\nCrematory next to camps:\nhttps://www.rfa.org/english/news/uyghur/crematorium-11132020144027.html\nhttps://www.rfa.org/english/news/uyghur/trade-11182020153703.html\n\nUyghur Hair:\nhttps://www.theguardian.com/world/2020/jul/01/china-muslim-labor-camps-uighur-hair-products\nhttps://edition.cnn.com/2020/07/02/us/china-hair-uyghur-cpb-trnd/index.html\nhttps://www.bbc.com/news/world-asia-china-53259557\n\nChina's war on Islam:\nhttps://www.nytimes.com/interactive/2020/09/25/world/asia/xinjiang-china-religious-site.html\nhttps://www.npr.org/2020/11/21/932169863/china-targets-muslim-scholars-and-writers-with-increasingly-harsh-restrictions\nhttps://www.wsj.com/articles/china-razed-thousands-of-xinjiang-mosques-in-assimilation-push-report-says-11601049531\n\nUyghurs being deported\nhttps://www.middleeasteye.net/news/uighurs-china-turkey-accused-deporting-third-countries\nhttps://www.middleeasteye.net/news/china-uighur-saudi-arabia-scholar-arrested-risk-deportation\nhttps://www.hrw.org/news/2017/07/08/egypt-dont-deport-uyghurs-china\n\nBitcoin - bc1qrvvga0c4kn69rlte47q0tzrhugn9pf426tqhvm\nETH -  0x456E5A9B875d4eF8DCb70eB1F7Fa376C520b206C\n\n\u25d8 Support me on Patreon for early release, and much more! http://www.patreon.com/laowhy86\n\u25d8 Or, if you prefer, Subscribestar - https://www.subscribestar.com/laowhy86\n\n\nCar channel - https://www.youtube.com/worthlesswhips\nADVChina - https://www.youtube.com/advchina\nSerpentZA - https://www.youtube.com/serpentza\nADVPodcasts - https://www.youtube.com/advpodcasts\n\n\n\u25d8 Donate and support this channel through Paypal http://paypal.me/cmilkrun\n\n\n\u25d8 OR Become a Sponsor on YouTube:\nhttps://www.youtube.com/channel/UChvithwOECK5g_19TjldMKw/sponsor\n\n\n\u25d8 My TV show: Conquering Northern China:\nhttps://vimeo.com/ondemand/conqueringnorthernchina\n\n\n\u25d8 Conquering Southern China\nhttps://vimeo.com/ondemand/conqueringsouthernchina\n\n\n\u25d8 Discount code for both shows: laowinning\n\n\n\u25d8 Join me every week for videos about China! Don't forget to subscribe!\nhttp://www.youtube.com/laowhy86\n\n\nBe a Laowinner!\nLike comment subscribe!\n\n\n\u25d8 Facebook:\nhttp://www.facebook.com/laowhy86\n\n\n\u25d8 Instagram: \nhttp://instagram.com/laowhy86\n\n\n\u25d8 Music: The Muse Maker - \nhttps://soundcloud.com/themusemaker", "link": "https://www.youtube.com/watch?v=alMhCPjsxlE", "date_published": "2021-01-13 00:00:00+00:00", "persistent": false, "user": null, "language": "en-US"}]