[{"source": "https://www.youtube.com/feeds/videos.xml?channel_id=UChnxLLvzviaR5NeKOevB8iQ", "title": "things change", "description": "hello, checking in and updating you on the channel red means recording. that's where you are right now. this is a video about that. thanks for being part of the journey.\n------------------------------------\nPatreon:  http://bit.ly/rmrpatreon\n\nMy Music: \nBandcamp: http://bit.ly/2Kq617o\nSoundcloud: http://bit.ly/2NOH9Is\nSpotify: https://spoti.fi/2N40SoX\nGoogle Play: http://bit.ly/33M9aG5\niTunes: https://apple.co/2pqh3SK\nAmazon Music: https://amzn.to/2O9q1fe\n\nMerch: http://bit.ly/rmrshirts\n\nConnect:\nTwitter: http://bit.ly/rmrtwitters\nWebsite: http://bit.ly/rmrmedia", "link": "https://www.youtube.com/watch?v=aBXyEpn4Q9s", "date_published": "2021-08-09 00:00:00+00:00", "persistent": false, "user": null, "language": "en-US"}]