[{"source": "https://www.youtube.com/feeds/videos.xml?channel_id=UCwSv086EAByBY-Z7y-QR_cQ", "title": "Prof. Andrzej Horban zbada skuteczno\u015b\u0107 szczepionek. Koszt 2000000. Te dane s\u0105 za darmo!", "description": "\ud83d\udcfa Zapraszam do ogl\u0105dania\n\n\u2b07\ufe0fRozwi\u0144 opis\u2b07\ufe0f\n------------------------------------------------------------\n\ud83d\udc40 Uszi po godzinach: https://goo.gl/cdCFKe\n\ud83d\udc40 Hello World_: http://bit.ly/31BEhnv\n------------------------------------------------------------\n\u2709\ufe0f Ludzie listy pisz\u0105 \n\ud83d\udd8a\ufe0f uszi@protonmail.com\n------------------------------------------------------------\n\ud83d\udc7a Niecenzuralne i agresywne komentarze zostan\u0105 usuni\u0119te.  Jak ju\u017c musisz zakl\u0105\u0107 dawaj znaki (&*%@%).\n------------------------------------------------------------\n\ud83d\udcb2 Donate/ Darowizna\nPLN / SMS / Blik: http://bit.ly/3bsXtJj\nBTC: 174EmE88YFtvs6fuM8ZL5yYbik8hcaY6ud\n-------------------------------------------------------------\n\u2705 \u0179r\u00f3d\u0142a:\n1. https://bit.ly/3iybJ8I\n2. https://bit.ly/2WZAVfK\n3. https://cnb.cx/3iwhUKl\n4. https://bit.ly/37uaKzW\n5. https://bit.ly/2W1gw9J\n6. https://bit.ly/2U5mh5G\n7. https://bit.ly/3kxUl30\n8. https://bit.ly/3sPcZWH\n9. https://bit.ly/2PR4lJx\n10. https://bit.ly/3lY3iWn\n11. https://bit.ly/37qWV5l\n---------------------------------------------------------------\n\ud83c\udfb4 Do kola\u017cu wykorzystano grafik\u0119 ze strony: \nfacebook.com / kancelaria premiera\nhttps://bit.ly/3yBp3OU\n---------------------------------------------------------------\n\ud83d\udca1 Tagi: #covid19\n--------------------------------------------------------------", "link": "https://www.youtube.com/watch?v=YP7VkFQ45os", "date_published": "2021-08-09 00:00:00+00:00", "persistent": false, "user": null, "language": "en-US"}, {"source": "https://www.youtube.com/feeds/videos.xml?channel_id=UCwSv086EAByBY-Z7y-QR_cQ", "title": "Budowa Pa\u0144stwa Europa. Kto za to zap\u0142aci, a kto zyska?", "description": "\ud83d\udcfa Zapraszam do ogl\u0105dania\n\n\u2b07\ufe0fRozwi\u0144 opis\u2b07\ufe0f\n------------------------------------------------------------\n\ud83d\udc40 Uszi po godzinach: https://goo.gl/cdCFKe\n\ud83d\udc40 Hello World_: http://bit.ly/31BEhnv\n------------------------------------------------------------\n\u2709\ufe0f Ludzie listy pisz\u0105 \n\ud83d\udd8a\ufe0f uszi@protonmail.com\n------------------------------------------------------------\n\ud83d\udc7a Niecenzuralne i agresywne komentarze zostan\u0105 usuni\u0119te.  Jak ju\u017c musisz zakl\u0105\u0107 dawaj znaki (&*%@%).\n------------------------------------------------------------\n\ud83d\udcb2 Donate/ Darowizna\nPLN / SMS / Blik: http://bit.ly/3bsXtJj\nBTC: 174EmE88YFtvs6fuM8ZL5yYbik8hcaY6ud\n-------------------------------------------------------------\n\u2705 \u0179r\u00f3d\u0142a:\n1. https://bit.ly/3CmZVhn\n2. https://bit.ly/3Ao2TQN\n3. https://bit.ly/3yz11nV\n4. https://bit.ly/3fF3KV9\n5. https://bit.ly/3iugiR3\n6. https://bit.ly/2VGrVeL\n---------------------------------------------------------------\n\ud83c\udfb4 Do kola\u017cu wykorzystano grafik\u0119 autorstwa: \nwikipedia.org / Armin Linnartz\nhttps://bit.ly/3jDoRs6\n---------------------------------------------------------------\n\ud83d\udca1 Tagi: #UE #ekologia\n--------------------------------------------------------------", "link": "https://www.youtube.com/watch?v=3zTw16H7S94", "date_published": "2021-08-08 00:00:00+00:00", "persistent": false, "user": null, "language": "en-US"}]