[{"source": "https://www.youtube.com/feeds/videos.xml?channel_id=UCl2mFZoRqjw_ELax4Yisf6w", "title": "A bike ride, and walkthrough of a protest in NYC", "description": "https://tinyurl.com/rossmatrix\n00:00 - Bike ride\n25:04 - Protest\n32:25 - Back to bike ride\n\nStuff I recorded this with:\n\ud83d\udd35 DJI Action 4K: https://amzn.to/3aI5dqa\n\ud83d\udd35 DPA 4066: https://bit.ly/dpa4065 (my favorite mic)\n\ud83d\udd35 Zoom H1n: https://amzn.to/2Y44HwF (this works amazingly well)", "link": "https://www.youtube.com/watch?v=tyCxEhOwg-g", "date_published": "2021-08-09 00:00:00+00:00", "persistent": false, "user": null, "language": "en-US"}, {"source": "https://www.youtube.com/feeds/videos.xml?channel_id=UCl2mFZoRqjw_ELax4Yisf6w", "title": "Accepting the premise of #$%& on civil liberties - not anymore.", "description": "https://tinyurl.com/rossmatrix\nhttps://youtu.be/9ZZ5erGSKgs", "link": "https://www.youtube.com/watch?v=7aY6knptpiI", "date_published": "2021-08-09 00:00:00+00:00", "persistent": false, "user": null, "language": "en-US"}]