[{"source": "https://www.youtube.com/feeds/videos.xml?channel_id=UCwSv086EAByBY-Z7y-QR_cQ", "title": "Sztuczna inteligencja sprawdzi czy nie k\u0142amiesz. Tajny projekt Unii Europejskiej!", "description": "\ud83d\udcfa Zapraszam do ogl\u0105dania\n\n\u2b07\ufe0fRozwi\u0144 opis\u2b07\ufe0f\n------------------------------------------------------------\n\ud83d\udc40 Uszi po godzinach: https://goo.gl/cdCFKe\n\ud83d\udc40 Hello World_: http://bit.ly/31BEhnv\n------------------------------------------------------------\n\u2709\ufe0f Ludzie listy pisz\u0105 \n\ud83d\udd8a\ufe0f uszi@protonmail.com\n------------------------------------------------------------\n\ud83d\udc7a Niecenzuralne i agresywne komentarze zostan\u0105 usuni\u0119te.  Jak ju\u017c musisz zakl\u0105\u0107 dawaj znaki (&*%@%).\n------------------------------------------------------------\n\ud83d\udcb2 Donate/ Darowizna\nPLN / SMS / Blik: http://bit.ly/3bsXtJj\nBTC: 174EmE88YFtvs6fuM8ZL5yYbik8hcaY6ud\n-------------------------------------------------------------\n\u2705 \u0179r\u00f3d\u0142a:\n1. https://bit.ly/31W78re\n2. https://bit.ly/3s4evYa\n3. https://bit.ly/3IPOBxf\n4. https://bit.ly/3GGwOH6\n5. https://bit.ly/3zJeU2M\n---------------------------------------------------------------\n\ud83c\udfb4 Wykorzystano grafik\u0119: \niborderctrl.eu - https://bit.ly/31W78re\n---------------------------------------------------------------\n\ud83d\udca1 Tagi: #UE #AI\n--------------------------------------------------------------", "link": "https://www.youtube.com/watch?v=s_xvgvdEZIg", "date_published": "2021-12-14 00:00:00+00:00", "persistent": false, "user": null, "language": "en-US"}, {"source": "https://www.youtube.com/feeds/videos.xml?channel_id=UCwSv086EAByBY-Z7y-QR_cQ", "title": "Przodkowie Ursuli von der Leyen nie byli tak tolerancyjni jak ona. Trudna historia rodu Ladson\u00f3w", "description": "\ud83d\udcfa Zapraszam do ogl\u0105dania\n\n\u2b07\ufe0fRozwi\u0144 opis\u2b07\ufe0f\n------------------------------------------------------------\n\ud83d\udc40 Uszi po godzinach: https://goo.gl/cdCFKe\n\ud83d\udc40 Hello World_: http://bit.ly/31BEhnv\n------------------------------------------------------------\n\u2709\ufe0f Ludzie listy pisz\u0105 \n\ud83d\udd8a\ufe0f uszi@protonmail.com\n------------------------------------------------------------\n\ud83d\udc7a Niecenzuralne i agresywne komentarze zostan\u0105 usuni\u0119te.  Jak ju\u017c musisz zakl\u0105\u0107 dawaj znaki (&*%@%).\n------------------------------------------------------------\n\ud83d\udcb2 Donate/ Darowizna\nPLN / SMS / Blik: http://bit.ly/3bsXtJj\nBTC: 174EmE88YFtvs6fuM8ZL5yYbik8hcaY6ud\n-------------------------------------------------------------\n\u2705 \u0179r\u00f3d\u0142a:\n1. https://bit.ly/3dSTlE1\n2. https://bit.ly/3oPj9Y7\n3. https://bit.ly/3DQBqZr\n---------------------------------------------------------------\n\ud83c\udfb4 Do kola\u017cu wykorzystano grafik\u0119: \nSandro Halank / Wikimedia Commons / CC-BY-SA 3.0\nhttps://bit.ly/2RVDb5w\n---------------------------------------------------------------\n\ud83d\udca1 Tagi: #UE #historia\n--------------------------------------------------------------", "link": "https://www.youtube.com/watch?v=kX5S9U-D59s", "date_published": "2021-12-13 00:00:00+00:00", "persistent": false, "user": null, "language": "en-US"}]