[{"source": "https://www.youtube.com/feeds/videos.xml?channel_id=UCswH8ovgUp5Bdg-0_JTYFNw", "title": "\"They're Manipulating You!!!\" Pentagon Insider EXPOSES Media's Agenda", "description": "What's causing the relentless division in society? I talk to Sarah Chayes, a former political advisor to the US Military and Pentagon. You can listen to the rest of my podcast with Sarah on Luminary here: luminary.link/russell\n#Corruption #media #pentagon #military \n\nGet tickets for my 2022 tour here: http://bit.ly/33_2022\n\nElites are taking over! Our only hope is to form our own. To learn more join my cartel here https://www.russellbrand.com/join and get weekly bulletins too incendiary for anything but your private inbox.\n*not a euphemism\n\nListen to my Luminary Original podcast, Under The Skin, to hear from guests including Edward Snowden, Jonathan Haidt, Jordan Peterson, Naomi Klein, Kehinde Andrews, Adam Curtis and Vandana Shiva.\nSubscribe to Luminary at luminary.link/russell\n\nFor meditation and breath work, subscribe to my side-channel: \nhttps://www.youtube.com/c/AwakeningWithRussell\n\nMy NEW weekly meditation podcast, Above the Noise, is available now only on Luminary. Meditate with me here: luminary.link/meditate\n\nFOOTBALL IS NICE is my free, weekly, full-length podcast - subscribe here: https://www.youtube.com/c/FootballisNiceRussellBrand\n\nMy Audible Original, \u2018Revelation', is out NOW!\nUS: http://adbl.co/revelation\nUK: http://adbl.co/revelationuk\nAU: http://adbl.co/revelationau\nCA: http://adbl.co/revelationca\n\nFacebook:\nhttps://www.facebook.com/RussellBrand/\n\nInstagram: \nhttps://instagram.com/russellbrand/\n\nTwitter: \nhttps://twitter.com/rustyrockets\n\nTikTok:\nhttps://www.tiktok.com/@russellbrand\n\nRumble:\nhttps://rumble.com/c/russellbrand\n\nLocals:\nhttps://russellbrand.locals.com/", "link": "https://www.youtube.com/watch?v=CSpOItDxVuI", "date_published": "2021-12-14 00:00:00+00:00", "persistent": false, "user": null, "language": "en-US"}, {"source": "https://www.youtube.com/feeds/videos.xml?channel_id=UCswH8ovgUp5Bdg-0_JTYFNw", "title": "19 Years Clean & Sober!", "description": "Today I am 19 years clean and sober. Thank you to all the people ahead of me that showed me the way, beside me that hold my hand and behind me that remind me why we all walk this path. Stay Free!\n\nIf you need help with recovery, you can download my program here: https://www.russellbrand.com/wp-content/uploads/2020/03/russell-brand-recovery-the-program.pdf \n\n#recovery #12steps #sober #clean \n\nGet tickets for my 2022 tour here: http://bit.ly/33_2022\n\nElites are taking over! Our only hope is to form our own. To learn more join my cartel here https://www.russellbrand.com/join and get weekly bulletins too incendiary for anything but your private inbox.\n*not a euphemism\n\nListen to my Luminary Original podcast, Under The Skin, to hear from guests including Edward Snowden, Jonathan Haidt, Jordan Peterson, Naomi Klein, Kehinde Andrews, Adam Curtis and Vandana Shiva.\nSubscribe to Luminary at luminary.link/russell\n\nFor meditation and breath work, subscribe to my side-channel: \nhttps://www.youtube.com/c/AwakeningWithRussell\n\nMy NEW weekly meditation podcast, Above the Noise, is available now only on Luminary. Meditate with me here: luminary.link/meditate\n\nFOOTBALL IS NICE is my free, weekly, full-length podcast - subscribe here: https://www.youtube.com/c/FootballisNiceRussellBrand\n\nMy Audible Original, \u2018Revelation', is out NOW!\nUS: http://adbl.co/revelation\nUK: http://adbl.co/revelationuk\nAU: http://adbl.co/revelationau\nCA: http://adbl.co/revelationca\n\nFacebook:\nhttps://www.facebook.com/RussellBrand/\n\nInstagram: \nhttps://instagram.com/russellbrand/\n\nTwitter: \nhttps://twitter.com/rustyrockets\n\nTikTok:\nhttps://www.tiktok.com/@russellbrand\n\nRumble:\nhttps://rumble.com/c/russellbrand\n\nLocals:\nhttps://russellbrand.locals.com/", "link": "https://www.youtube.com/watch?v=5hfHNnhb7aU", "date_published": "2021-12-13 00:00:00+00:00", "persistent": false, "user": null, "language": "en-US"}, {"source": "https://www.youtube.com/feeds/videos.xml?channel_id=UCswH8ovgUp5Bdg-0_JTYFNw", "title": "\u201cThey\u2019re Doing WHAT To The Weather?!!\u201d Isn\u2019t This SCIENCE FICTION?!", "description": "Reports suggest that Chinese weather authorities have successfully managed to control the weather. Will this technology become a global tool for good, or are more politically nefarious uses on the horizon?  \n#BillGates #China #WeatherManipulation\n\nGet tickets for my 2022 tour here: http://bit.ly/33_2022\n\nElites are taking over! Our only hope is to form our own. To learn more join my cartel here https://www.russellbrand.com/join and get weekly bulletins too incendiary for anything but your private inbox.\n*not a euphemism\n\nListen to my Luminary Original podcast, Under The Skin, to hear from guests including Edward Snowden, Jonathan Haidt, Jordan Peterson, Naomi Klein, Kehinde Andrews, Adam Curtis and Vandana Shiva.\nSubscribe to Luminary at luminary.link/russell\n\nFor meditation and breath work, subscribe to my side-channel: \nhttps://www.youtube.com/c/AwakeningWithRussell\n\nMy NEW weekly meditation podcast, Above the Noise, is available now only on Luminary. Meditate with me here: luminary.link/meditate\n\nFOOTBALL IS NICE is my free, weekly, full-length podcast - subscribe here: https://www.youtube.com/c/FootballisNiceRussellBrand\n\nMy Audible Original, \u2018Revelation', is out NOW!\nUS: http://adbl.co/revelation\nUK: http://adbl.co/revelationuk\nAU: http://adbl.co/revelationau\nCA: http://adbl.co/revelationca\n\nFacebook:\nhttps://www.facebook.com/RussellBrand/\n\nInstagram: \nhttps://instagram.com/russellbrand/\n\nTwitter: \nhttps://twitter.com/rustyrockets\n\nTikTok:\nhttps://www.tiktok.com/@russellbrand\n\nRumble:\nhttps://rumble.com/c/russellbrand\n\nLocals:\nhttps://russellbrand.locals.com/", "link": "https://www.youtube.com/watch?v=qRuaR_O2t-4", "date_published": "2021-12-13 00:00:00+00:00", "persistent": false, "user": null, "language": "en-US"}]