[{"source": "https://www.youtube.com/feeds/videos.xml?channel_id=UCwUizOU8pPWXdXNniXypQEQ", "title": "Trans Swimmer DESTROYS Women in Competition!", "description": "Grab your Red Light Therapy Device at https://blublox.com/jp\nUse Code \"JP\" for 15% Off!\n\nCheck Out My Merch Here - https://awakenwithjp.com\n\nTake a stand against censorship. Join my Awakened Warriors Email List - https://awakenwithjp.com/joinme\n\nTrans Swimmer DESTROYS Women in Competition! Swimmer from U Penn is setting records in destroying women in swimming competition. Why is she so much faster than all the other women?\n\nListen and Subscribe to my Podcast here: \nhttps://apple.co/3fFTbPC\nAlso available everywhere else you get podcasts. Just search and subscribe to \"Awaken With JP Sears Show\"\n\nConnect with me at: \nhttp://www.facebook.com/AwakenWithJP\nhttp://www.Instagram.com/AwakenWithJP\nhttp://www.twitter.com/AwakenWithJP\nhttps://mewe.com/p/awakenwithjp\nhttps://parler.com/profile/AwakenWithJP\nhttp://www.AwakenWithJP.com", "link": "https://www.youtube.com/watch?v=77CBVy3f_bQ", "date_published": "2021-12-14 00:00:00+00:00", "persistent": false, "user": null, "language": "en-US"}]