[{"source": "https://www.youtube.com/feeds/videos.xml?channel_id=UCXuqSBlHAE6Xw-yeJA0Tunw", "title": "I Have MORE to Say About Steam Deck - WAN Show August 6, 2021", "description": "Visit https://www.squarespace.com/WAN and use offer code WAN for 10% off\n\nTry FreshBooks free, for 30 days, no credit card required at https://www.freshbooks.com/wan\n\nSave 10% at Ridge Wallet with offer code WAN at https://www.ridge.com/WAN\n\nPodcast Download: https://anchor.fm/thewanshowpodcast/episodes/I-Have-MORE-to-Say-About-Steam-Deck---WAN-Show-August-6--2021-e15m5oi\n\nCheck out our other Podcasts:\nCarpool Critics Movie Podcast: https://www.youtube.com/channel/UCt-oJR5teQIjOAxCmIQvcgA\n\nTimestamps (courtesy of NoKi1119)\n\n[0:00] Chapters.\n[1:35] Intro.\n[2:10] Topic #1: Valve's Steam Deck.\n   3:25  Steam Deck is a Linux PC.\n   5:49  Hardware specs.\n   10:41  The Deck's screen.\n   17:26  Comments on LTT's video.\n   22:53  Valve's dedication.\n   29:39  Ergonomics, buttons and joystick.\n   37:31  Aggressive pricing.\n[44:38] Topic #2: Apple scans devices for CSAM.\n   47:31  Issues with monitoring privacy.\n   49:07  Possible exploitation.\n[51:38] Sponsors.\n   51:47  Freshbooks Accounting.\n   52:53  Ridge Wallet.\n   54:00  Squarespace Website Creator.\n[54:56] Topic #3: Activision's Blizzard.\n   55:14  Blizzard's President resigns.\n   56:24  Shareholders are suing too.\n[1:02:42] Topic #4: Do NOT buy from KWEST.\n   1:03:58  KWEST's \"reasons\" for not shipping orders.\n   1:05:07  Fake FDA, links and phone number.\n[1:05:41] LTTstore merch.\n[1:08:22] Topic #5: New TPM hacked within 30 minutes.\n[1:11:09] Topic #6: Corsair's DDR5 modules needs cooling.\n[1:14:45] Superchats.\n[1:26:04] Wrapping up.\n[1:26:22] Outro.", "link": "https://www.youtube.com/watch?v=dz4ifEZhR7g", "date_published": "2021-08-06 00:00:00+00:00", "persistent": false, "user": null, "language": "en-US"}, {"source": "https://www.youtube.com/feeds/videos.xml?channel_id=UCXuqSBlHAE6Xw-yeJA0Tunw", "title": "I tried Steam Deck early and it's AWESOME!", "description": "Receive a $25 credit for Ting Mobile today when you sign up at https://linus.ting.com/\n\nCheck out SignalRGB and sync all your RGB peripherals at https://bit.ly/3r5jvJy\n\nIt's my lucky day! Valve let me try the Steam Deck early - And it destroyed my expectations. Just how good is it? Let me explain...\n\n\nDiscuss on the forum: https://linustechtips.com/topic/1362757-i-tried-steam-deck-and-its-awesome/\n\n\n\u25ba GET MERCH: https://lttstore.com\n\u25ba AFFILIATES, SPONSORS & REFERRALS: https://lmg.gg/sponsors\n\u25ba PODCAST GEAR: https://lmg.gg/podcastgear\n\u25ba SUPPORT US ON FLOATPLANE: https://www.floatplane.com/\n\nFOLLOW US ELSEWHERE\n---------------------------------------------------  \nTwitter: https://twitter.com/linustech\nFacebook: http://www.facebook.com/LinusTech\nInstagram: https://www.instagram.com/linustech\nTikTok: https://www.tiktok.com/@linustech\nTwitch: https://www.twitch.tv/linustech\n\nMUSIC CREDIT\n---------------------------------------------------\nIntro: Laszlo - Supernova\nVideo Link: https://www.youtube.com/watch?v=PKfxmFU3lWY\niTunes Download Link: https://itunes.apple.com/us/album/supernova/id936805712\nArtist Link: https://soundcloud.com/laszlomusic\n\nOutro: Approaching Nirvana - Sugar High\nVideo Link: https://www.youtube.com/watch?v=ngsGBSCDwcI\nListen on Spotify: http://spoti.fi/UxWkUw\nArtist Link: http://www.youtube.com/approachingnirvana\n\nIntro animation by MBarek Abdelwassaa https://www.instagram.com/mbarek_abdel/\nMonitor And Keyboard by vadimmihalkevich / CC BY 4.0  https://geni.us/PgGWp\nMechanical RGB Keyboard by BigBrotherECE / CC BY 4.0 https://geni.us/mj6pHk4\nMouse Gamer free Model By Oscar Creativo / CC BY 4.0 https://geni.us/Ps3XfE\n\nCHAPTERS\n---------------------------------------------------  \n0:00 Intro", "link": "https://www.youtube.com/watch?v=SElZABp5M3U", "date_published": "2021-08-06 00:00:00+00:00", "persistent": false, "user": null, "language": "en-US"}, {"source": "https://www.youtube.com/feeds/videos.xml?channel_id=UCXuqSBlHAE6Xw-yeJA0Tunw", "title": "Trying Halo Infinite with Different GPUs!", "description": "Learn through problem solving and the first 200 people can save 20% today on Brilliant at https://brilliant.org/LinusTechTips/\n\nBuy a Seasonic Ultra Titanium Power Supply:\nOn Best Buy (PAID LINK): https://howl.me/chSSrXJjhv5\nOn Amazon: https://geni.us/q4lnefC\nOn NewEgg: https://lmg.gg/8KV3S\n\nIt's been a long time since Linus regularly played Halo, but with the Infinite launch coming up we just had to get access to the technical preview and see if 343 Industries is using the extra time wisely.\n\nBuy Fractal Design Meshify 2 Compact Case\nOn Amazon (PAID LINK): https://geni.us/ERVB4Et\nOn Newegg (PAID LINK): https://geni.us/bhB0Lo\n\nBuy ASRock B450 Pro 4\nOn Amazon (PAID LINK): https://geni.us/2ZOWEa7\nOn Newegg (PAID LINK): https://geni.us/9l3frl\n\nBuy AMD Ryzen 7 2700x\nOn Best Buy (PAID LINK): https://howl.me/chSSrXaMSic\nOn Amazon (PAID LINK): https://geni.us/QQ5hKi\nOn Newegg (PAID LINK): https://geni.us/MfvWf\n\nBuy NVIDIA RTX 3070 FE\nOn Amazon (PAID LINK): https://geni.us/FNAU1X\nOn Best Buy (PAID LINK): https://geni.us/rpKWmk\n\nBuy NVIDIA GTX 1060 6GB\nOn Amazon (PAID LINK): https://geni.us/SxAQOU\nOn Best Buy (PAID LINK): https://geni.us/BOfd\nOn Newegg (PAID LINK): https://geni.us/YIGkiq\n\nBuy NVIDIA RTX 2060 FE\nOn Amazon (PAID LINK): https://geni.us/Af1Qhgx\n\nBuy G.Skill Flare X 2x8GB 3200MHz C14\nOn Amazon (PAID LINK): https://geni.us/IXWaiT\nOn Newegg (PAID LINK): https://geni.us/4spJd\n\nBuy Samsung 970 Pro 1TB SSD\nOn Samsung (PAID LINK): https://howl.me/chSSrXvWQ9C\nOn Amazon (PAID LINK): https://geni.us/nQkh\nOn Newegg (PAID LINK): https://geni.us/wF74v\nOn B&H (PAID LINK): https://geni.us/CzwN\n\nBuy LG G2 OLED\nOn Crutchfield (PAID LINK): https://howl.me/chSSrX1PZ1g \n\nBuy LG G1 OLED Evo\nOn Amazon (PAID LINK): https://geni.us/Un2u\nOn Best Buy (PAID LINK): https://geni.us/DU2Gm\nOn B&H (PAID LINK): https://geni.us/VxkNc\n\nPurchases made through some store links may provide some compensation to Linus Media Group.\n\nDiscuss on the forum: https://linustechtips.com/topic/1362496-halo-is-back-halo-infinite-technical-preview-reaction/\n\n\n\u25baGET MERCH: http://www.LTTStore.com/\n\u25baSUPPORT US ON FLOATPLANE: https://www.floatplane.com/  \n\u25baLTX EXPO: https://www.ltxexpo.com/   \n\nAFFILIATES & REFERRALS\n---------------------------------------------------\n\u25baAffiliates, Sponsors & Referrals: https://lmg.gg/sponsors\n\u25baCheck out our podcast gear: https://kit.co/linustechtips/lmg-podcast-gear\n\u25baPrivate Internet Access VPN: https://lmg.gg/pialinus2\n\u25baOur Official Charging Partner Anker: https://lmg.gg/AnkerLTT\n\u25baMK Keyboards: https://lmg.gg/LyLtl\n\u25baNerd or Die Stream Overlays: https://lmg.gg/avLlO\n\u25baOfficial Game Store: https://www.nexus.gg/ltt\n\u25baAmazon Prime: https://lmg.gg/8KV1v\n\u25baAudible Free Trial: https://lmg.gg/8242J\n\u25baOur Gear on Amazon: https://geni.us/OhmF\n\nFOLLOW US ELSEWHERE\n---------------------------------------------------  \nTwitter: https://twitter.com/linustech\nFacebook: http://www.facebook.com/LinusTech\nInstagram: https://www.instagram.com/linustech\nTwitch: https://www.twitch.tv/linustech\n\nFOLLOW OUR OTHER CHANNELS\n---------------------------------------------------  \nMac Address: https://lmg.gg/macaddress\nTechquickie: https://lmg.gg/techquickieyt\nTechLinked: https://lmg.gg/techlinkedyt\nShortCircuit: https://lmg.gg/shortcircuityt\n\nLMG Clips: https://lmg.gg/lmgclipsyt\nChannel Super Fun: https://lmg.gg/channelsuperfunyt\nCarpool Critics: https://lmg.gg/carpoolcriticsyt\n\nMUSIC CREDIT\n---------------------------------------------------  \nTitle: Laszlo - Supernova\nVideo Link: https://www.youtube.com/watch?v=PKfxmFU3lWY\niTunes Download Link: https://itunes.apple.com/us/album/supernova/id936805712\nArtist Link: https://soundcloud.com/laszlomusic\n\nOutro Screen Music Credit: Approaching Nirvana - Sugar High http://www.youtube.com/approachingnirvana\n\nIntro animation by MBarek Abdelwassaa https://www.instagram.com/mbarek_abdel/\nMonitor And Keyboard by vadimmihalkevich / CC BY 4.0  https://geni.us/PgGWp\nMechanical RGB Keyboard by BigBrotherECE / CC BY 4.0 https://geni.us/mj6pHk4\nMouse Gamer free Model By Oscar Creativo / CC BY 4.0 https://geni.us/Ps3XfE\n\nCHAPTERS\n---------------------------------------------------  \n0:00 Intro\n1:40 Disclaimer\n3:04 Slayer\n5:00 Initial Thoughts\n5:40 RTX 2060\n6:45 Battle Pass\n8:55 RTX 3070\n10:27 Heatwave\n11:23 Weapon Drills\n12:45 Final Thoughts\n14:13 Outro", "link": "https://www.youtube.com/watch?v=8T3SLSfauAI", "date_published": "2021-08-05 00:00:00+00:00", "persistent": false, "user": null, "language": "en-US"}]