[{"source": "https://www.youtube.com/feeds/videos.xml?channel_id=UChnxLLvzviaR5NeKOevB8iQ", "title": "3 Jams With A Mini Sinfonion (DROID Modules)", "description": "Droid is a programmable, expandable CV generation and processing system designed by Mattias Ketter, the brain behind the ACL Sinfonion. In this video we use it to play some improvised jams in three different styles. Learn more about the Droid modular ecosystem here: https://shop.dermannmitdermaschine.de/pages/droid-universal-cv-processor\n\nModules in this video: \n\nVoices\nMutable Instruments Braids: https://bit.ly/3sLwL5o\nNoise Engineering Manis Iteritas: https://bit.ly/3rMioz0\nQu-Bit Surface: http://bit.ly/pc_surface\n\nEffects\nHappy Nerding FX Aid XL: http://www.happynerding.com/category/fx-aid/\nMake Noise Mimeophon: https://bit.ly/3yYFyW5\nMutable Instrument Blades: https://bit.ly/3xw9nMT\nQu-Bit Data Bender: http://bit.ly/pc_data_bender\nTip-Top Z5000: http://bit.ly/pc_z5000\n\nModulation\nAbstract Devices ADE-32: https://bit.ly/3zhnGFl\n\nOther\nALM Pamela's New Workout: https://bit.ly/2QRxnZO\nCircuit Abbey Unify: http://circuitabbey.com/Unify.html\nIntellijel Quad VCA: http://bit.ly/pc_quadvca\nSquarp Hermod: http://bit.ly/pc_hermod\n------------------------------------\nPatreon:  http://bit.ly/rmrpatreon\n\nMy Music: \nBandcamp: http://bit.ly/2Kq617o\nSoundcloud: http://bit.ly/2NOH9Is\nSpotify: https://spoti.fi/2N40SoX\nGoogle Play: http://bit.ly/33M9aG5\niTunes: https://apple.co/2pqh3SK\nAmazon Music: https://amzn.to/2O9q1fe\n\nMerch: http://bit.ly/rmrshirts\n\nConnect:\nTwitter: http://bit.ly/rmrtwitters\nWebsite: http://bit.ly/rmrmedia", "link": "https://www.youtube.com/watch?v=MdQVssRnaOY", "date_published": "2021-08-06 00:00:00+00:00", "persistent": false, "user": null, "language": "en-US"}]