[{"source": "https://www.youtube.com/feeds/videos.xml?channel_id=UCNvzD7Z-g64bPXxGzaQaa4g", "title": "GTA 6 NEW NPC TECH PATENTED? XBOX LIVE PRICE HIKE RAGE, & MORE", "description": "A possible next-gen GTA technological development, Resident Evil Village gets a demo and new gameplay details, Xbox Live Gold prices set to rise, and more in a week FULL of gaming news.\nSubscribe for more: https://www.youtube.com/gameranxTV?su...\n\n**Jake's other channel\nhttps://youtu.be/YLwC8kLpNqQ\n\n\nFollow:\n Instagram: https://goo.gl/HH6mTW\n\nTwitter: https://bit.ly/3deMHW7\n\n\n ~~~~STORIES~~~~\n\nNew GTA tech:\nhttps://www.ign.com/articles/rockstar-patent-npc-virtual-navigation-gta-6?amp=1\n\n\nResident Evil newsnew RE8 trailer: https://youtu.be/btFclZUXpzA\nsome gameplay: https://youtu.be/Lr1h2DxwVos\nPS5 demo \u2018Maiden\u2019\nRE:Verse: https://youtu.be/vsi5TwZ5snA\n\nValve making games again\nhttps://www.pcgamer.com/gabe-newell-says-valve-has-games-in-development-that-were-going-to-be-announcing/\n\nXbox Live Gold\nhttps://www.windowscentral.com/xbox-live-gold-price-hike-where-you-can-still-buy-12-months-60\n\nCyberpunk fake demo response\nhttps://www.earlygame.com/more/cyberpunk-2077s-e3-2018-demo-not-fake/\n\n\nFortnite: https://youtu.be/SpnpXPIVr1Q\n\nDestruction AllStars: https://www.youtube.com/watch?v=B0kIMyL96ss&feature=emb_title\n\nNew Highlight Reel: https://youtu.be/n00vhvUHyp0\n\nEverspace 2 early access release trailer: https://youtu.be/fuygGFteHpY\nHitman 3 launch trailer: https://youtu.be/1a2SBO_q66o\nAtomic Heart: https://youtu.be/FndjDVw72sg", "link": "https://www.youtube.com/watch?v=pi7g8Skzgxo", "date_published": "2021-01-22 00:00:00+00:00", "persistent": false, "user": null, "language": "en-US"}, {"source": "https://www.youtube.com/feeds/videos.xml?channel_id=UCNvzD7Z-g64bPXxGzaQaa4g", "title": "10 Easter Eggs That Took YEARS To Discover [Part 2]", "description": "Here's a follow-up video with even more secrets and Easter eggs in games that were hidden for YEARS.\nSubscribe for more: https://www.youtube.com/gameranxTV?sub_confirmation=1\n\nPart 1 - https://www.youtube.com/watch?v=WinE0RkoCTA&t=3s\n\nSources:\n\nhttps://twitter.com/AnthonyCaliber?ref_src=twsrc%5Etfw%7Ctwcamp%5Etweetembed%7Ctwterm%5E1348122552972021760%7Ctwgr%5E%7Ctwcon%5Es1_&ref_url=https%3A%2F%2Fwww.gamesradar.com%2Fthe-last-of-us-prologue-has-an-easter-egg-thats-been-hiding-for-seven-years%2F\n\nhttps://www.pcgamer.com/heres-whats-happening-inside-fallout-3s-metro-train/\n\nhttps://screenrant.com/red-dead-redemption-2-hidden-cutscene-rdr2-trelawny/\n\nhttps://www.reddit.com/r/reddeadredemption/comments/jj0gqm/another_hidden_cutscene/\n\nhttps://twitter.com/manfightdragon?ref_src=twsrc%5Etfw%7Ctwcamp%5Etweetembed%7Ctwterm%5E1345615588106780672%7Ctwgr%5E%7Ctwcon%5Es1_&ref_url=https%3A%2F%2Fkotaku.com%2Fajax%2Finset%2Fiframe%3Fid%3Dtwitter-1345615588106780672autosize%3D1\n\nhttps://www.zeldix.net/t1831-street-fighter-alpha-2\n\nhttps://twitter.com/ShaneMarchis/status/1025138749749919744?ref_src=twsrc%5Etfw%7Ctwcamp%5Etweetembed%7Ctwterm%5E1025138749749919744%7Ctwgr%5E%7Ctwcon%5Es1_&ref_url=https%3A%2F%2Fcdn.embedly.com%2Fwidgets%2Fmedia.html%3Ftype%3Dtext2Fhtmlkey%3Da19fcc184b9711e1b4764040d3dc5c07schema%3Dtwitterurl%3Dhttps3A%2F%2Ftwitter.com%2Fshanemarchis%2Fstatus%2F1025138749749919744image%3Dhttps3A%2F%2Fi.embed.ly%2F1%2Fimage3Furl3Dhttps253A252F252Fpbs.twimg.com252Fmedia252FDjoGQoaU0AA2QS_.jpg253Alarge26key3Da19fcc184b9711e1b4764040d3dc5c07\n\n\nhttps://www.youtube.com/watch?v=5GuXAwq_300&feature=emb_title&ab_channel=TelltaleGamesVideos\n\nhttps://kotaku.com/14-years-later-zelda-fans-discover-new-way-to-kill-win-1787459259", "link": "https://www.youtube.com/watch?v=Wk1YyCHVols", "date_published": "2021-01-21 00:00:00+00:00", "persistent": false, "user": null, "language": "en-US"}]