[{"source": "https://www.youtube.com/feeds/videos.xml?channel_id=UCSiPjfAJBgbFlIUsxOWpK0w", "title": "99 Red Balloons + Take On Me Mashup // POMPLAMOOSE", "description": "Gardenview out now, listen on Spotify (https://sptfy.com/gardenview) or wherever you listen to music.\n\n IT'S 80's MASHUP TIME!!!!!! 99 Red Balloons + Take On Me = NENA + a-ha = NENA-HA! Wow. That was just too easy.\n\nBecome a patron by Feb. 1 to get a \"Worst of 2020\" CD and VOTE what songs go on it: http://patreon.com/pomplamoose\n\nSave this song on Spotify: https://spoti.fi/2r3Yqkh\nFollow us on instagram: https://instagram.com/pomplamoosemusic\n\nA mashup of NENA's \"99 Red Balloons\" and A-ha's \"Take On Me\" by Pomplamoose.\n\nMUSICIAN CREDITS\nLead Vocals: Nataly Dawn\nKeys: Jack Conte\nGuitar: Ryan Lerman\nBass: Nick Campbell\nDrums: Tamir Barzilay\nAdditional Percussion: Ben Rose\nBackground Vocals: Loren Battley\n\nAUDIO CREDITS\nEngineer: Tim Sonnefeld \nAssistant Engineer: Tyler Karmen\nMixing/Mastering: Yianni AP\nProducer: Ben Rose\nMashup Arrangement: Brian Green & Erin Bentlage\n\nVIDEO CREDITS\nDirector: George Sloan\nDP: Ricky Chavez\nCamera Operators: Ricky Chavez, Merlin Showalter, Sammy Rothman, Dijon Herron\nVideo Editor: Athena Wheaton\n\nRecorded at 64 Sound in Los Angeles.\n\nLYRICS\nYou and I in a little toy shop\nBuy a bag of balloons with the money we've got\nSet them free at the break of dawn\n'Til one by one they were gone\nBack at base bugs in the software\nFlash the message: \"something's out there!\"\nFloating in the summer sky\nNinety-nine red balloons go by\n\nNinety-nine red balloons\nFloating in the summer sky\nPanic bells, it's red alert\nThere's something here from somewhere else\nThe war machine it springs to life\nOpens up one eager eye\nFocusing it on the sky\nWhere ninety-nine red balloons go by\n\nTake on me (take on me)\nTake me on (take on me)\nI'll be gone\nIn a day or two\n\nOh, the things that you say. Yeah.\nIs it life or just to play my worries away?\nYou're all the things I've got to remember\nYou're shying away\nI'll be coming for you anyway\n\nTake on me (take on me)\nTake me on (take on me)\nI'll be gone\nIn a day or two\n\nThis is what we've waited for\nThis is it, boys, this is war\nThe president is on the line\nAs ninety-nine red balloons go by\n\nTake on me (take on me)\nTake me on (take on me)\nI'll be gone\n(In a day or two)\n\nTake on me (take on me)\nTake me on (take on me)\nI'll be gone\n(In a day or two)\n\n#Pomplamoose #Mashup #99RedBalloons #TakeOnMe #80sMusic", "link": "https://www.youtube.com/watch?v=s4KWQWkJeK8", "date_published": "2021-01-21 00:00:00+00:00", "persistent": false, "user": null, "language": "en-US"}]