[{"source": "https://www.youtube.com/feeds/videos.xml?channel_id=UCAKcSON6PSG_JkTbXh2WdIg", "title": "Cat Power - three live performances (2018)", "description": "Happy birthday to Cat Power! Chan Marshall \u2013 aka Cat Power \u2013 was born on January 21 in Atlanta. In honor of Marshall's birthday, here are three performances by Cat Power from a December 2018 episode of Live From Here, recorded at the Town Hall in New York. The set includes two songs from Cat Power's 2018 album, \"Wanderer,\" and one from her 1998 release, \"Moon Pix.\"\n\nSONGS PERFORMED\n0:00 \"He Turns Down\"\n3:40 \"Robbin Hood\"\n6:17 \"In Your Face/Bad Religion\"\n\nPERSONNEL\nChan Marshall \u2013 vocals\nErik Paparozzi \u2013 piano\nAdeline Jasso \u2013 guitar\nAlianna Kalaba \u2013 drums\n\nCREDITS\nVideo & Photo: Ben Miller; American Public Media\nAudio: Sam Hudson\nProduction: Tom Campbell; Jeffy Hnilicka\n\nFIND MORE:\n2018 Cat Power interview: https://www.thecurrent.org/feature/2018/10/05/cat-power-interview\n\nSubscribe to our channel:\nhttp://www.youtube.com/user/893TheCurrent?sub_confirmation=1\nLike/Follow:\nhttps://www.facebook.com/TheCurrent/\nhttps://twitter.com/TheCurrent\nhttps://www.instagram.com/thecurrent/\n\n#catpower #catpowermusic", "link": "https://www.youtube.com/watch?v=hu3Vku8SfAg", "date_published": "2021-01-22 00:00:00+00:00", "persistent": false, "user": null, "language": "en-US"}, {"source": "https://www.youtube.com/feeds/videos.xml?channel_id=UCAKcSON6PSG_JkTbXh2WdIg", "title": "Margaret Glaspy - two songs at The Current (2018)", "description": "On January 20, 2017, Margaret Glaspy visited The Current studio for the first time, performing songs from her debut album, \"Emotions and Math.\" A little more than a year later, Glaspy returned to The Current to play songs from her follow-up EP, \"Born Yesterday.\" Watch Glaspy and Julian Lage perform two songs from that session.\n\nSONGS PERFORMED\n0:00 \"Before We Were Together\"\n3:53 \"I Love You, Goodnight\"\n\nPERSONNEL\nMargaret Glaspy \u2013 vocals, guitar\nJulian Lage \u2013 guitar\n\nCREDITS\nVideo & Photo: Nate Ryan\nAudio: Michael DeMark\nProduction: David Safar, Derrick Stevens\n\nFIND MORE:\n2017 studio session: https://www.thecurrent.org/feature/2017/01/20/margaret-glaspy-performs-in-the-current-studio\n2017 Rock the Garden set:\nhttps://www.thecurrent.org/feature/2017/08/06/listen-to-margaret-glaspy-kick-off-rock-the-garden-2017\n2018 studio session: https://www.thecurrent.org/feature/2018/04/06/margaret-glaspy-performs-born-yesterday-songs-in-the-current-studio\n2020 virtual session:\nhttps://www.thecurrent.org/feature/2020/04/21/watch-margaret-glaspy-perform-two-songs-from-devotion\n\nSubscribe to our channel:\nhttp://www.youtube.com/user/893TheCurrent?sub_confirmation=1\nLike/Follow:\nhttps://www.facebook.com/TheCurrent/\nhttps://twitter.com/TheCurrent\nhttps://www.instagram.com/thecurrent/\n\n#margaretglaspy", "link": "https://www.youtube.com/watch?v=CYA-M8woSfk", "date_published": "2021-01-21 00:00:00+00:00", "persistent": false, "user": null, "language": "en-US"}]