[{"source": "https://www.youtube.com/feeds/videos.xml?channel_id=UCuVLG9pThvBABcYCm7pkNkA", "title": "The Time America Almost Stopped Climate Change | Climate Town", "description": "We've totally beefed it on climate policy for 30 years, let's try a new approach. \nsUbScRiBe FoR mOrE ViDes: https://www.youtube.com/c/climatetown?sub_confirmation=1\nPATREON PAGE: https://www.patreon.com/ClimateTown\n\nFirst and foremost, thank you so much for taking that little trip down memory lane with me. It's easy to forget that there was a time when the greenhouse effect wasn't politically controversial, and Exxon was the world leader in climate science. There's probably a good utopian novel about what would have happened if a few things had gone differently. Oh well.\n\nTHREE ORGANIZATIONS YOU SHOULD JOIN RIGHT NOW:\nSunrise Movement: https://www.sunrisemovement.org/volunteer/\nExtinction Rebellion: https://extinctionrebellion.us/get-involved\nClimate Action Network: http://www.climatenetwork.org/\n\nSOURCES:\nhttps://docs.google.com/document/d/10X4uouJLQQ-vEop35Vpstb1SZK6USm5bUYCsGTiSVl0/edit?usp=sharing\n\n\nFollow Climate Town on Instagram: https://www.instagram.com/climatetown \nif you wanna see ... I dunno, mostly memes and some lukewarm takes about climate change I guess?\n\nAlso, join our ... jesus christ, how many things am I asking you to JOIN?\nMailing list: https://www.climatetownproductions.com/\n\nAlso, subscribe to @Climemechange on Instagram: https://www.instagram.com/climemechange\nThey're the best in the game.\n\nSome reading to do:\n\nThe Merchants of Doubt: https://www.merchantsofdoubt.org/\nAll We Can Save: https://www.allwecansave.earth/\nThe Uninhabitable Earth: https://www.penguinrandomhouse.com/books/586541/the-uninhabitable-earth-by-david-wallace-wells/\nThis Changes Everything: Capitalism vs. The Climate: https://thischangeseverything.org/book/", "link": "https://www.youtube.com/watch?v=MondapIjAAM", "date_published": "2021-01-21 00:00:00+00:00", "persistent": false, "user": null, "language": "en-US"}]