[{"source": "https://www.youtube.com/feeds/videos.xml?channel_id=UCF9IOB2TExg3QIBupFtBDxg", "title": "US changes, UK problems", "description": "United Kingdom\n\nDeaths, + 8,565 = 94,580\n\nNews coverage, hospitals, staff, morgues, graves\n\nCoViD symptom data\n\nhttps://covid.joinzoe.com/data\n\nNew cases peaked on 1st January\n\nCases now falling in most parts of the country\n\nR = 0.8\n\nDecreased cases in 20 \u2013 40 years\n\nhttps://www.youtube.com/watch?v=lbqYa2nmjwQ\n\nLondon 55% of hospital patients\n\nHospital cases plateau, 16th January\n\nShould start reducing next week\n\nDeaths will stay high for next 2 weeks\n\nHome Secretary Priti Patel\n\nhttps://www.bbc.co.uk/news/uk-55757807\n\nFines of \u00a3800 for anyone attending a house party of more than 15\n\nDouble for each repeat offence to \u00a36,400\n\nOrganisers, \u00a310,000 for holding large illegal gatherings, 30 + \n\nnot stand by while a small number of individuals put others at risk\n\nMartin Hewitt, chairman of the National Police Chiefs' Council\n\nForces are telling us there has been a significant increase in recent weeks\n\nBrick Lane, East London, more than 40 people, house party, officers injured\n\nTower Hamlets, also more than 40\n\nDalston, pub found open\n\nMetropolitan Police, 140 FPNs last weekend\n\nNorthern Ireland\n\nLockdown extended to 5th March\n\nRestrictions until after Easter holidays\n\nNon-essential retailers closed\n\nWork from home when possible\n\nFamily gatherings are prohibited\n\nOrdered to stay at home\n\nSchools are closed to most pupils until after February's half-term\n\nR = 1.8 due to Christmas relaxations\n\nhttps://www.health-ni.gov.uk/sites/default/files/publications/health/r-number-190121.pdf\n\nR now is 0.65 to 0.85\n\nCase numbers still higher than first wave peak\n\nHospitals x3 last April peak\n\nUnited States\n\nDeaths, + 4,383 = 408,521\n\nhttps://covid.cdc.gov/covid-data-tracker/#cases_casesper100klast7days\n\nPresident Biden\n\nhttps://www.washingtonpost.com/health/biden-coronavirus-executive-actions/2021/01/21/9a4ab954-5b56-11eb-8bcf-3877871c819d_story.html\n\nLet me be clear - things will continue to get worse before they get better\n\nDeaths, top half a million by next month\n\nOne hundred million in 100 days\n\nVaccine centres at stadiums and community places\n\nInternational travellers, test negative before departure\n\nSelf-quarantine for 14 days on arrival\n\nMasks and social distancing on all federal government property\n\nMandatory in airports and on many planes, trains and buses\n \nNew office to co-ordinate national response\n\nDefence Production Act, PPE, supplies needed for vaccine production\n\nForm Pandemic Testing Board\n\nNew research on treatments for covid-19\n\nStrengthen collection and analysis of data to shape the government\u2019s response\n\n198-page plan \n\nWhite House unit, global health security and biodefense\n\nJoin Covax\n\nContinue WHO funding\n\nWHO\n\nhttps://www.passblue.com/2017/04/24/as-the-who-elects-a-new-director-the-agency-is-already-adrift/\n\n25 % of the WHO staff work in Geneva\n\nReport directly to the director-general\n\n$4.4 billion budget (2017)\n\nDirector-general has a $1.5 billion pot to disburse (Gaudenz Silberschmidt, WHO director of partnerships) \n\nDavid Fidler, Adjunct Senior Fellow, Council on Foreign Relations\n\nhttps://www.washingtonpost.com/world/2020/04/15/what-is-world-health-organization/\n\nRe \u2013 WHO\n\nYou had the authority, you had the ability to challenge China, \n\nto question China as to what they were doing, and you needed to do that for global health\n\nYou failed to do it\n\nhttps://www.change.org/p/united-nations-call-for-the-resignation-of-tedros-adhanom-ghebreyesus-who-director-general\n\nAn independent panel\n\nhttps://theindependentpanel.org\n\nhttps://www.nbcnews.com/news/world/independent-pandemic-review-panel-critical-china-who-delays-n1254598\n\nCriticized the World Health Organization (WHO) for not declaring an international emergency until Jan. 30.\n\nFormer New Zealand Prime Minister Helen Clark\n\nFormer Liberian President Ellen Johnson Sirleaf\n\nWhat is clear to the Panel is that public health measures could have been applied more forcefully by local and national health authorities in China in January\n\nAs evidence emerged of human-to-human transmission, in far too many countries, this signal was ignored\n\nAlthough the term pandemic is neither used nor defined in the International Health Regulations (2005), \n\nWHO first uses the P word, 11th March\n\nits use does serve to focus attention on the gravity of a health event. \n\nThe panel called for a global reset\n\nMake recommendations in a final report to health ministers from the WHO's 194 member states in May\n\nCanada\n\nGovernment of Canada has purchased more vaccines per capita than anyone\n\nSupplies temporarily been halted by Pfizer, as they expand their facilities in Belgium\n\nDelay, 4 weeks\n\nHave asked US for Pfizer\n\nMass rollout will begin in April\n\nFinished by July-August\n\nWestern Australia\n\nhttps://www.news.com.au/national/western-australia/wa-has-now-detected-six-cases-of-the-mutant-uk-strain-of-covid19/news-story/414b2b33b076e89861a9485aa5655e6e\n\nNo community transmission since 11th April", "link": "https://www.youtube.com/watch?v=WYIOgm3VbVI", "date_published": "2021-01-22 00:00:00+00:00", "persistent": false, "user": null, "language": "en-US"}]