[{"source": "https://www.youtube.com/feeds/videos.xml?channel_id=UCyl5V3-J_Bsy3x-EBCJwepg", "title": "Pfizer Releases Brand New Drug \u2018Pfizermectin\u2019", "description": "Do you have Covid? Then ask your vet, I mean your doctor, about Pfizer\u2019s new drug, Pfizermectin.\n\nBecome a premium subscriber:  https://babylonbee.com/plans\n\nThe Official The Babylon Bee Store:  https://shop.babylonbee.com/\n\nFollow The Babylon Bee:\nWebsite: https://babylonbee.com/\nTwitter: https://twitter.com/thebabylonbee\nFacebook: https://www.facebook.com/TheBabylonBee\nInstagram: http://instagram.com/thebabylonbee", "link": "https://www.youtube.com/watch?v=x9Gva3EKB_o", "date_published": "2021-09-10 00:00:00+00:00", "persistent": false, "user": null, "language": "en-US"}, {"source": "https://www.youtube.com/feeds/videos.xml?channel_id=UCyl5V3-J_Bsy3x-EBCJwepg", "title": "THE BEE WEEKLY: Fact Check Checks and Losing Your Job for Holding Common Opinions", "description": "In this episode of The Bee Weekly, Ethan Nicolle is joined by Adam Yenser to discuss what happened this week, like a man losing his job for expressing an opinion half of Americans have. Also, who will check the fact checkers? There\u2019s weird news, hate mail, and lots of tarantulas.\n\nBecome a premium subscriber:  https://babylonbee.com/plans\n\nThe Official The Babylon Bee Store:  https://shop.babylonbee.com/\n\nFollow The Babylon Bee:\nWebsite: https://babylonbee.com/\nTwitter: https://twitter.com/thebabylonbee\nFacebook: https://www.facebook.com/TheBabylonBee\nInstagram: http://instagram.com/thebabylonbee", "link": "https://www.youtube.com/watch?v=YxDzYa76WqQ", "date_published": "2021-09-10 00:00:00+00:00", "persistent": false, "user": null, "language": "en-US"}, {"source": "https://www.youtube.com/feeds/videos.xml?channel_id=UCyl5V3-J_Bsy3x-EBCJwepg", "title": "The Racist Club Trilogy", "description": "Can these racists get with the times and discover all the new ways to be racist? Watch all three episodes here and find out!\n\nBecome a premium subscriber:  https://babylonbee.com/plans\n\nThe Official The Babylon Bee Store:  https://shop.babylonbee.com/\n\nFollow The Babylon Bee:\nWebsite: https://babylonbee.com/\nTwitter: https://twitter.com/thebabylonbee\nFacebook: https://www.facebook.com/TheBabylonBee\nInstagram: http://instagram.com/thebabylonbee", "link": "https://www.youtube.com/watch?v=9Yf7fX4m-9c", "date_published": "2021-09-10 00:00:00+00:00", "persistent": false, "user": null, "language": "en-US"}]