[{"source": "https://www.theguardian.com", "title": "How 9/11 led the US to forever wars, eroded rights \u2013 and insurrection | September 11 2001 | The Guardian", "description": "How 9/11 led the US to forever wars, eroded rights \u2013 and insurrection | September 11 2001 | The Guardian", "link": "https://www.theguardian.com/us-news/2021/sep/10/september-11-us-reaction-forever-wars-rights-insurrection", "date_published": "2021-09-10 21:32:03+00:00", "persistent": true, "user": "rumpel", "language": "en", "tags": ["911", "big brother", "usa"]}, {"source": "https://www.theguardian.com", "title": "The end of phone calls: why young people have silenced their ringtones | Mobile phones | The Guardian", "description": "A survey has found only a fraction of 16- to 24-year-olds think phone calls are remotely important - so they\u2019ve put their phones on vibrate", "link": "https://www.theguardian.com/technology/2021/aug/30/the-end-of-phone-calls-why-young-people-have-silenced-their-ringtones", "date_published": "2021-09-10 09:02:30.962546+00:00", "persistent": true, "user": "Thomas Pain", "language": "en"}]