[{"source": "https://www.youtube.com/feeds/videos.xml?channel_id=UCZYTClx2T1of7BRZ86-8fow", "title": "Seeing Sick Birds Boosts Canaries\u2019 Immune Responses", "description": "Unlike humans, domestic canaries don\u2019t have the option of social distancing when one of their own is ill. But canaries may have evolved a nifty workaround for protecting their populations when disease strikes!\n\nHosted by: Niba Audrey Nirmal\n\nSciShow has a spinoff podcast! It's called SciShow Tangents. Check it out at http://www.scishowtangents.org\n----------\nSupport SciShow by becoming a patron on Patreon: https://www.patreon.com/scishow\n----------\nHuge thanks go to the following Patreon supporters for helping us keep SciShow free for everyone forever:\n\nChris Peters, Matt Curls, Kevin Bealer, Jeffrey Mckishen, Jacob, Christopher R Boucher, Nazara, charles george, Christoph Schwanke, Ash, Silas Emrys, Eric Jensen, Adam, Brainard, Piya Shedden, Alex Hackman, James Knight, GrowingViolet, Sam Lutfi, Alisa Sherbow, Jason A Saslow, Dr. Melvin Sanicas, Melida Williams\n\n----------\nLooking for SciShow elsewhere on the internet?\nFacebook: http://www.facebook.com/scishow\nTwitter: http://www.twitter.com/scishow\nTumblr: http://scishow.tumblr.com\nInstagram: http://instagram.com/thescishow\n----------\nSources:\nhttps://www.merckvetmanual.com/poultry/mycoplasmosis/mycoplasma-gallisepticum-infection-in-poultry\nhttps://royalsocietypublishing.org/doi/abs/10.1098/rsbl.2021.0125\nhttps://www.sciencenews.org/article/canary-immune-system-sight-illness-sick-birds\nhttps://animals.net/canary/\nhttps://www.theatlantic.com/science/archive/2021/06/visual-immune-response-birds/619137/\nhttps://journals.sagepub.com/doi/10.1177/0956797610368064\nhttps://www.frontiersin.org/articles/10.3389/fpsyg.2018.01397/full\n \nImages:\nhttps://www.istockphoto.com/photo/yellow-canaries-serinus-canaria-standing-on-branch-gm1255866481-367523931\nhttps://www.istockphoto.com/photo/close-up-of-canary-serinus-canaria-domestica-gm1279019816-377760077\nhttps://www.istockphoto.com/photo/canary-islands-gm139904264-1785888\nhttps://www.istockphoto.com/photo/canary-gm1093631520-293493286\nhttps://www.istockphoto.com/photo/immune-system-gm951668074-259777128\nhttps://www.istockphoto.com/vector/christmas-canaries-gm165685155-11329281\nhttps://www.istockphoto.com/photo/yellow-canary-gm90146117-2377345\nhttps://www.istockphoto.com/photo/canary-islands-gm97760026-6122551\nhttps://commons.wikimedia.org/wiki/File:Quick_simple_diagram_of_the_behavioral_immune_system.png\nhttps://www.istockphoto.com/photo/canary-bird-inside-a-cage-of-steel-wires-perched-on-a-wooden-stick-gm1139176480-304405243", "link": "https://www.youtube.com/watch?v=8IEdqeCct-4", "date_published": "2021-09-11 00:00:00+00:00", "persistent": false, "user": null, "language": "en-US"}, {"source": "https://www.youtube.com/feeds/videos.xml?channel_id=UCZYTClx2T1of7BRZ86-8fow", "title": "Bigger Beaks Through Climate Change | SciShow News", "description": "For your chance to win the Tesla Model S Plaid and support a great cause, enter at https://www.omaze.com/scishow\n\nToday we're talking about birds \u2014 from how they are evolving in response to climate change and how one species is surprisingly healthy, genetically, despite being critically endangered.\n\nHosted by: Stefan Chin\n\nSciShow has a spinoff podcast! It's called SciShow Tangents. Check it out at http://www.scishowtangents.org\n----------\nSupport SciShow by becoming a patron on Patreon: https://www.patreon.com/scishow\n----------\nHuge thanks go to the following Patreon supporters for helping us keep SciShow free for everyone forever:\n\nChris Peters, Matt Curls, Kevin Bealer, Jeffrey Mckishen, Jacob, Christopher R Boucher, Nazara, charles george, Christoph Schwanke, Ash, Silas Emrys, Eric Jensen, Adam, Brainard, Piya Shedden, Alex Hackman, James Knight, GrowingViolet, Sam Lutfi, Alisa Sherbow, Jason A Saslow, Dr. Melvin Sanicas, Melida Williams\n\n----------\nLooking for SciShow elsewhere on the internet?\nFacebook: http://www.facebook.com/scishow\nTwitter: http://www.twitter.com/scishow\nTumblr: http://scishow.tumblr.com\nInstagram: http://instagram.com/thescishow\n----------\nSources:\nRyding S, Klaasen M, Tattersall GJ, Gardner JL, Symonds MRE. Shape-shifting: changing animal morphologies as a response to climatic warming. Trends in Ecology & Evolution. 2021. https://doi.org/10.1016/j.tree.2021.07.006 \nPress release: https://www.eurekalert.org/news-releases/927171 \n\nDussex et al. Population genomics analyses of the critically endangered k\u0101k\u0101p\u014d. Cell Genomics. 2021. https://doi.org/10.1016/j.xgen.2021.100002 \nPress release: https://www.eurekalert.org/news-releases/927300 \n\nImages:\nhttps://www.istockphoto.com/photo/rufous-crowned-sparrow-perched-on-snow-covered-tree-branch-looking-right-gm1301455010-393494604\nhttps://www.istockphoto.com/photo/sparrow-bird-gm1307074535-397461226\nhttps://www.istockphoto.com/photo/group-of-birds-on-the-ice-cold-winter-with-animals-songbird-tree-sparrow-passer-gm1260027663-369108679\nhttps://www.istockphoto.com/photo/spectacled-flying-fox-gm1176923712-328339855\nhttps://www.istockphoto.com/photo/arctic-fox-looks-into-the-distance-gm157327776-5657949\nhttps://www.istockphoto.com/photo/fennec-fox-gm484466908-71265461\nhttps://www.istockphoto.com/photo/melting-glacier-gm1270217854-373240236\nhttps://www.storyblocks.com/video/stock/sparrows-foraging-for-food-in-the-snow-on-a-very-cold-winters-day-bq-jb-np_gjegvtckl\nhttps://www.istockphoto.com/photo/talking-parrots-gm172396389-4440301\nhttps://www.istockphoto.com/photo/dark-eyed-junco-gm1300474601-392789921\nhttps://www.istockphoto.com/photo/panoramic-photo-with-a-flock-of-birds-sparrows-sitting-on-a-branch-on-a-christmas-gm1285795636-382499605\nhttps://www.istockphoto.com/photo/new-zealand-kakapo-parrot-strigops-habroptilus-gm1216293474-354611839\nhttps://commons.wikimedia.org/wiki/File:K%C4%81k%C4%81p%C5%8D_head.jpg\nhttps://commons.wikimedia.org/wiki/File:Don_Merton_holding_kakapo_%22Richard_Henry%22_(8529681628).jpg\nhttps://commons.wikimedia.org/wiki/File:Kakapo_Sirocco_1.jpg\nhttps://commons.wikimedia.org/wiki/File:Kakapo2.jpg\nhttps://www.istockphoto.com/vector/tech-abstract-data-background-gm1292297534-387145671\nhttps://www.istockphoto.com/photo/kakapo-gm1287133768-383428095", "link": "https://www.youtube.com/watch?v=NmI-GqbJZQ4", "date_published": "2021-09-10 00:00:00+00:00", "persistent": false, "user": null, "language": "en-US"}]