[{"source": "https://www.youtube.com/feeds/videos.xml?channel_id=UCsM-ZFKD_8vlDjfhKRNUk1A", "title": "Kolory - Wszystko co m\u00f3wi\u0142em - live MUZO.FM", "description": "Kolory na \u017cywo w MUZO.FM. Utw\u00f3r Wszystko co m\u00f3wi\u0142em pochodzi z debiutanckiej p\u0142yty Kolor\u00f3w - Chcieli\u015bmy tylko co\u015b poczu\u0107. \n\nSubskrybuj nasz kana\u0142: http://www.muzo.tv\nFacebook: http://www.facebook.com/MUZO.FM\nFacebook: http://www.facebook.com/MUZO.TV\nFacebook Kolory: http://www.facebook.com/koloryband\nInstagram Kolory: http://www.instagram.com/koloryband\nInstagram: http://www.instagram.com/muzofm \nTwitter: http://twitter.com/muzo_fm\nStrona: http://www.muzo.fm \n\n#popolsku", "link": "https://www.youtube.com/watch?v=DfKGEwXr9d4", "date_published": "2021-11-14 00:00:00+00:00", "persistent": false, "user": null, "language": "en-US"}, {"source": "https://www.youtube.com/feeds/videos.xml?channel_id=UCsM-ZFKD_8vlDjfhKRNUk1A", "title": "Smolik - SMOLIK XX - Wywiad MUZO.FM", "description": "Smolik - wywiad w MUZO.FM. Artysta opowiada o jubileuszu solowej kariery i albumie SMOLIK XX. \n\nSubskrybuj nasz kana\u0142: http://www.muzo.tv\nFacebook: http://www.facebook.com/MUZO.FM\nFacebook: http://www.facebook.com/MUZO.TV\nFacebook Smolik : http://www.facebook.com/smolikmusic\nInstagram Smolik : http://www.instagram.com/smolikandrzej\nInstagram: http://www.instagram.com/muzofm\nTwitter: http://twitter.com/muzo_fm\nStrona: http://www.muzo.fm \n\n#popolsku", "link": "https://www.youtube.com/watch?v=z_ObFwU9M0c", "date_published": "2021-11-13 00:00:00+00:00", "persistent": false, "user": null, "language": "en-US"}]