[{"source": "https://www.youtube.com/feeds/videos.xml?channel_id=UCme4ZOv65uzGADXuvtHkSvA", "title": "2 List do Tymoteusza || Rozdzia\u0142 03", "description": "Przeczytajmy razem ca\u0142e Pismo \u015awi\u0119te! \n \nUWAGA WYZWANIE i to \u017cyciodajne!\nCodziennie razem czytamy 1 rozdzia\u0142 \u017cyciodajnego S\u0141OWA BOGA. \nDo\u0142\u0105cz do nas! Razem przeczytamy ca\u0142e Pismo \u015awi\u0119te!\n\nWykorzystano Najnowszy przek\u0142ad Pisma \u015awi\u0119tego z komentarzem opracowany przez Zesp\u00f3\u0142 Biblist\u00f3w Polskich z inicjatywy Towarzystwa \u015awi\u0119tego Paw\u0142a (Edycja \u015awi\u0119tego Paw\u0142a). Pierwszy przek\u0142ad w trzecim tysi\u0105cleciu.\n________________________________________\nOgl\u0105daj Langust\u0119 w Aplikacji dominikanie.pl\n\u2192 http://bit.ly/dominikanienaGoogle\n\u2192 http://apple.co/2LqWqAx\n\nAby nas wesprze\u0107 kliknij tu \n\u2192 https://patronite.pl/langustanapalmie\n\u2192 http://bit.ly/Subskrybuj_Languste\n\n\u2661 Historie pot\u0142uczone\nAnchor \u2192 https://anchor.fm/langusta-na-palmie\nSpreaker \u2192 https://www.spreaker.com/show/historie-potluczone\nSpotify \u2192 https://spoti.fi/2NVIRHb\nApple \u2192 https://apple.co/2ZIPQZv\nGoogle Podcasts \u2192 https://bit.ly/2OlBWH\n\n\u2661  Pismo \u015awi\u0119te: \nAnchor \u2192 https://anchor.fm/langusta-na-palmie\nSpreaker \u2192 https://www.spreaker.com/show/przeczytaj-pismo-swiete-z-langusta\nSpotify \u2192  https://spoti.fi/34nZwLr\nApple \u2192  https://apple.co/33zdwCV\nGoogle Podcasts \u2192 https://bit.ly/3nmaZUc\n\nZapraszamy na nowy portal :\n\u2192 http://www.dominikanie.pl\nPolecamy subskrypcje portalu na YT\n\u2192 https://www.youtube.com/c/Dominikanieplportal  \nMo\u017cna nas r\u00f3wnie\u017c znale\u017a\u0107 na Facebooku: \n\u2192 https://www.facebook.com/dominikanie\n\nWi\u0119cej nagra\u0144 o. Adama znajdziesz na: \n\u2192 http://www.langustanapalmie.pl\nMo\u017cna nas r\u00f3wnie\u017c znale\u017a\u0107 na Facebooku: \n\u2192 https://www.facebook.com/LangustaNaPalmie\nTwitterze: \n\u2192 https://twitter.com/LangustaPalmowa\nInstagramie: \n\u2192 https://www.instagram.com/langustanapalmie/\n\nZapraszamy.", "link": "https://www.youtube.com/watch?v=w5t27FzskKI", "date_published": "2021-03-02 00:00:00+00:00", "persistent": false, "user": null, "language": "pl-PL"}, {"source": "https://www.youtube.com/feeds/videos.xml?channel_id=UCme4ZOv65uzGADXuvtHkSvA", "title": "Wstawaki [#724] Rozkwit", "description": "#Wstawaki #zr\u00f3bmydobrydzie\u0144 #AdamSzustakOP\n\nWSTAWAKI WIELKOPOSNE startuj\u0105! W tym roku przejdziemy Wielki Post z mistykami Karmelita\u0144skimi, a do tego wraz POG\u0141\u0118BIARK\u0104 zapraszamy do Medytacji Ignacja\u0144skich.\n\nRozwa\u017canie na 02.03 \u2192 https://youtu.be/26I2ablBTxE\n\nWesprzyj wielkopostn\u0105 Akcj\u0119 charytatywn\u0105 POD SERCEM  @FundacjamalakPl \n\u2192 https://charytatywnie.fundacjamalak.pl/donations\n\nPOD SERCEM to wielkopostna akcja charytatywna, kt\u00f3rej celem jest pomoc kobietom w ci\u0105\u017cy, znajduj\u0105cym si\u0119 w trudnej sytuacji lub z r\u00f3\u017cnych powod\u00f3w nieb\u0119d\u0105cym w stanie poradzi\u0107 sobie z wiadomo\u015bci\u0105 o dziecku b\u0105d\u017a jego chorobie. \n\nFundacja Malak\nNumer konta (PLN): 42 2490 0005 0000 4600 1184 3564\nIBAN: PL 42 2490 0005 0000 4600 1184 3564\nBIC/SWIFT: ALBPPLPW\n\"Pod sercem. Wielkopostna akcja charytatywna\"\n\n\"Wstawaki 2.0\" muz: Jan Smoczy\u0144ski || Agnieszka Musia\u0142  \n________________________________________\nOgl\u0105daj Langust\u0119 w Aplikacji dominikanie.pl\n\u2192 http://bit.ly/dominikanienaGoogle\n\u2192 http://apple.co/2LqWqAx\n\nAby nas wesprze\u0107 kliknij tu \n\u2192 https://patronite.pl/langustanapalmie\n\u2192 http://bit.ly/Subskrybuj_Languste\n\n\u2661 Historie pot\u0142uczone\nAnchor \u2192 https://anchor.fm/langusta-na-palmie\nSpreaker \u2192 https://www.spreaker.com/show/historie-potluczone\nSpotify \u2192 https://spoti.fi/2NVIRHb\nApple \u2192 https://apple.co/2ZIPQZv\nGoogle Podcasts \u2192 https://bit.ly/2OlBWH\n\n\u2661  Pismo \u015awi\u0119te: \nAnchor \u2192 https://anchor.fm/langusta-na-palmie\nSpreaker \u2192 https://www.spreaker.com/show/przeczytaj-pismo-swiete-z-langusta\nSpotify \u2192  https://spoti.fi/34nZwLr\nApple \u2192  https://apple.co/33zdwCV\nGoogle Podcasts \u2192 https://bit.ly/3nmaZUc\n\nZapraszamy na nowy portal :\n\u2192 http://www.dominikanie.pl\nPolecamy subskrypcje portalu na YT\n\u2192 https://www.youtube.com/c/Dominikanieplportal  \nMo\u017cna nas r\u00f3wnie\u017c znale\u017a\u0107 na Facebooku: \n\u2192 https://www.facebook.com/dominikanie\n\nWi\u0119cej nagra\u0144 o. Adama znajdziesz na: \n\u2192 http://www.langustanapalmie.pl\nMo\u017cna nas r\u00f3wnie\u017c znale\u017a\u0107 na Facebooku: \n\u2192 https://www.facebook.com/LangustaNaPalmie\nTwitterze: \n\u2192 https://twitter.com/LangustaPalmowa\nInstagramie: \n\u2192 https://www.instagram.com/langustanapalmie/\n\nZapraszamy.", "link": "https://www.youtube.com/watch?v=CMsXMJ1BVu0", "date_published": "2021-03-02 00:00:00+00:00", "persistent": false, "user": null, "language": "pl-PL"}, {"source": "https://www.youtube.com/feeds/videos.xml?channel_id=UCme4ZOv65uzGADXuvtHkSvA", "title": "Wy\u0142\u0105cz drugie [#12] Okruchy 2 [PL/SK]", "description": "@Langustanapalmie @Stacja7pl \n\nTytu\u0142owe \u201cOkruchy\u201d to propozycja 40 konkretnych \u0107wicze\u0144 duchowych od o. Adama Szustaka do wykonania w czasie Wielkiego Postu. W kolejnych zadaniach ojciec Adam zaprasza by zrezygnowa\u0107 ze zb\u0119dnych czynno\u015bci, kt\u00f3rym po\u015bwi\u0119camy wi\u0119kszo\u015b\u0107 naszego czasu, ale tak\u017ce zach\u0119ca do konkretnych uczynk\u00f3w i modlitwy, kt\u00f3ra powinna stanowi\u0107 fundament naszego codziennego \u017cycia. Proponowane przez niego zadania nie s\u0105 po to, by co\u015b \u201eodhaczy\u0107\u201d, lecz aby stworzy\u0107 woln\u0105 przestrze\u0144 i czas do naprawienia relacji z Panem Jezusem i drugim cz\u0142owiekiem, lub po prostu podarowa\u0107 komu\u015b odrobin\u0119 dobra.\n\nZapraszamy od poniedzia\u0142ku do soboty o godz. 18:00\n________________________________________\nOgl\u0105daj Langust\u0119 w Aplikacji dominikanie.pl\n\u2192 http://bit.ly/dominikanienaGoogle\n\u2192 http://apple.co/2LqWqAx\n\nAby nas wesprze\u0107 kliknij tu \n\u2192 https://patronite.pl/langustanapalmie\n\u2192 http://bit.ly/Subskrybuj_Languste\n\n\u2661 Historie pot\u0142uczone\nAnchor \u2192 https://anchor.fm/langusta-na-palmie\nSpreaker \u2192 https://www.spreaker.com/show/historie-potluczone\nSpotify \u2192 https://spoti.fi/2NVIRHb\nApple \u2192 https://apple.co/2ZIPQZv\nGoogle Podcasts \u2192 https://bit.ly/2OlBWH\n\n\u2661  Pismo \u015awi\u0119te: \nAnchor \u2192 https://anchor.fm/langusta-na-palmie\nSpreaker \u2192 https://www.spreaker.com/show/przeczytaj-pismo-swiete-z-langusta\nSpotify \u2192  https://spoti.fi/34nZwLr\nApple \u2192  https://apple.co/33zdwCV\nGoogle Podcasts \u2192 https://bit.ly/3nmaZUc\n\nZapraszamy na nowy portal :\n\u2192 http://www.dominikanie.pl\nPolecamy subskrypcje portalu na YT\n\u2192 https://www.youtube.com/c/Dominikanieplportal  \nMo\u017cna nas r\u00f3wnie\u017c znale\u017a\u0107 na Facebooku: \n\u2192 https://www.facebook.com/dominikanie\n\nWi\u0119cej nagra\u0144 o. Adama znajdziesz na: \n\u2192 http://www.langustanapalmie.pl\nMo\u017cna nas r\u00f3wnie\u017c znale\u017a\u0107 na Facebooku: \n\u2192 https://www.facebook.com/LangustaNaPalmie\nTwitterze: \n\u2192 https://twitter.com/LangustaPalmowa\nInstagramie: \n\u2192 https://www.instagram.com/langustanapalmie/\n\nZapraszamy.", "link": "https://www.youtube.com/watch?v=yEsVE06J6Js", "date_published": "2021-03-02 00:00:00+00:00", "persistent": false, "user": null, "language": "pl-PL"}, {"source": "https://www.youtube.com/feeds/videos.xml?channel_id=UCme4ZOv65uzGADXuvtHkSvA", "title": "2 List do Tymoteusza || Rozdzia\u0142 02", "description": "Przeczytajmy razem ca\u0142e Pismo \u015awi\u0119te! \n \nUWAGA WYZWANIE i to \u017cyciodajne!\nCodziennie razem czytamy 1 rozdzia\u0142 \u017cyciodajnego S\u0141OWA BOGA. \nDo\u0142\u0105cz do nas! Razem przeczytamy ca\u0142e Pismo \u015awi\u0119te!\n\nWykorzystano Najnowszy przek\u0142ad Pisma \u015awi\u0119tego z komentarzem opracowany przez Zesp\u00f3\u0142 Biblist\u00f3w Polskich z inicjatywy Towarzystwa \u015awi\u0119tego Paw\u0142a (Edycja \u015awi\u0119tego Paw\u0142a). Pierwszy przek\u0142ad w trzecim tysi\u0105cleciu.\n________________________________________\nOgl\u0105daj Langust\u0119 w Aplikacji dominikanie.pl\n\u2192 http://bit.ly/dominikanienaGoogle\n\u2192 http://apple.co/2LqWqAx\n\nAby nas wesprze\u0107 kliknij tu \n\u2192 https://patronite.pl/langustanapalmie\n\u2192 http://bit.ly/Subskrybuj_Languste\n\n\u2661 Historie pot\u0142uczone\nAnchor \u2192 https://anchor.fm/langusta-na-palmie\nSpreaker \u2192 https://www.spreaker.com/show/historie-potluczone\nSpotify \u2192 https://spoti.fi/2NVIRHb\nApple \u2192 https://apple.co/2ZIPQZv\nGoogle Podcasts \u2192 https://bit.ly/2OlBWH\n\n\u2661  Pismo \u015awi\u0119te: \nAnchor \u2192 https://anchor.fm/langusta-na-palmie\nSpreaker \u2192 https://www.spreaker.com/show/przeczytaj-pismo-swiete-z-langusta\nSpotify \u2192  https://spoti.fi/34nZwLr\nApple \u2192  https://apple.co/33zdwCV\nGoogle Podcasts \u2192 https://bit.ly/3nmaZUc\n\nZapraszamy na nowy portal :\n\u2192 http://www.dominikanie.pl\nPolecamy subskrypcje portalu na YT\n\u2192 https://www.youtube.com/c/Dominikanieplportal  \nMo\u017cna nas r\u00f3wnie\u017c znale\u017a\u0107 na Facebooku: \n\u2192 https://www.facebook.com/dominikanie\n\nWi\u0119cej nagra\u0144 o. Adama znajdziesz na: \n\u2192 http://www.langustanapalmie.pl\nMo\u017cna nas r\u00f3wnie\u017c znale\u017a\u0107 na Facebooku: \n\u2192 https://www.facebook.com/LangustaNaPalmie\nTwitterze: \n\u2192 https://twitter.com/LangustaPalmowa\nInstagramie: \n\u2192 https://www.instagram.com/langustanapalmie/\n\nZapraszamy.", "link": "https://www.youtube.com/watch?v=IitVhtEp4WM", "date_published": "2021-03-01 00:00:00+00:00", "persistent": false, "user": null, "language": "pl-PL"}, {"source": "https://www.youtube.com/feeds/videos.xml?channel_id=UCme4ZOv65uzGADXuvtHkSvA", "title": "Tylko Ty [#11] Okruchy 2 [PL/SK]", "description": "@Langustanapalmie  @Stacja7pl \n\nTytu\u0142owe \u201cOkruchy\u201d to propozycja 40 konkretnych \u0107wicze\u0144 duchowych od o. Adama Szustaka do wykonania w czasie Wielkiego Postu. W kolejnych zadaniach ojciec Adam zaprasza by zrezygnowa\u0107 ze zb\u0119dnych czynno\u015bci, kt\u00f3rym po\u015bwi\u0119camy wi\u0119kszo\u015b\u0107 naszego czasu, ale tak\u017ce zach\u0119ca do konkretnych uczynk\u00f3w i modlitwy, kt\u00f3ra powinna stanowi\u0107 fundament naszego codziennego \u017cycia. Proponowane przez niego zadania nie s\u0105 po to, by co\u015b \u201eodhaczy\u0107\u201d, lecz aby stworzy\u0107 woln\u0105 przestrze\u0144 i czas do naprawienia relacji z Panem Jezusem i drugim cz\u0142owiekiem, lub po prostu podarowa\u0107 komu\u015b odrobin\u0119 dobra.\n\nZapraszamy od poniedzia\u0142ku do soboty o godz. 18:00\n________________________________________\nOgl\u0105daj Langust\u0119 w Aplikacji dominikanie.pl\n\u2192 http://bit.ly/dominikanienaGoogle\n\u2192 http://apple.co/2LqWqAx\n\nAby nas wesprze\u0107 kliknij tu \n\u2192 https://patronite.pl/langustanapalmie\n\u2192 http://bit.ly/Subskrybuj_Languste\n\n\u2661 Historie pot\u0142uczone\nAnchor \u2192 https://anchor.fm/langusta-na-palmie\nSpreaker \u2192 https://www.spreaker.com/show/historie-potluczone\nSpotify \u2192 https://spoti.fi/2NVIRHb\nApple \u2192 https://apple.co/2ZIPQZv\nGoogle Podcasts \u2192 https://bit.ly/2OlBWH\n\n\u2661  Pismo \u015awi\u0119te: \nAnchor \u2192 https://anchor.fm/langusta-na-palmie\nSpreaker \u2192 https://www.spreaker.com/show/przeczytaj-pismo-swiete-z-langusta\nSpotify \u2192  https://spoti.fi/34nZwLr\nApple \u2192  https://apple.co/33zdwCV\nGoogle Podcasts \u2192 https://bit.ly/3nmaZUc\n\nZapraszamy na nowy portal :\n\u2192 http://www.dominikanie.pl\nPolecamy subskrypcje portalu na YT\n\u2192 https://www.youtube.com/c/Dominikanieplportal  \nMo\u017cna nas r\u00f3wnie\u017c znale\u017a\u0107 na Facebooku: \n\u2192 https://www.facebook.com/dominikanie\n\nWi\u0119cej nagra\u0144 o. Adama znajdziesz na: \n\u2192 http://www.langustanapalmie.pl\nMo\u017cna nas r\u00f3wnie\u017c znale\u017a\u0107 na Facebooku: \n\u2192 https://www.facebook.com/LangustaNaPalmie\nTwitterze: \n\u2192 https://twitter.com/LangustaPalmowa\nInstagramie: \n\u2192 https://www.instagram.com/langustanapalmie/\n\nZapraszamy.", "link": "https://www.youtube.com/watch?v=gqnDIv2LERE", "date_published": "2021-03-01 00:00:00+00:00", "persistent": false, "user": null, "language": "pl-PL"}, {"source": "https://www.youtube.com/feeds/videos.xml?channel_id=UCme4ZOv65uzGADXuvtHkSvA", "title": "Wstawaki [#723] Mi\u0142os\u0301c\u0301", "description": "#Wstawaki #zr\u00f3bmydobrydzie\u0144 #AdamSzustakOP\n\nWSTAWAKI WIELKOPOSNE startuj\u0105! W tym roku przejdziemy Wielki Post z mistykami Karmelita\u0144skimi, a do tego wraz POG\u0141\u0118BIARK\u0104 zapraszamy do Medytacji Ignacja\u0144skich.\n\nRozwa\u017canie na 01.03 \u2192 https://youtu.be/cN8SdrjZfQw\n\nWesprzyj wielkopostn\u0105 Akcj\u0119 charytatywn\u0105 POD SERCEM  @FundacjamalakPl \n\u2192 https://charytatywnie.fundacjamalak.pl/donations\n\nPOD SERCEM to wielkopostna akcja charytatywna, kt\u00f3rej celem jest pomoc kobietom w ci\u0105\u017cy, znajduj\u0105cym si\u0119 w trudnej sytuacji lub z r\u00f3\u017cnych powod\u00f3w nieb\u0119d\u0105cym w stanie poradzi\u0107 sobie z wiadomo\u015bci\u0105 o dziecku b\u0105d\u017a jego chorobie. \n\nFundacja Malak\nNumer konta (PLN): 42 2490 0005 0000 4600 1184 3564\nIBAN: PL 42 2490 0005 0000 4600 1184 3564\nBIC/SWIFT: ALBPPLPW\n\"Pod sercem. Wielkopostna akcja charytatywna\"\n\n\"Wstawaki 2.0\" muz: Jan Smoczy\u0144ski || Agnieszka Musia\u0142  \n________________________________________\nOgl\u0105daj Langust\u0119 w Aplikacji dominikanie.pl\n\u2192 http://bit.ly/dominikanienaGoogle\n\u2192 http://apple.co/2LqWqAx\n\nAby nas wesprze\u0107 kliknij tu \n\u2192 https://patronite.pl/langustanapalmie\n\u2192 http://bit.ly/Subskrybuj_Languste\n\n\u2661 Historie pot\u0142uczone\nAnchor \u2192 https://anchor.fm/langusta-na-palmie\nSpreaker \u2192 https://www.spreaker.com/show/historie-potluczone\nSpotify \u2192 https://spoti.fi/2NVIRHb\nApple \u2192 https://apple.co/2ZIPQZv\nGoogle Podcasts \u2192 https://bit.ly/2OlBWH\n\n\u2661  Pismo \u015awi\u0119te: \nAnchor \u2192 https://anchor.fm/langusta-na-palmie\nSpreaker \u2192 https://www.spreaker.com/show/przeczytaj-pismo-swiete-z-langusta\nSpotify \u2192  https://spoti.fi/34nZwLr\nApple \u2192  https://apple.co/33zdwCV\nGoogle Podcasts \u2192 https://bit.ly/3nmaZUc\n\nZapraszamy na nowy portal :\n\u2192 http://www.dominikanie.pl\nPolecamy subskrypcje portalu na YT\n\u2192 https://www.youtube.com/c/Dominikanieplportal  \nMo\u017cna nas r\u00f3wnie\u017c znale\u017a\u0107 na Facebooku: \n\u2192 https://www.facebook.com/dominikanie\n\nWi\u0119cej nagra\u0144 o. Adama znajdziesz na: \n\u2192 http://www.langustanapalmie.pl\nMo\u017cna nas r\u00f3wnie\u017c znale\u017a\u0107 na Facebooku: \n\u2192 https://www.facebook.com/LangustaNaPalmie\nTwitterze: \n\u2192 https://twitter.com/LangustaPalmowa\nInstagramie: \n\u2192 https://www.instagram.com/langustanapalmie/\n\nZapraszamy.", "link": "https://www.youtube.com/watch?v=SnNZ4cjXUeA", "date_published": "2021-03-01 00:00:00+00:00", "persistent": false, "user": null, "language": "pl-PL"}]