[{"source": "https://www.youtube.com/feeds/videos.xml?channel_id=UCNvzD7Z-g64bPXxGzaQaa4g", "title": "10 WEIRD Gaming Stories of February 2021", "description": "The early days of 2021 have had no shortage of crazy video game news stories. Here's some of the weirdest stuff happening in gaming.\nSubscribe for more: https://www.youtube.com/gameranxTV?sub_confirmation=1\n\nSOURCES:\n\n\nhttps://www.pcgamer.com/developer-booted-off-steam-for-putting-its-name-as-very-positive/\n\nhttps://www.inputmag.com/gaming/new-elite-dangerous-players-are-getting-tricked-into-a-forced-labor-camp\n\nhttps://www.fox32chicago.com/news/illinois-lawmakers-want-to-ban-grand-theft-auto-amid-spike-in-carjackings\n\nhttps://arstechnica.com/gaming/2021/02/epic-will-pay-off-class-action-loot-box-settlement-with-in-game-currency/\n\nhttps://www.saanichnews.com/news/federal-court-orders-b-c-prison-to-return-playstation-game-card-to-inmate/#\n\nhttps://www.cnet.com/news/scientists-teach-pigs-how-to-play-a-video-game-and-pigs-are-good-at-it/\n\nhttps://kotaku.com/stadia-developers-cant-fix-the-bugs-in-their-own-game-b-1846331302?fbclid=IwAR0oyocLxt9JTstZS1_Hp6BOwGrn-EV5o4IldomlqPaiKb5XvuI9JYenv1s + https://www.extremetech.com/computing/320032-google-told-stadia-developers-they-were-making-great-progress-then-fired-them + https://www.androidpolice.com/2021/02/20/google-faces-possible-class-action-over-stadias-4k-claims/\n\n#3\nhttps://twitter.com/AJapaneseDream/status/1355332901240365057\nPS5 chaos at Akihabara as customers rush to grab new consoles\u3010Videos\u3011\nIMPORTANT Context - https://soranews24.com/2021/01/31/ps5-chaos-at-akihabara-as-customers-rush-to-grab-new-consoles%e3%80%90videos%e3%80%91/\n\n#2\nhttps://www.eurogamer.net/articles/2021-02-25-activision-warns-a-standard-500gb-ps4-may-no-longer-fit-call-of-duty-warzone-black-ops-cold-war-and-modern-warfare\n\n#1 https://happymag.tv/video-games-reduce-depressive-symptoms/", "link": "https://www.youtube.com/watch?v=g6pikNlUiFg", "date_published": "2021-03-02 00:00:00+00:00", "persistent": false, "user": null, "language": "en-US"}, {"source": "https://www.youtube.com/feeds/videos.xml?channel_id=UCNvzD7Z-g64bPXxGzaQaa4g", "title": "10 Game Endings Almost NO ONE HAS SEEN", "description": "These video game endings may not be completely secret, but the act of getting to the point of seeing them is nearly impossible. Here are some wild examples of rare, lesser-seen game endings.\nSubscribe for more: https://www.youtube.com/gameranxTV?sub_confirmation=1", "link": "https://www.youtube.com/watch?v=mdEhR4cRLos", "date_published": "2021-03-01 00:00:00+00:00", "persistent": false, "user": null, "language": "en-US"}]