[{"source": "https://www.youtube.com/feeds/videos.xml?channel_id=UC1gVCrX5uEFc0s_8TIYGqmw", "title": "By The Sea - Charlie Chaplin 1915 - [60FPS - Color - 4K] - Old footage restoration with AI", "description": "By the Sea is a 1915 American comedy film Charlie Chaplin made while waiting for a studio to work in Los Angeles. He had just left Niles Essanay Studio after doing five films at that location. By the Sea was filmed all on location at Crystal Pier in April 1915. The story centers on Charlie's Little Tramp character and how he gets into trouble trying to grab the attention of the ladies on the beach. Edna Purviance plays one of the wives in whom he shows interest. It is said to be the first film to incorporate the classic gag of a man slipping on a banana skin.\n\nWikipedia:\n\ud83d\udd17 https://en.wikipedia.org/wiki/By_the_Sea_(1915_film%29\n\nIMDB:\n\ud83d\udd17 https://www.imdb.com/title/tt0005044/\n\nOriginal video was processed with Deep Learning algorithms to achieve modern look and quality. Here is the process:\n\n1. Footage stabilization and noise/dust/scratches removal with After Effects and Neat Video \u2714\ufe0f\n\ud83d\udd17 https://www.neatvideo.com/?linkID=p7845\n2. Restoration with DeepRemaster, removing scratches and film damage \u2714\ufe0f\n\ud83d\udd17 https://github.com/satoshiiizuka/siggraphasia2019_remastering\n3. Frame interpolation to get smooth look using DAIN method. Result is 60 FPS video \u2714\ufe0f\n\ud83d\udd17 https://github.com/baowenbo/DAIN\n4. Colorization using DeOldify with NoGAN. Colors are not accurate, only for ambient mood \u2714\ufe0f\n\ud83d\udd17 https://github.com/jantic/DeOldify\n5. Upscaling using Topaz Video Enhance AI, upscale preserving detail and reducing noise \u2714\ufe0f\n\ud83d\udd17 https://topazlabs.com/video-enhance-ai/ref/755/\n\u2b50\u2b50\u2b50 15% DISCOUNT CODE: oldendays15\n6. Automation with Python scripts and AWS Thinkbox Deadline as queue manager \u2714\ufe0f\n\ud83d\udd17 https://www.awsthinkbox.com/deadline\n7. RTX 2070 Super 8GB, 32GB RAM, Ryzen 9 3900X 12-core. Approx 48hrs/10min video processing.\n\n\ud83c\udfb5 Intro Music:\nTimelapse by boomopera\nhttps://1.envato.market/om6ao\n\nSocial Media:\nhttps://www.facebook.com/oldendayschannel\nhttps://www.twitter.com/OldenDaysYT\nhttps://www.instagram.com/oldendayschannel\nhttps://www.pinterest.ca/OldenDaysYT/old-footage-restoration\nhttps://www.patreon.com/oldendays\n\n#deoldify #colorize #upscale #topazlabs #veai #dain #60fps #4k", "link": "https://www.youtube.com/watch?v=5-w4ZhxQnnI", "date_published": "2021-03-02 00:00:00+00:00", "persistent": false, "user": null, "language": "en-US"}, {"source": "https://www.youtube.com/feeds/videos.xml?channel_id=UC1gVCrX5uEFc0s_8TIYGqmw", "title": "His New Job - Charlie Chaplin 1915 - [60FPS - Color - 4K] - Old footage restoration with AI", "description": "His New Job is a 1915 American short silent comedy film written by, directed by, and starring Charlie Chaplin.Gloria Swanson appears as an uncredited extra. The title is an inside reference to this being Chaplin's first film after leaving Keystone Studios for Essanay Studios. It was also the only film Chaplin shot at Essanay's Chicago studio. He found the facilities and climate (His New Job was shot in mid-winter) not to his liking, and Chaplin soon relocated back to California.\n\nWikipedia:\n\ud83d\udd17 https://en.wikipedia.org/wiki/His_New_Job\n\nIMDB:\n\ud83d\udd17 https://www.imdb.com/title/tt0005489/\n\nOriginal video was processed with Deep Learning algorithms to achieve modern look and quality. Here is the process:\n\n1. Footage stabilization and noise/dust/scratches removal with After Effects and Neat Video \u2714\ufe0f\n\ud83d\udd17 https://www.neatvideo.com/?linkID=p7845\n2. Restoration with DeepRemaster, removing scratches and film damage \u2714\ufe0f\n\ud83d\udd17 https://github.com/satoshiiizuka/siggraphasia2019_remastering\n3. Frame interpolation to get smooth look using DAIN method. Result is 60 FPS video \u2714\ufe0f\n\ud83d\udd17 https://github.com/baowenbo/DAIN\n4. Colorization using DeOldify with NoGAN. Colors are not accurate, only for ambient mood \u2714\ufe0f\n\ud83d\udd17 https://github.com/jantic/DeOldify\n5. Upscaling using Topaz Video Enhance AI, upscale preserving detail and reducing noise \u2714\ufe0f\n\ud83d\udd17 https://topazlabs.com/video-enhance-ai/ref/755/\n\u2b50\u2b50\u2b50 15% DISCOUNT CODE: oldendays15\n6. Automation with Python scripts and AWS Thinkbox Deadline as queue manager \u2714\ufe0f\n\ud83d\udd17 https://www.awsthinkbox.com/deadline\n7. RTX 2070 Super 8GB, 32GB RAM, Ryzen 9 3900X 12-core. Approx 48hrs/10min video processing.\n\n\ud83c\udfb5 Intro Music:\nTimelapse by boomopera\nhttps://1.envato.market/om6ao\n\nSocial Media:\nhttps://www.facebook.com/oldendayschannel\nhttps://www.twitter.com/OldenDaysYT\nhttps://www.instagram.com/oldendayschannel\nhttps://www.pinterest.ca/OldenDaysYT/old-footage-restoration\nhttps://www.patreon.com/oldendays\n\n#deoldify #colorize #upscale #topazlabs #veai #dain #60fps #4k", "link": "https://www.youtube.com/watch?v=km6HCR1M8TY", "date_published": "2021-03-01 00:00:00+00:00", "persistent": false, "user": null, "language": "en-US"}]