[{"source": "https://www.youtube.com/feeds/videos.xml?channel_id=UCwSv086EAByBY-Z7y-QR_cQ", "title": "Dane medyczne Polak\u00f3w b\u0119d\u0105 transferowane do Niemiec! Powstaje pandemiczne centrum wywiadowcze.", "description": "\ud83d\udcfa Zapraszam do ogl\u0105dania\n\n\u2b07\ufe0fRozwi\u0144 opis\u2b07\ufe0f\n------------------------------------------------------------\n\ud83d\udc40 Uszi po godzinach: https://goo.gl/cdCFKe\n\ud83d\udc40 Hello World_: http://bit.ly/31BEhnv\n------------------------------------------------------------\n\u2709\ufe0f Ludzie listy pisz\u0105 \n\ud83d\udd8a\ufe0f uszi@protonmail.com\n------------------------------------------------------------\n\ud83d\udc7a Niecenzuralne i agresywne komentarze zostan\u0105 usuni\u0119te.  Jak ju\u017c musisz zakl\u0105\u0107 dawaj znaki (&*%@%).\n------------------------------------------------------------\n\ud83d\udcb2 Donate/ Darowizna\nPLN / SMS / Blik: http://bit.ly/3bsXtJj\nBTC: 174EmE88YFtvs6fuM8ZL5yYbik8hcaY6ud\n-------------------------------------------------------------\n\u2705 \u0179r\u00f3d\u0142a:\n1. https://bit.ly/3zEsLIE\n2. https://bit.ly/3iVe1yX\n3. https://bit.ly/2SFFQRs\n4. https://cnb.cx/3qePwia\n5. https://bit.ly/3xz7vlL\n---------------------------------------------------------------\n\ud83c\udfb4 Do kola\u017cu wykorzystano grafik\u0119 ze stron:\ngov.pl\nhttp://bit.ly/2lVWjQr\n---\nflickr.com / itupictures\nhttps://bit.ly/2x1EiGD\n---------------------------------------------------------------\n\ud83d\udca1 Tagi: #WHO\n--------------------------------------------------------------", "link": "https://www.youtube.com/watch?v=lyVojfNzNRY", "date_published": "2021-06-19 00:00:00+00:00", "persistent": false, "user": null, "language": "en-US"}]