[{"source": "https://www.youtube.com/feeds/videos.xml?channel_id=UCRG_N2uO405WO4P3Ruef9NA", "title": "Why OPPO and OnePlus have merged", "description": "Sponsored by Audible. Get your free trial and listen to The Psychology of Money or other books at https://www.audible.com/fridaycheckout \n\n\u25ac\u25ac\u25ac\u25ac\u25ac\u25ac\u25ac\u25ac\u25ac\u25ac\u25ac\u25ac\u25ac\u25ac\u25ac\u25ac\u25ac\u25ac\u25ac\u25ac\u25ac\u25ac\u25ac\u25ac\n\n\u25ba\u25ba\u25ba This video \u25c4\u25c4\u25c4\n\nThis week, OPPO and OnePlus announced a merger, Intel wanted to buy SiFive for its RISC-V chips and we got our first glimpse of Windows 11 through a leaked build.\n\nEpisode 51\n\nCrrowd app & Release Monitor: https://play.google.com/store/apps/details?id=com.crrowd   \nQuiz: https://link.crrowd.com/quiz   \n\nThis video on Nebula: https://nebula.app/videos/the-friday-checkout-why-are-oppo-oneplus-merging\n\n\u25ac\u25ac\u25ac\u25ac\u25ac\u25ac\u25ac\u25ac\u25ac\u25ac\u25ac\u25ac\u25ac\u25ac\u25ac\u25ac\u25ac\u25ac\u25ac\u25ac\u25ac\u25ac\u25ac\u25ac\n\n\u25ba\u25ba\u25ba Other TechAltar links \u25c4\u25c4\u25c4\n\nMerch: \nhttp://enthusiast.store \n\n\nSocial media: \nhttps://twitter.com/TechAltar \nhttps://instagram.com/TechAltar \nhttps://facebook.com/TechAltar \nhttps://discord.gg/npKQebe\n\nIf you want to support TechAltar directly: \nhttps://flattr.com/@techaltar \n\n\u25ac\u25ac\u25ac\u25ac\u25ac\u25ac\u25ac\u25ac\u25ac\u25ac\u25ac\u25ac\u25ac\u25ac\u25ac\u25ac\u25ac\u25ac\u25ac\u25ac\u25ac\u25ac\u25ac\u25ac\n\n\u25ba\u25ba\u25ba Attributions & Time stamps\u25c4\u25c4\u25c4\n\nMusic by Edemski: https://soundcloud.com/edemski \n\nLeica phone video (\u30ab\u30e1\u30e9\u306e\u30b3\u30e0\u30ed): https://youtu.be/qFv7hh1677M?t=212\nWindows 11 video (Windows Central): https://www.youtube.com/watch?v=VMHgM_hTzlw&t=319s\n\n0:00 Intro\n0:33 Release Monitor\n1:38 OPPO x OnePlus\n3:49 Intel x SiFive\n5:27 Windows 11", "link": "https://www.youtube.com/watch?v=YAvgPcXXSoI", "date_published": "2021-06-18 00:00:00+00:00", "persistent": false, "user": null, "language": "en-US"}]