[{"source": "https://www.youtube.com/feeds/videos.xml?channel_id=UCh9IfI45mmk59eDvSWtuuhQ", "title": "How Is The Ocean A Real Thing?", "description": "Visit https://on.likewise.com/ryangeorge to download the LIKEWISE app and get amazing recommendations, 100% free!\n\nHi there hello please click the subscribe button and turn on notifications so I can feed my cats.\nTwitter/Instagram: @TheRyanGeorge", "link": "https://www.youtube.com/watch?v=Bg_9BpjvTF4", "date_published": "2021-06-18 00:00:00+00:00", "persistent": false, "user": null, "language": "en-US"}]