[{"source": "https://www.youtube.com/feeds/videos.xml?channel_id=UCNvzD7Z-g64bPXxGzaQaa4g", "title": "10 RIDICULOUS Things Gamers Did In VIDEO GAMES", "description": "Sometimes when dedicated people truly love games they can achieve amazing things. Here are some more of our favorite examples.\nSubscribe for more: https://www.youtube.com/gameranxTV?sub_confirmation=1\n\nSources:\n#10 https://kotaku.com/fans-have-translated-all-of-the-native-american-dialogu-1846903065\n\n#9 https://www.reddit.com/r/gaming/comments/9u0loc/congrats_to_serral_for_making_gaming_history/\nhttps://www.mlg.com/watch/usKjhtzXTtu/serral-is-the-first-non-korean-player-to-win-starcraft-wcs\n\n#8\nhttps://www.reddit.com/r/skyrim/comments/n9wtd0/it_is_finished_2201_peoplenpcs_plus_over_2400/\n\n#7\nhttps://kotaku.com/player-completes-grand-theft-auto-v-in-nine-hours-witho-1846922215\n\n\n#6\nhttps://gamerant.com/pokemon-fan-catches-every-shiny-in-franchise/\n\n#5\nhttps://kotaku.com/guy-beats-fallout-4-without-killing-anyone-nearly-brea-1749882569\n\n#4\nhttps://www.youtube.com/watch?v=NgnQI9pWvw4\n\n#3\nhttps://www.youtube.com/watch?v=cJtmZpRTVO8&t=0s\n\n#2\nhttps://rsplayers.fandom.com/wiki/Lynx_Titan\n\n#1 https://www.youtube.com/watch?v=nh1FMznHfHw&list=PLwH1xJhcXG0ch67P-LJESEV6Cm-R_uOBD", "link": "https://www.youtube.com/watch?v=8jkjbRJunSo", "date_published": "2021-06-19 00:00:00+00:00", "persistent": false, "user": null, "language": "en-US"}, {"source": "https://www.youtube.com/feeds/videos.xml?channel_id=UCNvzD7Z-g64bPXxGzaQaa4g", "title": "BETHESDA'S FINAL MESSAGE TO PS5 FANS, NEW SILENT HILL KOJIMA THEORY, & MORE", "description": "For your chance to win a dream Gaming Rig setup worth $20k and support a great cause, go to https://www.omaze.com/gameranx. Thanks to Omaze for sponsoring this video.\n\nGameranx's E3 videos here: https://youtube.com/playlist?list=PLJAzFcYKyx4QBMgSXKieHNRU8zttGrk_l\n\nJake\u2019s E3 reactions: https://youtu.be/dy0jrAFZVcw\n\n\n\nFollow:\n Instagram: https://goo.gl/HH6mTW\u200b\u200b\u200b\u200b\u200b\u200b\u200b\n\nTwitter: https://bit.ly/3deMHW7\u200b\u200b\u200b\u200b\u200b\u200b\u200b\n\n\n\n\n\n ~~~~STORIES~~~~\n\n\nBethesda \nhttps://www.videogameschronicle.com/news/bethesda-says-it-understands-playstation-fans-being-pissed-about-xbox-exclusivity/\ninterviews: https://www.youtube.com/watch?v=-ZM22Vmiths\nhttps://www.telegraph.co.uk/gaming/news/starfield-director-todd-howard-exclusive-want-everybody-able/\n\n\nKojima\nhttps://www.ign.com/articles/abandoned-kojima-silent-hill-mystery-ps5\n\n\nhttps://www.reddit.com/r/TheBlueBoxConspiracy/comments/o1s5oy/here_are_all_the_possible_hints_that_blue_box/\n \n\n\n\n\nFF7 coming to PC?\nhttps://twitter.com/Wario64/status/1405803861441347586\n\n\n\nRockstar servers\nhttps://twitter.com/RockstarSupport/status/1405161662861168646?s=20\n\nCyberpunk returns to PSN\nhttps://www.theverge.com/2021/6/15/22457000/cd-projekt-red-cyberpunk-2077-playstation-store-return-bug-fixes\nhttps://www.cyberpunk.net/en/news/38612/patch-1-23", "link": "https://www.youtube.com/watch?v=k5GbTeqZdB0", "date_published": "2021-06-18 00:00:00+00:00", "persistent": false, "user": null, "language": "en-US"}]