[{"source": "https://www.youtube.com/feeds/videos.xml?channel_id=UC-2YHgc363EdcusLIBbgxzg", "title": "5 Mythical Creatures That (Kinda) Actually Existed | Answers With Joe", "description": "Get your daily dose of quick, important info by signing up for Morning Brew for free here: http://bit.ly/joescott\nThere are myths and legends of mythical creatures through out the folklore of civilizations around the world. Myths like dragons, cyclops and the kraken. But where did these myths come from? And could they have actually existed in some way?\n\nOh, here's the cephalopods video Jason made me reference...\nhttps://youtu.be/73-QuQwFFAY\n\nWant to support the channel? Here's how:\n\nPatreon: http://www.patreon.com/answerswithjoe\nChannel Memberships: https://www.youtube.com/channel/UC-2YHgc363EdcusLIBbgxzg/join\nT-Shirts & Merch: http://www.answerswithjoe.com/store\n\nInterested in getting a Tesla? Use my referral link and get discounts and perks:\nhttps://ts.la/joe74700\n\nFollow me at all my places!\nInstagram: https://instagram.com/answerswithjoe\nSnapchat: https://www.snapchat.com/add/answerswithjoe\nFacebook: http://www.facebook.com/answerswithjoe\nTwitter: https://www.twitter.com/answerswithjoe", "link": "https://www.youtube.com/watch?v=FNC6RfhKDi0", "date_published": "2021-06-21 00:00:00+00:00", "persistent": false, "user": null, "language": "en-US"}]