[{"source": "https://www.youtube.com/feeds/videos.xml?channel_id=UCLr4hMhk_2KE0GUBSBrspGA", "title": "Zepsu\u0142em MacBooka i po co Ci gimbal? MacBook 15 2018, MacBook 13 M1, Zhiyun Smooth Q3, DJI OM 3,OM 4", "description": "W dzisiejszym tech vlogu:\nZepsuty MacBook 15 2018\nNowy MacBook 13 M1\nZEN (fragment spons): https://bit.ly/3rklh8W \n(kod przed\u0142u\u017caj\u0105cy okres pr\u00f3bny: klawyzen)\nPasta bezjajeczna\nZhiyun Smooth Q3\nDJI Osmo Mobile 3\nDJI OM 4\n\nhttps://www.instagram.com/kubaklawiter/\nhttps://twitter.com/KubaKlawiter\n\nW odcinku:\n00:00 Bezsenna noc Kuby\n00:43 Wyb\u00f3r MacBooka 13 Pro M1\n01:08 Fragment sponsorowany ZEN\n01:37 Jak zrobi\u0107 recenzj\u0119 PowerBanku?\n02:20 Test kanapki z past\u0105 bezjajeczn\u0105\n02:58 Unboxing nowego MacBooka i transfer danych\n03:22 Dlaczego nie MacBook 13 Pro M1?\n03:56 Dobre rady, z nami \u0142atwiej \u017cy\u0107 \u2013 gimbale\n06:55 Test pr\u0119dko\u015bci MacBooka \u2013 eksport pliku\n07:55 Podsumowanie testu i zako\u0144czenie", "link": "https://www.youtube.com/watch?v=hmig-uom5LE", "date_published": "2021-06-21 00:00:00+00:00", "persistent": false, "user": null, "language": "en-US"}, {"source": "https://www.youtube.com/feeds/videos.xml?channel_id=UCLr4hMhk_2KE0GUBSBrspGA", "title": "Tech Week: Kto zostanie w\u0142a\u015bcicielem internetu? Oraz: realme GT 5G, Beats Studio Buds, Doom Ikea", "description": "A tak\u017ce:\nKogo interesuje film o realme GT 5G: https://youtu.be/Nr_KQzsh-N8\nNowe s\u0142uchawki Sony w recenzji: https://youtu.be/yz3qkMigj9g\nNowe Beats Studio Buds: https://youtu.be/-XM7883VytU \nNintendo nie pokaza\u0142o nowego Switcha: https://bit.ly/3wDBuJb\nDoom na \u017car\u00f3wce z IKEI: https://bit.ly/2SOeFDN\nArchiwalna dokumentacja: https://bit.ly/3zG49iD\nKup sobie internet: https://cnet.co/3wDBSHD\nCanon uszcz\u0119\u015bliwia pracownik\u00f3w: https://bit.ly/3zGY715\nTamagotchi wr\u00f3ci\u0142o: https://engt.co/3iU2jEU\nWristcam dosta\u0142 25M $ na rozw\u00f3j: https://tcrn.ch/2TOSaPk\nPetycja, \u017ceby Bezos nie wraca\u0142 z kosmosu: https://bit.ly/2SGUt74\nPetycja, \u017ceby Bezos zjad\u0142 Mona Lis\u0119: https://bit.ly/3xxtucM\n\nMoje sociale: \nInsta: https://www.instagram.com/kubaklawiter/\nTwitter: https://twitter.com/KubaKlawiter\n\nSpis tre\u015bci:\n00:00 Wst\u0119p\n00:15 Dobry wiecz\u00f3r!\n00:20 W jutrzejszym vlogu - nowy MacBook 13 Pro M1\n00:39 Realme GT 5G \u2013 zapowied\u017a filmu 100 pyta\u0144 o\u2026\n02:20 Beats Studio Buds\n02:33 O montowaniu materia\u0142\u00f3w\n03:18 Czy muzyka jest istotna w filmach na YouTube?\n03:46 Por\u00f3wnanie s\u0142uchawek Sony XM4 do Bose i AirPods Pro\n04:25 Brak news\u00f3w technologicznych w Tech Weeku\n04:59 Nowe s\u0142uchawki douszne Beats Studio Buds od Apple\n06:36 Brak nowego Switcha od Nintendo \n06:48 Doom na \u017car\u00f3wce z Ikei\n07:32 Internet na sprzeda\u017c w postaci NFT\n08:00 Canon uszcz\u0119\u015bliwia pracownik\u00f3w\n08:36 Powr\u00f3t Tamagotchi\n09:03 Wristcam dostaje 2 mln $ na rozw\u00f3j\n09:35 Petycja, \u017ceby Bezos nie wraca\u0142 z kosmosu\n09:46 Petycja, \u017ceby Bezos kupi\u0142 i zjad\u0142 Mona Lis\u0119\n09:53 Wspieranie ludzi s\u0142abszych i tych, kt\u00f3rym nie wychodzi\n10:19 Po\u017cegnanie\n10:27 Zno\u015bnego tygodnia", "link": "https://www.youtube.com/watch?v=RPkTfz04WCk", "date_published": "2021-06-20 00:00:00+00:00", "persistent": false, "user": null, "language": "en-US"}]