[{"source": "https://www.youtube.com/feeds/videos.xml?channel_id=UC3I2GFN_F8WudD_2jUZbojA", "title": "Cassandra Jenkins - Performance & Interview (Live on KEXP at Home)", "description": "http://KEXP.ORG presents Cassandra Jenkins sharing a live performance recorded exclusively for KEXP at talking to Cheryl Waters. Recorded June 8, 2021.\n\nSongs:\nMichelangelo\nCrosshairs\nNew Bikini\nHard Drive\nThe Ramble\n\nCassandra Jenkins - vocals, guitar\nDoug Wieselman - piano, sax, bass clarinet\nAdam Brisbin - Guitar\nWyndham Boylan Garnett - Video\n\nhttps://cassandrajenkins.com\nhttp://kexp.org", "link": "https://www.youtube.com/watch?v=Pg_ijQmHVPo", "date_published": "2021-06-21 00:00:00+00:00", "persistent": false, "user": null, "language": "en-US"}]