[{"source": "https://www.youtube.com/feeds/videos.xml?channel_id=UC_7PqixGIdE-jjoHKMPYpGA", "title": "Ilu z nas to geje i lesbijki?", "description": "\ud83d\udc49 Patronite \u25ba https://patronite.pl/NaukowyBelkot \n\ud83d\udcda Moja ksi\u0105\u017cka \u25ba https://altenberg.pl/geny/\n\ud83d\udcda E-book \u25ba https://tinyurl.com/pnp-ebook\n\ud83c\udfa7 Mix audio \u25ba http://ratstudios.pl/\n\nObejrza\u0142em ostatnio d\u0142ugi wywiad z pewnym trenduj\u0105cym politykiem. Zmotywowa\u0142 mnie on do poruszenia pewnego tematu, kt\u00f3ry dojrzewa\u0142 u mnie w g\u0142owie latami...\n\n\ud83c\udf9e Moje filmy o homoseksualizmie:\nhttps://www.youtube.com/watch?v=tmvH9Ou54F4\nhttps://www.youtube.com/watch?v=VXNKmidjDwU\n\nSubskrypcja \u25ba https://youtube.com/c/UwagaNaukowyBelkot\nFacebook \u25ba https://facebook.com/UwagaNaukowyBelkot\nTwitter \u25ba https://twitter.com/NaukowyBelkot\nInstagram \u25ba https://www.instagram.com/NaukowyBelkot/\n\nWy\u0142\u0105cznie Naukowy Be\u0142kot \u25ba https://goo.gl/Do7VCc\nGrupa na facebooku \u25ba https://goo.gl/HP8J83\n\n===\nRozk\u0142ad jazdy:\n\n0:00 A S\u0142awomir Mentzen powiedzia\u0142...\n4:40 Problemy z poszukiwaniem odpowiedzi\n8:15 Zero absolutne\n11:28 Idealna ankieta nie ist...\n15:39 Zderzenie z rzeczywisto\u015bci\u0105\n\n===\n\u0179r\u00f3d\u0142a (wybrane):\n\nJ.M. Baley i in. - Sexual Orientation, Controversy, and Science\nS. Stephenson-Davidowitz - Everybody Lies\nC. Caceres i in. - Estimating the number of men who have sex with men in low and middle income countries\n\nhttps://www.npr.org/2011/06/08/137057974/-institute-of-medicine-finds-lgbt-health-research-gaps-in-us?t=1622542959495\nhttps://williamsinstitute.law.ucla.edu/publications/how-many-people-lgbt/\nhttps://en.wikipedia.org/wiki/Demographics_of_sexual_orientation\nhttps://en.wikipedia.org/wiki/LGBT_demographics_of_the_United_States#2021\nhttps://static1.squarespace.com/static/51d894bee4b01caf88ccb4f3/t/539722e8e4b067f59011f01e/1402413800945/CDCPresentation.pdf", "link": "https://www.youtube.com/watch?v=JrC1TGNJ5Zw", "date_published": "2021-06-21 00:00:00+00:00", "persistent": false, "user": null, "language": "en-US"}]