[{"source": "https://reason.com", "title": "The Media's Lab Leak Debacle Shows Why Banning 'Misinformation' Is a Terrible Idea", "description": "The Media's Lab Leak Debacle Shows Why Banning 'Misinformation' Is a Terrible Idea", "link": "https://reason.com/2021/06/04/lab-leak-misinformation-media-fauci-covid-19/", "date_published": "2021-06-04 19:26:23+00:00", "persistent": true, "user": "rumpel", "language": "en-US", "tags": ["misinformation", "censorship", "science is dead", "wuhan", "covid"]}]