[{"source": "https://www.youtube.com/feeds/videos.xml?channel_id=UCwUizOU8pPWXdXNniXypQEQ", "title": "The Horror of Teaching Critical Race Theory to Kids", "description": "Grab your Natural Dental Detox Kit at https://naturalteethwhiteners.com/jp\n\nCheck out my NEW MERCH here! - https://awakenwithjp.com\n\nTake a stand against censorship. Join my Awakened Warriors Email List - https://awakenwithjp.com/joinme\n\nFind out all the horror of teaching critical race theory to kids! Should critical race theory be taught in schools? Does critical race theory create racial divide or racial unity? Can you teach love and acceptance through division? Find out as you view all the beautiful horror of teaching critical race theory to kids.\n\nListen and Subscribe to my Podcast here: \nhttps://apple.co/3fFTbPC\nAlso available everywhere else you get podcasts. Just search and subscribe to \"Awaken With JP Sears Show\"\n\nConnect with me at: \nhttp://www.facebook.com/AwakenWithJP\nhttp://www.Instagram.com/AwakenWithJP\nhttp://www.twitter.com/AwakenWithJP\nhttps://mewe.com/p/awakenwithjp\nhttps://parler.com/profile/AwakenWithJP\nhttp://www.AwakenWithJP.com", "link": "https://www.youtube.com/watch?v=HCkx_x9FLJ8", "date_published": "2021-06-05 00:00:00+00:00", "persistent": false, "user": null, "language": "en-US"}]