[{"source": "https://www.youtube.com/feeds/videos.xml?channel_id=UCqg5FCR7NrpvlBWMXdt-5Vg", "title": "Balan Wonderworld (Zero Punctuation)", "description": "Join our YouTube Membership program for Early Access to videos, badges, emojis, bonus content and more. \u25ba\u25ba https://www.youtube.com/channel/UCqg5FCR7NrpvlBWMXdt-5Vg/join\n\nThis week on Zero Punctuation, Yahtzee reviews Balan Wonderworld.\n\nSubscribe to Escapist Magazine! \u25ba\u25ba http://bit.ly/Sub2Escapist\n\nWant to see the next episode a week early? Check out http://www.escapistmagazine.com for the latest episodes of your favorite shows.\n\n---\n\n\n\n---\n\n\nZero Punctuation Merch Store \u25ba\u25bahttps://teespring.com/stores/the-escapist-store\nJoin us on Twitch \u25ba\u25ba https://www.twitch.tv/escapistmagazine \nLike us on Facebook \u25ba\u25ba http://www.facebook.com/EscapistMag\nFollow us on Twitter \u25ba\u25ba https://twitter.com/EscapistMag\n\n#ZeroPunctuation #BalanWonderworld", "link": "https://www.youtube.com/watch?v=EELffFyvbOQ", "date_published": "2021-05-12 00:00:00+00:00", "persistent": false, "user": null, "language": "en-US"}, {"source": "https://www.youtube.com/feeds/videos.xml?channel_id=UCqg5FCR7NrpvlBWMXdt-5Vg", "title": "Yahtzee and Nick Play Resident Evil Village | Post-ZP Stream", "description": "Join our YouTube Membership program for Early Access to videos, badges, emojis, bonus content and more. \u25ba\u25ba https://www.youtube.com/channel/UCqg5...\u200b\n\nYahtzee plays two hours of Balan Wonderworld for today's Post-ZP Stream.\n\nSubscribe to Escapist Magazine! \u25ba\u25ba http://bit.ly/Sub2Escapist\u200b\n\nWant to see the next episode a week early? Check out http://www.escapistmagazine.com\u200b for the latest episodes of your favorite shows.\n\n---\n\n\n\n---\n\n\nZero Punctuation Merch Store \u25ba\u25bahttps://teespring.com/stores/the-esca...\u200b\nJoin us on Twitch \u25ba\u25ba https://www.twitch.tv/escapistmagazine\u200b \nLike us on Facebook \u25ba\u25ba http://www.facebook.com/EscapistMag\u200b\nFollow us on Twitter \u25ba\u25ba https://twitter.com/EscapistMag\n\n#ZeroPunctuation #ResidentEvilVillage", "link": "https://www.youtube.com/watch?v=Bd5SszIxv08", "date_published": "2021-05-12 00:00:00+00:00", "persistent": false, "user": null, "language": "en-US"}, {"source": "https://www.youtube.com/feeds/videos.xml?channel_id=UCqg5FCR7NrpvlBWMXdt-5Vg", "title": "Game Ideas I Would Steal | Yahtzee's Dev Diary", "description": "Join our YouTube Membership program for Early Access to videos, badges, emojis, bonus content and more. \u25ba\u25ba https://www.youtube.com/channel/UCqg5FCR7NrpvlBWMXdt-5Vg/join\n\nThe adventures of Yahtzee's Dev Diary continues. This week he recaps the game ideas people submitted and which ones he'd take for his own.\n\nSubscribe to Escapist Magazine! \u25ba\u25ba http://bit.ly/Sub2Escapist\n\nWant to see the next episode a week early? Check out http://www.escapistmagazine.com for the latest episodes of your favorite shows.\n\n---\n\n\n\n---\n\n\nZero Punctuation Merch Store \u25ba\u25bahttps://teespring.com/stores/the-escapist-store\nJoin us on Twitch \u25ba\u25ba https://www.twitch.tv/escapistmagazine \nLike us on Facebook \u25ba\u25ba http://www.facebook.com/EscapistMag\nFollow us on Twitter \u25ba\u25ba https://twitter.com/EscapistMag", "link": "https://www.youtube.com/watch?v=sf7Oc8kPG9g", "date_published": "2021-05-11 00:00:00+00:00", "persistent": false, "user": null, "language": "en-US"}, {"source": "https://www.youtube.com/feeds/videos.xml?channel_id=UCqg5FCR7NrpvlBWMXdt-5Vg", "title": "Why Are Survival Crafting Games So Dang Popular? | Slightly Something Else", "description": "This week on Slightly Something Else, Yahtzee and Jack discuss survival crafting games and break down just why the heck they're so popular.\n\nJoin our YouTube Membership program for Early Access to videos, badges, emojis, bonus content and more. \u25ba\u25ba https://www.youtube.com/channel/UCqg5FCR7NrpvlBWMXdt-5Vg/join\n\nSubscribe to Escapist Magazine! \u25ba\u25ba http://bit.ly/Sub2Escapist\n\nWant to see the next episode a week early? Check out http://www.escapistmagazine.com for the latest episodes of your favorite shows.\n\n---\n\n\n\n---\n\n\nZero Punctuation Merch Store \u25ba\u25bahttps://teespring.com/stores/the-escapist-store\nJoin us on Twitch \u25ba\u25ba https://www.twitch.tv/escapistmagazine \nLike us on Facebook \u25ba\u25ba http://www.facebook.com/EscapistMag\nFollow us on Twitter \u25ba\u25ba https://twitter.com/EscapistMag", "link": "https://www.youtube.com/watch?v=M2zPT5Hv20o", "date_published": "2021-05-11 00:00:00+00:00", "persistent": false, "user": null, "language": "en-US"}]