[{"source": "https://www.youtube.com/feeds/videos.xml?channel_id=UCSJPFQdZwrOutnmSFYtbstA", "title": "Final Fantasy 7 Remake - Worth The Wait", "description": "The remake of Final Fantasy 7 was one of the most anticipated games of all time, but did it live up to the hype? Is it a worthy successor to the original? And where might the series be headed next? Join me as I delve deep into Final Fantasy 7 Remake.", "link": "https://www.youtube.com/watch?v=3lHTajebJWo", "date_published": "2021-10-08 00:00:00+00:00", "persistent": false, "user": null, "language": "en-US"}]