[{"source": "https://www.youtube.com/feeds/videos.xml?channel_id=UCvg_4SPPEZ7y4pk_iB7z6sw", "title": "The Lawnmower Man: A Film That Exists", "description": "So yeah. It\u2019s The Lawnmower Man. It\u2019s\u2026.self explanatory. He just mows the lawns. A whole movie just about that. Ya get to learn about all the kinds of grass seed and turf and care. Don\u2019t over water, be careful with all treatment options. \n\nOtherwise your lawn won\u2019t look so good anymore.\n\nTwitter: https://twitter.com/WhimsuHubTy\nSoundcloud: https://soundcloud.com/user-503704039\nPatreon: https://www.patreon.com/theknowledgehub\nSecond Channel: https://www.youtube.com/channel/UC-KL04Ra6E1Du0pFawN4pWg\nSpotify: https://open.spotify.com/artist/3STpe...\n\n\nOriginally this was gonna be a KnowledgeHub vid, but I decided, eh, might as well try it here. So, yup. That\u2019s, about all I can say for the description. I\u2019m pretty sure they want these to be fairly long, so, guess I\u2019ll keep typing. Just a bit more. Okay. One more sentence. And. Thats\u2026\u2026it. Yup. I\u2019m done typing the description. Guess I\u2019ll go on and stop pressing buttons on the keyboard. Right\u2026\u2026\u2026now", "link": "https://www.youtube.com/watch?v=Q7QPnFPzNgQ", "date_published": "2021-10-08 00:00:00+00:00", "persistent": false, "user": null, "language": "en-US"}]