[{"source": "https://www.youtube.com/feeds/videos.xml?channel_id=UC-2JUs_G21BrJ0efehwGkUw", "title": "Scary Goldings IV ft. John Scofield [OFFICIAL TRAILER]", "description": "Vinyl presale begins Nov. 1\nPatreon: http://modal.scarypocketsfunk.com/patreon\nSTORE: http://scarypocketsfunk.com\nTip Jar: http://modal.scarypocketsfunk.com/tips\n\nListen on Spotify: http://modal.scarypocketsfunk.com/spotify\nSubscribe: http://modal.scarypocketsfunk.com/subscribe\nFacebook: http://modal.scarypocketsfunk.com/facebook\nInstagram: http://modal.scarypocketsfunk.com/instagram\n\nScary Goldings IV\n\nMUSICIAN CREDITS\nOrgan: Larry Goldings\nGuitar: John Scofield\nDrums: Louis Cole, Lemar Carter, Tamir Barzilay\nBass: Mononeon\nKeys: Jack Conte\nGuitar: Ryan Lerman\n\nAUDIO CREDITS\nRecording Engineer: Caleb Parker\nMixing/Mastering: Craig Polasko \n\nVIDEO CREDITS\nStudio Manager: Joe Smith\nDirector: Merlin Showalter\nDP: Merlin Showalter\nLights: Dijon Herron\nEditor: Adam Kritzberg\n\nRecorded at Valentine Studios in Studio City, CA.\n\n#ScaryPockets #Funk #ScaryGoldings", "link": "https://www.youtube.com/watch?v=PoqWKmMSt5k", "date_published": "2021-10-07 00:00:00+00:00", "persistent": false, "user": null, "language": "en-US"}]