[{"source": "https://www.youtube.com/feeds/videos.xml?channel_id=UC3I2GFN_F8WudD_2jUZbojA", "title": "Arooj Aftab - Baghon Main (Live on KEXP)", "description": "http://KEXP.ORG presents Arooj Aftab performing \"Baghon Main\" live in the KEXP gathering space. Recorded  September 24, 2021.\n\nHost: Cheryl Waters\r\nAudio Engineers: Julian Martlew & Kevin Suggs\nMastering Engineer: Matt Ogaz\r\nCameras: Jim Beckmann, Scott Holpainen & Kendall Rock\r\nEditor: Jim Beckmann\n\nhttps://www.aroojaftabmusic.com\nhttp://kexp.org", "link": "https://www.youtube.com/watch?v=U1wK0KwACVg", "date_published": "2021-10-08 00:00:00+00:00", "persistent": false, "user": null, "language": "en-US"}, {"source": "https://www.youtube.com/feeds/videos.xml?channel_id=UC3I2GFN_F8WudD_2jUZbojA", "title": "Arooj Aftab - Diya Hai (Live on KEXP)", "description": "http://KEXP.ORG presents Arooj Aftab performing \"Diya Hai\" live in the KEXP gathering space. Recorded  September 24, 2021.\n\nHost: Cheryl Waters\nAudio Engineers: Julian Martlew & Kevin Suggs\nMastering Engineer: Matt Ogaz\nCameras: Jim Beckmann, Scott Holpainen & Kendall Rock\nEditor: Jim Beckmann\n\nhttps://www.aroojaftabmusic.com\nhttp://kexp.org", "link": "https://www.youtube.com/watch?v=lY9czKBv_II", "date_published": "2021-10-08 00:00:00+00:00", "persistent": false, "user": null, "language": "en-US"}, {"source": "https://www.youtube.com/feeds/videos.xml?channel_id=UC3I2GFN_F8WudD_2jUZbojA", "title": "Arooj Aftab - Full Performance (Live on KEXP)", "description": "http://KEXP.ORG presents Arooj Aftab performing live in the KEXP gathering space. Recorded  September 24, 2021.\n\nSongs:\nBaghon Main\nSuroor\nDiya Hai\nMohabbat\n\nHost: Cheryl Waters\nAudio Engineers: Julian Martlew & Kevin Suggs\nMastering Engineer: Matt Ogaz\nCameras: Jim Beckmann, Scott Holpainen & Kendall Rock\nEditor: Jim Beckmann\n\nhttps://www.aroojaftabmusic.com\nhttp://kexp.org", "link": "https://www.youtube.com/watch?v=fPX8mGSaLhU", "date_published": "2021-10-08 00:00:00+00:00", "persistent": false, "user": null, "language": "en-US"}, {"source": "https://www.youtube.com/feeds/videos.xml?channel_id=UC3I2GFN_F8WudD_2jUZbojA", "title": "Arooj Aftab - Mohabbat (Live on KEXP)", "description": "http://KEXP.ORG presents Arooj Aftab performing \"Mohabbat\" live in the KEXP gathering space. Recorded  September 24, 2021.\n\nHost: Cheryl Waters\nAudio Engineers: Julian Martlew & Kevin Suggs\nMastering Engineer: Matt Ogaz\nCameras: Jim Beckmann, Scott Holpainen & Kendall Rock\nEditor: Jim Beckmann\n\nhttps://www.aroojaftabmusic.com\nhttp://kexp.org", "link": "https://www.youtube.com/watch?v=U89BGcn_AOs", "date_published": "2021-10-08 00:00:00+00:00", "persistent": false, "user": null, "language": "en-US"}, {"source": "https://www.youtube.com/feeds/videos.xml?channel_id=UC3I2GFN_F8WudD_2jUZbojA", "title": "Arooj Aftab - Suroor (Live on KEXP)", "description": "http://KEXP.ORG presents Arooj Aftab performing \"Suroor\" live in the KEXP gathering space. Recorded  September 24, 2021.\n\nHost: Cheryl Waters\nAudio Engineers: Julian Martlew & Kevin Suggs\nMastering Engineer: Matt Ogaz\nCameras: Jim Beckmann, Scott Holpainen & Kendall Rock\nEditor: Jim Beckmann\n\nhttps://www.aroojaftabmusic.com\nhttp://kexp.org", "link": "https://www.youtube.com/watch?v=ofrh_v5IfmY", "date_published": "2021-10-08 00:00:00+00:00", "persistent": false, "user": null, "language": "en-US"}, {"source": "https://www.youtube.com/feeds/videos.xml?channel_id=UC3I2GFN_F8WudD_2jUZbojA", "title": "Generacio\u0301n Suicida - Balas, Siempre Balas (Live on KEXP)", "description": "http://KEXP.ORG presents Generacio\u0301n Suicida performing \"Balas, Siempre Balas\" live in the KEXP gathering space. Recorded September 23, 2021.\n\nHost: Jenn\r\nAudio Engineers: Julian Martlew & Kevin Suggs\nMastering Engineer: Matt Ogaz\r\nCameras: Jim Beckmann, Carlos Cruz, Alaia D'Alessandro & Scott Holpainen\r\nEditor: Scott Holpainen\n\nhttps://generacionsuicida.bandcamp.com\nhttp://kexp.org", "link": "https://www.youtube.com/watch?v=6feAE_b1dlQ", "date_published": "2021-10-07 00:00:00+00:00", "persistent": false, "user": null, "language": "en-US"}, {"source": "https://www.youtube.com/feeds/videos.xml?channel_id=UC3I2GFN_F8WudD_2jUZbojA", "title": "Generacio\u0301n Suicida - Desaparecer (Live on KEXP)", "description": "http://KEXP.ORG presents Generacio\u0301n Suicida performing \"Desaparecer\" live in the KEXP gathering space. Recorded September 23, 2021.\n\nHost: Jenn\nAudio Engineers: Julian Martlew & Kevin Suggs\nMastering Engineer: Matt Ogaz\nCameras: Jim Beckmann, Carlos Cruz, Alaia D'Alessandro & Scott Holpainen\nEditor: Scott Holpainen\n\nhttps://generacionsuicida.bandcamp.com\nhttp://kexp.org", "link": "https://www.youtube.com/watch?v=MEI4dka_TFg", "date_published": "2021-10-07 00:00:00+00:00", "persistent": false, "user": null, "language": "en-US"}, {"source": "https://www.youtube.com/feeds/videos.xml?channel_id=UC3I2GFN_F8WudD_2jUZbojA", "title": "Generacio\u0301n Suicida - Fuego (Live on KEXP)", "description": "http://KEXP.ORG presents Generacio\u0301n Suicida performing \"Fuego\" live in the KEXP gathering space. Recorded September 23, 2021.\n\nHost: Jenn\nAudio Engineers: Julian Martlew & Kevin Suggs\nMastering Engineer: Matt Ogaz\nCameras: Jim Beckmann, Carlos Cruz, Alaia D'Alessandro & Scott Holpainen\nEditor: Scott Holpainen\n\nhttps://generacionsuicida.bandcamp.com\nhttp://kexp.org", "link": "https://www.youtube.com/watch?v=zp7X21l2uc4", "date_published": "2021-10-07 00:00:00+00:00", "persistent": false, "user": null, "language": "en-US"}, {"source": "https://www.youtube.com/feeds/videos.xml?channel_id=UC3I2GFN_F8WudD_2jUZbojA", "title": "Generacio\u0301n Suicida - Full Performance (Live on KEXP)", "description": "http://KEXP.ORG presents Generacio\u0301n Suicida performing live in the KEXP gathering space. Recorded September 23, 2021.\n\nSongs:\nBalas, Siempre Balas\nFuego\nDesaparecer\nViolencia\n\nHost: Jenn\nAudio Engineers: Julian Martlew & Kevin Suggs\nMastering Engineer: Matt Ogaz\nCameras: Jim Beckmann, Carlos Cruz, Alaia D'Alessandro & Scott Holpainen\nEditor: Scott Holpainen\n\nhttps://generacionsuicida.bandcamp.com\nhttp://kexp.org", "link": "https://www.youtube.com/watch?v=8WB5OPFkFAs", "date_published": "2021-10-07 00:00:00+00:00", "persistent": false, "user": null, "language": "en-US"}, {"source": "https://www.youtube.com/feeds/videos.xml?channel_id=UC3I2GFN_F8WudD_2jUZbojA", "title": "Generacio\u0301n Suicida - Violencia (Live on KEXP)", "description": "http://KEXP.ORG presents Generacio\u0301n Suicida performing \"Violencia\" live in the KEXP gathering space. Recorded September 23, 2021.\n\nHost: Jenn\nAudio Engineers: Julian Martlew & Kevin Suggs\nMastering Engineer: Matt Ogaz\nCameras: Jim Beckmann, Carlos Cruz, Alaia D'Alessandro & Scott Holpainen\nEditor: Scott Holpainen\n\nhttps://generacionsuicida.bandcamp.com\nhttp://kexp.org", "link": "https://www.youtube.com/watch?v=ErDhmiBJ22A", "date_published": "2021-10-07 00:00:00+00:00", "persistent": false, "user": null, "language": "en-US"}]