[{"source": "https://www.youtube.com/feeds/videos.xml?channel_id=UCSiPjfAJBgbFlIUsxOWpK0w", "title": "Extreme Ways ft. MOBY // POMPLAMOOSE", "description": "Gardenview out now, listen on Spotify (https://sptfy.com/gardenview) or wherever you listen to music.\n\n There\u2019s nothing quite so surreal as covering a Moby song WITH Moby.\n\nSave this song on Spotify: https://spoti.fi/2r3Yqkh\nFollow us on instagram: https://instagram.com/pomplamoosemusic\nBecome a patron of our music (to vote on the songs we cover and get merch and stuff like that): http://www.patreon.com/pomplamoose\n\nA cover of Moby's \"Extreme Ways\" by Pomplamoose & Moby.\n\nMUSICIAN CREDITS\nLead Vocals: Nataly Dawn\nKeys: Moby & Jack Conte\nBass: Nick Campbell\nDrums: Ben Rose\nBackground Vocals: Nahneen Kula\n\nAUDIO CREDITS\nEngineer: Bill Mims\nMixing/Mastering: Caleb Parker\nProducer: Ben Rose\n\nVIDEO CREDITS\nDirector: Dom Fera\nDP / A Cam: Merlin Showalter\nGaffer / Key Grip: Arjay Ancheta\nProduction Designer: Katie Theel\nHair & Makeup: Christina Vo\nWardrobe: Elle Olsen\nPA's: Chris Modl, Alex Allen\nVideo Editor: Ryan Blewett\nAdditional Post: Dom Fera\nColorist: Charlene Gibbs\n\n#Pomplamoose #Moby #IndieRock\n\nLYRICS\nExtreme ways are back again\nExtreme places I didn't know\nI broke everything new again\nEverything that I'd owned\nI threw it out the windows, came along\nExtreme ways I know will part\nThe colors of my sea\nPerfect colored me\nExtreme ways that help me\nThey help me out late at night\nExtreme places I had been\nThat never seen any light\nDirty basements, dirty noise\nDirty places coming through\nExtreme worlds alone\nDid you ever like it then?\n\nI would stand in line for this\nThere's always room in life for this\n\nOh baby, oh baby\nThen it fell apart, it fell apart\nOh baby, oh baby\nThen it fell apart, it fell apart\nOh baby, oh baby\nThen it fell apart, it fell apart\nOh baby, oh baby\nLike it always does, always does\n\nExtreme sounds that told me\nThey held me down late at night\nI didn't have much to say\nI didn't get above the light\nI closed myself and closed my eyes\nAnd closed my world and never open up to anything\nThat could get me along\nI had to close down everything\nI had to close down my mind\nToo many things could cut me\nToo much can make me blind\nI've seen so much in so many places\nSo many heartaches, so many faces\nSo many dirty things\nYou couldn't even believe\n\nI would stand in line for this\nThere's always room in life for this\n\nOh baby, oh baby\nThen it fell apart, it fell apart\nOh baby, oh baby\nThen it fell apart, it fell apart\nOh baby, oh baby\nThen it fell apart, it fell apart\nOh baby, oh baby\nLike it always does, always does", "link": "https://www.youtube.com/watch?v=s0OWyoXNjcw", "date_published": "2021-10-07 00:00:00+00:00", "persistent": false, "user": null, "language": "en-US"}]