[{"source": "https://www.polsatnews.pl", "title": "Australia. Rz\u0105d chce zakaza\u0107 anonimowych komentarzy. Media spo\u0142eczno\u015bciowe to \"pa\u0142ac tch\u00f3rzy\"", "description": "Australia. Rz\u0105d chce zakaza\u0107 anonimowych komentarzy. Media spo\u0142eczno\u015bciowe to \"pa\u0142ac tch\u00f3rzy\"", "link": "https://www.polsatnews.pl/wiadomosc/2021-10-07/australia-rzad-chce-zakazac-anonimowych-komentarzy-media-spolecznosciowe-to-palac-tchorzy/", "date_published": "2021-10-07 20:22:14+00:00", "persistent": true, "user": null, "language": "pl", "tags": ["privacy", "big brother", "government control", "australia"]}]