[{"source": "http://rss.cnn.com/rss/edition.rss", "title": "Vaccine passports raise questions in US as other countries require them", "description": "CNN's Brian Todd takes a closer look at the use of vaccine passports as more countries in Europe require them.", "link": "https://www.cnn.com/videos/health/2021/07/26/vaccine-passports-covid-todd-pkg-tsr-vpx.cnn", "date_published": "2021-07-26 23:31:51+00:00", "persistent": false, "user": null, "language": "en-US"}, {"source": "http://rss.cnn.com/rss/edition.rss", "title": "'Real Housewife' walks into a beehive and jumps in pool to escape them", "description": "Watch reality TV star Kyle Richards jump in her pool to escape bees. CNN's Jeanne Moos has the stinging report.", "link": "https://www.cnn.com/videos/entertainment/2021/07/26/real-housewives-kyle-richards-bees-pool-moos-pkg-vpx.cnn", "date_published": "2021-07-26 23:14:25+00:00", "persistent": false, "user": null, "language": "en-US"}, {"source": "http://rss.cnn.com/rss/edition.rss", "title": "London floods are the latest sign that rich cities are dangerously unprepared for climate change", "description": "Cars stranded in streets turned to rivers. Bus passengers rescued by raft. Train stations submerged, sparking travel chaos.", "link": "https://www.cnn.com/2021/07/26/europe/london-flooding-infrastructure-climate-intl-cmd/index.html", "date_published": "2021-07-26 23:00:34+00:00", "persistent": false, "user": null, "language": "en-US"}, {"source": "http://rss.cnn.com/rss/edition.rss", "title": "'Unacceptable': Reporter reacts to Flynn's remark after he was gifted a rifle", "description": "CNN's Jake Tapper and Politico reporter Rachel Bade discuss recent inflammatory comments by Former Trump security adviser Michael Flynn after he was given an AR-15.", "link": "https://www.cnn.com/videos/politics/2021/07/26/michael-flynn-rifle-comments-vpx.cnn", "date_published": "2021-07-26 23:00:29+00:00", "persistent": false, "user": null, "language": "en-US"}, {"source": "http://rss.cnn.com/rss/edition.rss", "title": "See what Macron said about anti-vaccine protesters", "description": "France's President Emanuel Macron criticized protesters who believe they should be free to reject the Covid-19 vaccines.", "link": "https://www.cnn.com/videos/health/2021/07/26/macron-france-covid-19-pass-bitterman-vpx-new.cnn", "date_published": "2021-07-26 22:59:14+00:00", "persistent": false, "user": null, "language": "en-US"}, {"source": "http://rss.cnn.com/rss/edition.rss", "title": "US and China trade barbs after latest tense high-level meeting", "description": "", "link": "https://www.cnn.com/collections/intl-china-0726/", "date_published": "2021-07-26 22:34:27+00:00", "persistent": false, "user": null, "language": "en-US"}, {"source": "http://rss.cnn.com/rss/edition.rss", "title": "Beijing's regulatory crackdown hits stocks in China and the US", "description": "Allianz Chief Economic Adviser Mohamed El-Erian discusses China's regulatory crackdown on private education firms.", "link": "https://www.cnn.com/videos/business/2021/07/26/china-education-crackdown-stocks-qmb-vpx.cnnbusiness", "date_published": "2021-07-26 22:16:38+00:00", "persistent": false, "user": null, "language": "en-US"}, {"source": "http://rss.cnn.com/rss/edition.rss", "title": "Philip Morris wants cigarettes banned in the UK by 2030", "description": "Philip Morris International says it will stop selling Marlboro cigarettes in Britain within a decade as it called on the UK government to ban the sale of its tobacco products.", "link": "https://www.cnn.com/2021/07/26/business/philip-morris-cigarette-ban/index.html", "date_published": "2021-07-26 20:49:53+00:00", "persistent": false, "user": null, "language": "en-US"}, {"source": "http://rss.cnn.com/rss/edition.rss", "title": "What Sarah Sanders gets wrong about the Covid-19 vaccine", "description": "Here's the headline out of an op-ed Sarah Sanders wrote in the Arkansas Democrat Gazette on Sunday: She got vaccinated \"a few months ago\" against the Covid-19 virus.", "link": "https://www.cnn.com/2021/07/26/politics/sarah-sanders-vaccination-covid-19/index.html", "date_published": "2021-07-26 20:26:44+00:00", "persistent": false, "user": null, "language": "en-US"}, {"source": "http://rss.cnn.com/rss/edition.rss", "title": "Parents slam US attempt to suppress intelligence work details of woman accused of killing teen son", "description": "", "link": "https://www.cnn.com/2021/07/26/uk/anne-sacoolas-intelligence-work-harry-dunn-intl/index.html", "date_published": "2021-07-26 20:04:41+00:00", "persistent": false, "user": null, "language": "en-US"}, {"source": "http://rss.cnn.com/rss/edition.rss", "title": "7 people dead, several more injured after sandstorm leads to 20-vehicle crash", "description": "Six people are dead and several more were critically injured when authorities say a sand or dust storm caused visibility issues that led to a series of crashes involving 20 vehicles in Utah Sunday evening.", "link": "https://www.cnn.com/2021/07/26/us/utah-sandstorm-multi-vehicle-crash/index.html", "date_published": "2021-07-26 19:45:18+00:00", "persistent": false, "user": null, "language": "en-US"}, {"source": "http://rss.cnn.com/rss/edition.rss", "title": "Biden to announce end of combat mission in Iraq as he shifts US foreign policy focus", "description": "President Joe Biden will agree Monday to formally conclude the US combat mission in Iraq by the end of the year, another step toward winding down the two prolonged military engagements that began in the years following the September 11 terror attacks.", "link": "https://www.cnn.com/2021/07/26/politics/joe-biden-iraq/index.html", "date_published": "2021-07-26 19:19:41+00:00", "persistent": false, "user": null, "language": "en-US"}, {"source": "http://rss.cnn.com/rss/edition.rss", "title": "Math genius just pulled off one of the biggest shocks in Olympics history", "description": "", "link": "https://www.cnn.com/collections/intl-olympics-0725/", "date_published": "2021-07-26 17:41:02+00:00", "persistent": false, "user": null, "language": "en-US"}, {"source": "http://rss.cnn.com/rss/edition.rss", "title": "Canada's first Indigenous governor general is installed", "description": "Indigenous leader and advocate Mary Simon has been installed as Canada's governor general.", "link": "https://www.cnn.com/2021/07/26/americas/mary-simon-governor-general-canada/index.html", "date_published": "2021-07-26 17:40:53+00:00", "persistent": false, "user": null, "language": "en-US"}, {"source": "http://rss.cnn.com/rss/edition.rss", "title": "See disaster-stricken lagoon turned pink", "description": "A lagoon in Argentina has turned pink after experts and activists say the water was polluted from a nearby factory.", "link": "https://www.cnn.com/videos/world/2021/07/26/pink-lagoon-trelew-argentina-ctw-vpx.cnn", "date_published": "2021-07-26 16:50:04+00:00", "persistent": false, "user": null, "language": "en-US"}, {"source": "http://rss.cnn.com/rss/edition.rss", "title": "The Math PhD who pulled off one of the biggest shocks in Olympics history", "description": "\u2022 Philippines gets its first ever gold medal \n\u2022 Who else won gold medals on Monday", "link": "https://www.cnn.com/2021/07/26/sport/anna-kiesenhofer-olympic-gold-tokyo-2020-spt-intl/index.html", "date_published": "2021-07-26 16:36:31+00:00", "persistent": false, "user": null, "language": "en-US"}, {"source": "http://rss.cnn.com/rss/edition.rss", "title": "Tunisia political turmoil deepens as President sacks prime minister, freezes Parliament", "description": "Tunisia's president dismissed the government and froze parliament on Sunday, prompting crowds to fill major cities in support of a move that dramatically escalated a political crisis, but that his opponents called a coup.", "link": "https://www.cnn.com/2021/07/25/africa/tunisian-president-sacks-prime-minster-intl-hnk/index.html", "date_published": "2021-07-26 16:10:26+00:00", "persistent": false, "user": null, "language": "en-US"}, {"source": "http://rss.cnn.com/rss/edition.rss", "title": "'The Simpsons' is doing something it's never done before", "description": "\"The Simpsons\" will kick of its 33rd season with an all-musical episode.", "link": "https://www.cnn.com/videos/media/2021/07/26/the-simpsons-musical-episode-mxp-vpx.hln", "date_published": "2021-07-26 14:34:06+00:00", "persistent": false, "user": null, "language": "en-US"}, {"source": "http://rss.cnn.com/rss/edition.rss", "title": "Why Germany's gymnasts are wearing body-covering unitards at the Tokyo Games", "description": "The German women's gymnastics team has forgone bikini-cut unitards in favor of full-body versions at the Tokyo Olympics, in what the German Gymnastics Federation has branded a statement against \"sexualization.\"", "link": "https://www.cnn.com/2021/07/26/sport/tokyo-germany-unitard-intl-scli-spt/index.html", "date_published": "2021-07-26 14:24:48+00:00", "persistent": false, "user": null, "language": "en-US"}, {"source": "http://rss.cnn.com/rss/edition.rss", "title": "Bipartisan infrastructure talks sputtering along with little time left", "description": "After spending the weekend negotiating, lawmakers have yet to clinch a bipartisan infrastructure deal, a precarious sign for senators who have months trying to cement a massive, bipartisan win for President Joe Biden.", "link": "https://www.cnn.com/2021/07/26/politics/infrastructure-talks-state-of-play/index.html", "date_published": "2021-07-26 14:05:12+00:00", "persistent": false, "user": null, "language": "en-US"}, {"source": "http://rss.cnn.com/rss/edition.rss", "title": "Huge sandstorm engulfs city in China", "description": "A sandstorm as high as 100 meters (328 feet) hit Dunhuang City in northwestern China on July 25. Local police imposed traffic controls on the city's expressway as visibility reduced to less than five meters.", "link": "https://www.cnn.com/videos/world/2021/07/26/china-sandstorm-dunhuang-gobi-desert-lon-orig-tp.cnn", "date_published": "2021-07-26 13:54:33+00:00", "persistent": false, "user": null, "language": "en-US"}, {"source": "http://rss.cnn.com/rss/edition.rss", "title": "Civilian casualties in Afghanistan hit record high amid US withdrawal, UN says", "description": "Civilian casualties in Afghanistan reached record levels in the first half of 2021, the United Nations warned Monday, noting that deaths and injuries spiked markedly from May when the United States and its allies began withdrawing troops from the country.", "link": "https://www.cnn.com/2021/07/26/asia/afghanistan-civilian-deaths-2021-us-taliban-intl/index.html", "date_published": "2021-07-26 12:31:11+00:00", "persistent": false, "user": null, "language": "en-US"}, {"source": "http://rss.cnn.com/rss/edition.rss", "title": "'What you're doing is unprecedented': McCarthy-Pelosi feud boils over", "description": "The relationship between House Speaker Nancy Pelosi and Minority Leader Kevin McCarthy was never very warm. Now it's in the down-right gutter.", "link": "https://www.cnn.com/2021/07/26/politics/kevin-mccarthy-nancy-pelosi-relationship-january-6-committee/index.html", "date_published": "2021-07-26 12:14:35+00:00", "persistent": false, "user": null, "language": "en-US"}, {"source": "http://rss.cnn.com/rss/edition.rss", "title": "China's escalating crackdown on business is moving stocks", "description": "The whims of regulators in Beijing have always posed a risk to investors looking to tap into growth in China, the world's second largest economy. But navigating a worsening crackdown on private business is becoming increasingly tricky.", "link": "https://www.cnn.com/2021/07/26/investing/premarket-stocks-trading/index.html", "date_published": "2021-07-26 12:09:28+00:00", "persistent": false, "user": null, "language": "en-US"}, {"source": "http://rss.cnn.com/rss/edition.rss", "title": "China looks to outshine Japan at next year's winter Olympic games", "description": "These are not the Olympics of Japan's dreams. The Games were supposed to be a comeback after decades of economic stagnation and devastation from the 2011 Fukushima nuclear disaster. With geopolitical rival China hosting the Winter Olympics, Japan wants to avoid losing center stage. CNN's Selina Wang reports.", "link": "https://www.cnn.com/videos/sports/2021/07/26/geopolitical-rivals-china-japan-olympic-games-wang-dnt-newday-vpx.cnn", "date_published": "2021-07-26 11:57:21+00:00", "persistent": false, "user": null, "language": "en-US"}, {"source": "http://rss.cnn.com/rss/edition.rss", "title": "China's private education firms are the latest targets of Beijing's crackdown", "description": "Chinese officials are turning their crackdown on private business to yet another industry: education.", "link": "https://www.cnn.com/2021/07/26/investing/china-education-crackdown-intl-hnk/index.html", "date_published": "2021-07-26 11:16:29+00:00", "persistent": false, "user": null, "language": "en-US"}, {"source": "http://rss.cnn.com/rss/edition.rss", "title": "'Home and Away' star dead at 45", "description": "Dieter Brummer, the Australian actor best known for his role as heartthrob Shane Parrish on TV soap \"Home and Away,\" has died at the age of 45.", "link": "https://www.cnn.com/2021/07/26/entertainment/dieter-brummer-dies-intl-scli/index.html", "date_published": "2021-07-26 11:07:09+00:00", "persistent": false, "user": null, "language": "en-US"}, {"source": "http://rss.cnn.com/rss/edition.rss", "title": "Bitcoin, dogecoin and ethereum are suddenly having another great week", "description": "Cryptocurrencies rallied Monday, just a week after they were hit by a major sell-off.", "link": "https://www.cnn.com/2021/07/26/investing/bitcoin-price-dogecoin-ethereum-intl-hnk/index.html", "date_published": "2021-07-26 09:22:10+00:00", "persistent": false, "user": null, "language": "en-US"}, {"source": "http://rss.cnn.com/rss/edition.rss", "title": "Trump's appointees are turning the Supreme Court to the right with different tactics", "description": "The three appointees of former President Donald Trump have together sealed the Supreme Court's conservatism for a generation, but they have revealed strikingly different methods. They diverge in their regard for practical consequences, their desire to lay down markers for future disputes and their show of internal rivalries.", "link": "https://www.cnn.com/2021/07/26/politics/trump-kavanaugh-gorsuch-barrett-supreme-court/index.html", "date_published": "2021-07-26 09:02:31+00:00", "persistent": false, "user": null, "language": "en-US"}, {"source": "http://rss.cnn.com/rss/edition.rss", "title": "Huge wildlife camera trap study is turned into a game", "description": "Tasked with photographing one of the world's most elusive big cats, you trek deep into the lush jungle of Southeast Asia and set up a camera trap. Back at base camp, you methodically comb through the images it captures, identifying monkeys, otters and finally, what you've been searching for: the mysterious clouded leopard.", "link": "https://www.cnn.com/2021/07/26/world/unseen-empire-camera-trap-game-spc-intl/index.html", "date_published": "2021-07-26 08:38:22+00:00", "persistent": false, "user": null, "language": "en-US"}, {"source": "http://rss.cnn.com/rss/edition.rss", "title": "Tens of thousands of customers remain without power after tornadoes tore through Michigan", "description": "Thousands of customers are still without power after three tornadoes tore through Michigan over the weekend, leaving damage, debris and power outages across the Detroit area.", "link": "https://www.cnn.com/2021/07/26/weather/michigan-weekend-tornado-outages/index.html", "date_published": "2021-07-26 08:23:56+00:00", "persistent": false, "user": null, "language": "en-US"}, {"source": "http://rss.cnn.com/rss/edition.rss", "title": "Sydney Covid cases expected to rise after anti-lockdown protest as two charged for allegedly hitting police horse", "description": "Two men have been charged with animal cruelty for allegedly striking a police horse during anti-lockdown protests in Sydney, Australia on Saturday, police said, as daily Covid-19 cases in New South Wales state continue to rise.", "link": "https://www.cnn.com/2021/07/26/asia/sydney-covid-lockdown-protest-horse-intl-hnk/index.html", "date_published": "2021-07-26 07:58:03+00:00", "persistent": false, "user": null, "language": "en-US"}, {"source": "http://rss.cnn.com/rss/edition.rss", "title": "The Soviet spy steam railway that's still running", "description": "Deep in the dense green forests of Germany's Mittelgebirge central mountains lies a remarkable railway that has survived war, political upheaval, Cold War tension and repression, economic hardship and repeated threats of closure.", "link": "https://www.cnn.com/travel/article/harz-railway-germany-cmd/index.html", "date_published": "2021-07-26 06:03:04+00:00", "persistent": false, "user": null, "language": "en-US"}, {"source": "http://rss.cnn.com/rss/edition.rss", "title": "Pakistani Taliban leader reacts to Afghan gains after US withdrawal", "description": "In a CNN exclusive, Noor Wali Mehsud, the leader of Pakistan's Tehrik-i-Taliban, discusses the group's relationship with Afghanistan's Taliban in his first television interview. CNN's Nic Robertson reports.", "link": "https://www.cnn.com/videos/world/2021/07/26/pakistan-taliban-leader-robertson-pkg-intl-vpx.cnn", "date_published": "2021-07-26 05:33:11+00:00", "persistent": false, "user": null, "language": "en-US"}, {"source": "http://rss.cnn.com/rss/edition.rss", "title": "Analysis: Critics say Xi has made himself the biggest threat to the Communist Party", "description": "In January 2013, months after taking the helm of China's ruling party, Xi Jinping gathered the country's top politicians and asked them why the Communist Party of the Soviet Union had collapsed.", "link": "https://www.cnn.com/2021/07/25/china/xi-jinping-ccp-100-party-intl-hnk/index.html", "date_published": "2021-07-26 02:46:02+00:00", "persistent": false, "user": null, "language": "en-US"}, {"source": "http://rss.cnn.com/rss/edition.rss", "title": "US Air Force to send dozens of F-22 fighter jets to the Pacific amid tensions with China", "description": "The United States Air Force is sending more than two dozen F-22 stealth fighters to an exercise in the western Pacific this month, an unusually large deployment of the powerful jets that analysts say sends a strong message to a possible adversary in China.", "link": "https://www.cnn.com/2021/07/15/asia/us-air-force-f-22-guam-tinian-exercise-intl-hnk-ml/index.html", "date_published": "2021-07-26 02:17:38+00:00", "persistent": false, "user": null, "language": "en-US"}, {"source": "http://rss.cnn.com/rss/edition.rss", "title": "US general vows to continue airstrikes supporting Afghan troops fighting Taliban", "description": "The US will continue airstrikes in support of Afghan forces fighting the Taliban, a top US general said Sunday.", "link": "https://www.cnn.com/2021/07/25/politics/us-supports-afghanistan-fighting-taliban/index.html", "date_published": "2021-07-26 01:33:44+00:00", "persistent": false, "user": null, "language": "en-US"}, {"source": "http://rss.cnn.com/rss/edition.rss", "title": "Thunderstorms cause flash flooding in London", "description": "\u2022 More than 130 dead in India as rains trigger floods, landslides\n\u2022 California's largest wildfire is threatening thousands of structures", "link": "https://www.cnn.com/2021/07/25/weather/uk-london-floods-transport/index.html", "date_published": "2021-07-26 00:59:36+00:00", "persistent": false, "user": null, "language": "en-US"}, {"source": "http://rss.cnn.com/rss/edition.rss", "title": "Cops rush to lift car off of trapped baby and mom", "description": "Two police officers and bystanders saved an 8-month-old baby who became trapped underneath a car after a driver hit a 36-year-old mother and her baby in Yonkers, New York, according to a press release from the Yonkers Police Department.", "link": "https://www.cnn.com/videos/us/2021/07/25/new-york-police-save-mother-baby-trapped-under-car-nr-vpx.cnn", "date_published": "2021-07-26 00:20:54+00:00", "persistent": false, "user": null, "language": "en-US"}]