[{"source": "https://www.youtube.com/feeds/videos.xml?channel_id=UCyl5V3-J_Bsy3x-EBCJwepg", "title": "Aliens, Sci-Fi, and Christianity | The Dr. Jeff Zweerink Interview", "description": "On The Babylon Bee Interview Show, Kyle and Ethan talk to Dr. Jeff Zweerink about aliens, accurate Sci-Fi movies, and being a scientist and a Christian. Dr. Jeff is a senior research scholar at Reasons To Believe. He holds a Ph.D. in Astrophysics and has debated Ken Ham on the age of the earth on the Unbelievable radio program. He struggled earlier in life with how to reconcile his biblical training and love for science. But when he first heard Hugh Ross, President & Founder of Reasons To Believe and an astrophysicist, speak at Iowa State University, Dr. Zweerink began to think he could combine science and faith together with his life\u2019s work.\n\nIf you're hopelessly fascinated by the world of celebrity relationships, you can find Young & Holmes podcast episodes every two weeks on the podcast platform of your choice. You can also visit youngandholmes.com for more info.\n\nSubmit Your Own Headlines and Become a Premium Subscriber: https://babylonbee.com/plans\n\nThe Official The Babylon Bee Store: https://shop.babylonbee.com\u200b\u200b\u200b\u200b\nFollow The Babylon Bee:\nWebsite: https://babylonbee.com\u200b\u200b\u200b\u200b\nTwitter: http://twitter.com/thebabylonbee\n\u200b\u200b\u200b\u200bFacebook: http://facebook.com/thebabylonbee\n\u200b\u200b\u200b\u200bInstagram: http://instagram.com/thebabylonbee\u200b", "link": "https://www.youtube.com/watch?v=beya_FHe98Q", "date_published": "2021-07-27 00:00:00+00:00", "persistent": false, "user": null, "language": "en-US"}, {"source": "https://www.youtube.com/feeds/videos.xml?channel_id=UCyl5V3-J_Bsy3x-EBCJwepg", "title": "US Women\u2019s Soccer Team To Boycott Scoring Goals Until Racism Is Defeated", "description": "Megan Rapinoe and the US Women\u2019s Soccer team have made history at the Olympics by not scoring a single goal to bring awareness to racism. Brave. Stunning. And other buzz words.\n\nBecome a premium subscriber:  https://babylonbee.com/plans\n\nThe Official The Babylon Bee Store:  https://shop.babylonbee.com/\n\nFollow The Babylon Bee:\nWebsite: https://babylonbee.com/\nTwitter: https://twitter.com/thebabylonbee\nFacebook: https://www.facebook.com/TheBabylonBee\nInstagram: http://instagram.com/thebabylonbee", "link": "https://www.youtube.com/watch?v=dTPlDTSGUg8", "date_published": "2021-07-27 00:00:00+00:00", "persistent": false, "user": null, "language": "en-US"}, {"source": "https://www.youtube.com/feeds/videos.xml?channel_id=UCyl5V3-J_Bsy3x-EBCJwepg", "title": "INCLUSIVE Official Trailer | The Most Representative Love Story Ever Told", "description": "Check out the trailer for the more representative love story ever told: INCLUSIVE. Never in the history of film has a male lead been more representative of every race, gender, and disability. While it may not be the most original plot or even marginally good writing, INCLUSIVE is the most important movie ever made. Go see it today unless you are highly intolerant!\n\nBecome a premium subscriber:  https://babylonbee.com/plans\n\nThe Official The Babylon Bee Store:  https://shop.babylonbee.com/\n\nFollow The Babylon Bee:\nWebsite: https://babylonbee.com/\nTwitter: https://twitter.com/thebabylonbee\nFacebook: https://www.facebook.com/TheBabylonBee\nInstagram: http://instagram.com/thebabylonbee", "link": "https://www.youtube.com/watch?v=DdUNRsyWfzo", "date_published": "2021-07-26 00:00:00+00:00", "persistent": false, "user": null, "language": "en-US"}]