[{"source": "https://www.youtube.com/feeds/videos.xml?channel_id=UCwUizOU8pPWXdXNniXypQEQ", "title": "When the White House Censors Your Texts\u2026", "description": "Grab your Blood Sugar Breakthrough at https://bloodsugarbreakthrough.health/jp20\nUse Discount Code \"AWJP\" for a Deal\n\nCheck Out My Merch Here - https://awakenwithjp.com\n\nTake a stand against censorship. Join my Awakened Warriors Email List - https://awakenwithjp.com/joinme\n\nHere\u2019s what it will look like when the White House starts censoring your texts. After the Biden administration announced it wants to work with SMS carriers to censor miss information from text messages, this is what the world will look like with increased thought police protecting you from freedom of speech on your own phone.\n\nListen and Subscribe to my Podcast here: \nhttps://apple.co/3fFTbPC\nAlso available everywhere else you get podcasts. Just search and subscribe to \"Awaken With JP Sears Show\"\n\nConnect with me at: \nhttp://www.facebook.com/AwakenWithJP\nhttp://www.Instagram.com/AwakenWithJP\nhttp://www.twitter.com/AwakenWithJP\nhttps://mewe.com/p/awakenwithjp\nhttps://parler.com/profile/AwakenWithJP\nhttp://www.AwakenWithJP.com", "link": "https://www.youtube.com/watch?v=Ncd7YUr3nsQ", "date_published": "2021-07-27 00:00:00+00:00", "persistent": false, "user": null, "language": "en-US"}]