[{"source": "https://www.youtube.com/feeds/videos.xml?channel_id=UCd8y8CQDaFIiJok7tifKJUQ", "title": "It's Already Happening But People Don't See It - Alan Watts on Rat Race", "description": "An inspirational and profound speech by Alan Watts on the Rat Race and how to free yourself from it Alan Watts\n\nVideo Produced and Edited by Unlimited Consciousness.", "link": "https://www.youtube.com/watch?v=iYaPFZW7Q30", "date_published": "2021-07-27 00:00:00+00:00", "persistent": true, "user": "rumpel", "language": "en", "tags": ["lifestyle", "alan watts", "psychology", "motivation"]}]