[{"source": "https://www.youtube.com/feeds/videos.xml?channel_id=UCswH8ovgUp5Bdg-0_JTYFNw", "title": "The Mainstream Media Are Trying To Start A CIVIL WAR!!", "description": "I spoke with #TimPool on my Under the Skin podcast - in it Tim describes how the US have already entered into a psychological civil war! You can listen to the rest of my podcast with Tim Pool on Apple Podcasts here:  http://apple.co/russell \n\nElites are taking over! Our only hope is to form our own. To learn more join my cartel here https://www.russellbrand.com/join and get weekly bulletins too incendiary for anything but your private inbox.\n*not a euphemism\n\nListen to my Luminary Original podcast, Under The Skin, to hear from guests including Edward Snowden, Jonathan Haidt, Jordan Peterson, Naomi Klein, Kehinde Andrews, Adam Curtis and Vandana Shiva.\nSubscribe to Luminary at http://apple.co/russell \n\nMy NEW weekly meditation podcast, Above the Noise, is available now only on Luminary.\n\nSEE ME LIVE! Check out my live events and buy tickets here https://www.russellbrand.com/live-dates/ \n\nMy Audible Original, \u2018Revelation', is out NOW!\nUS: http://adbl.co/revelation\nUK: http://adbl.co/revelationuk\nAU: http://adbl.co/revelationau\nCA: http://adbl.co/revelationca\n\nFor meditation and breath work, subscribe to my side-channel: \nhttps://www.youtube.com/c/AwakeningWithRussell\n\nInstagram: \nhttp://instagram.com/russellbrand/\n\nTwitter: \nhttp://twitter.com/rustyrockets\n\nProduced by Jenny May Finn", "link": "https://www.youtube.com/watch?v=Egq8M3c_9pQ", "date_published": "2021-09-14 00:00:00+00:00", "persistent": false, "user": null, "language": "en-US"}, {"source": "https://www.youtube.com/feeds/videos.xml?channel_id=UCswH8ovgUp5Bdg-0_JTYFNw", "title": "Covid & Health: Why Can't We TALK ABOUT The Science?!!", "description": "The CEO of salad chain Sweetgreen is facing accusations of fatphobia after he claimed in a since-deleted LinkedIn post that Covid is linked to obesity. \n#Sweetgreen #Covid #health #science\n\nSources: \nhttps://www.independent.co.uk/life-style/sweetgreen-ceo-obesity-covid-b1913329.html\nhttps://www.cnbc.com/2021/03/08/covid-cdc-study-finds-roughly-78percent-of-people-hospitalized-were-overweight-or-obese.html\nhttps://www.cnbc.com/2021/09/01/sweetgreen-ceos-linkedin-post-tying-covid-deaths-to-obesity-draws-backlash.html\nhttps://www.rt.com/op-ed/533240-bad-habits-lockdowns-covid/\n\nElites are taking over! Our only hope is to form our own. To learn more join my cartel here https://www.russellbrand.com/join and get weekly bulletins too incendiary for anything but your private inbox.\n*not a euphemism\n\nListen to my Luminary Original podcast, Under The Skin, to hear from guests including Edward Snowden, Jonathan Haidt, Jordan Peterson, Naomi Klein, Kehinde Andrews, Adam Curtis and Vandana Shiva.\nSubscribe to Luminary at http://apple.co/russell \n\nMy NEW weekly meditation podcast, Above the Noise, is available now only on Luminary.\n\nSEE ME LIVE! Check out my live events and buy tickets here https://www.russellbrand.com/live-dates/ \n\nMy Audible Original, \u2018Revelation', is out NOW!\nUS: http://adbl.co/revelation\nUK: http://adbl.co/revelationuk\nAU: http://adbl.co/revelationau\nCA: http://adbl.co/revelationca\n\nFor meditation and breath work, subscribe to my side-channel: \nhttps://www.youtube.com/c/AwakeningWithRussell\n\nInstagram: \nhttp://instagram.com/russellbrand/\n\nTwitter: \nhttp://twitter.com/rustyrockets", "link": "https://www.youtube.com/watch?v=y0PYlLQn_YM", "date_published": "2021-09-13 00:00:00+00:00", "persistent": false, "user": null, "language": "en-US"}]