[{"source": "https://www.youtube.com/feeds/videos.xml?channel_id=UCSJPFQdZwrOutnmSFYtbstA", "title": "The Matrix Resurrections - Cool Trailer, But Why Now?", "description": "So we're getting a fourth Matrix movie, apparently. Nearly 20 years after the original trilogy ended. Grab your red pills and join me as I break down the trailer, and my thoughts on the upcoming movie.", "link": "https://www.youtube.com/watch?v=xnyEaDyhMBs", "date_published": "2021-09-13 00:00:00+00:00", "persistent": false, "user": null, "language": "en-US"}]