[{"source": "https://www.youtube.com/feeds/videos.xml?channel_id=UCzQUP1qoWDoEbmsQxvdjxgQ", "title": "The Craziness of Miami with Billy Corben", "description": "Taken from JRE #1706 w/Billy Corben:\nhttps://open.spotify.com/episode/5cyr3P7FzRpjFUrRkH6fGt?si=MIVV5OWASXOVu_eQ6Rrzaw&dl_branch=1", "link": "https://www.youtube.com/watch?v=d4Xud2Gqoxk", "date_published": "2021-09-14 00:00:00+00:00", "persistent": false, "user": null, "language": "en-US"}, {"source": "https://www.youtube.com/feeds/videos.xml?channel_id=UCzQUP1qoWDoEbmsQxvdjxgQ", "title": "The Time Billy Corben Met Janet Jackson", "description": "Taken from JRE #1706 w/Billy Corben:\nhttps://open.spotify.com/episode/5cyr3P7FzRpjFUrRkH6fGt?si=MIVV5OWASXOVu_eQ6Rrzaw&dl_branch=1", "link": "https://www.youtube.com/watch?v=5nW53a_RhYg", "date_published": "2021-09-14 00:00:00+00:00", "persistent": false, "user": null, "language": "en-US"}]