[{"source": "https://www.youtube.com/feeds/videos.xml?channel_id=UC-2YHgc363EdcusLIBbgxzg", "title": "5 Reasons The Victorian Era Was Utter Insanity | Answers With Joe", "description": "Use code JOESCOTT14 to get 14 FREE MEALS across your first 5 HelloFresh boxes plus free shipping at https://bit.ly/3qmkZPn !\nThe Victorian Era was an age of new discoveries and technologies that changed everything about the way we live. It basically created the modern world as we know it. But that time of transition also led to some very, very weird ideas and dangers that seem baffling today.\n\nHere's the video that includes the intro about L'Innconoe:\nhttps://youtu.be/xHIooZqKesM\n\n\nWatch this video ad-free on Nebula: https://nebula.tv/videos/joe-scott-5-reasons-the-victorian-era-was-utter-insanity\n\nWant to support the channel? Here's how:\n\nPatreon: http://www.patreon.com/answerswithjoe\nChannel Memberships: https://www.youtube.com/channel/UC-2YHgc363EdcusLIBbgxzg/join\nT-Shirts & Merch: http://www.answerswithjoe.com/store\n\nCheck out my 2nd channel, Joe Scott TMI:\nhttps://www.youtube.com/channel/UCqi721JsXlf0wq3Z_cNA_Ew\n\nInterested in getting a Tesla or going solar? Use my referral link and get discounts and perks:\nhttps://ts.la/joe74700\n\nFollow me at all my places!\nInstagram: https://instagram.com/answerswithjoe\nTikTok: https://www.tiktok.com/@answerswithjoe\nFacebook: http://www.facebook.com/answerswithjoe\nTwitter: https://www.twitter.com/answerswithjoe\n\nLINKS LINKS LINKS:\n\nhttps://www.britannica.com/biography/Carl-Wilhelm-Scheele\n\nhttps://www.smithsonianmag.com/smart-news/victorian-wallpaper-got-its-gaudy-colors-poison-180962709/\n\nAbsolute History: https://youtu.be/K3Jef7i7v1U\n\nhttps://allthatsinteresting.com/victorian-facts\n\nhttps://www.theatlantic.com/national/archive/2011/04/fdr-grew-up-in-a-dress-it-wasnt-always-blue-for-boys-and-pink-for-girls/237299/\n\nhttps://thevictorianhistorian.com/beauty-fashion/\n\nhttps://theconversation.com/air-pollution-in-victorian-era-britain-its-effects-on-health-now-revealed-87208\n\nhttps://allthatsinteresting.com/victorian-death-photos\n\nhttps://victorianchildren.org/victorian-child-labor/\n\nhttps://fiveminutehistory.com/how-the-power-of-pictures-helped-end-child-labor-in-the-united-states/\n\nhttps://www.historyextra.com/period/victorian/the-rise-and-fall-of-the-workhouse/\n\nhttps://www.historic-uk.com/HistoryUK/HistoryofBritain/Victorian-Workhouse/\n\nhttps://www.historic-uk.com/CultureUK/Two-Penny-Hangover/\n\nhttps://wonderfulcollection.wordpress.com/2015/05/13/a-penny-for-your-lodgings/\n\nhttps://historycollection.com/grim-realities-of-life-in-londons-19th-century-slums/9/\n\nhttps://www.atlasobscura.com/articles/the-history-of-hermits-in-gardens\n\nThe History Guy's episode on The Great Stink: https://youtu.be/jD7nRrSH_VE\n\nhttps://www.historic-uk.com/HistoryUK/HistoryofBritain/Londons-Great-Stink/\n\nhttps://www.smithsonianmag.com/smithsonian-institution/great-moon-hoax-was-simply-sign-its-time-180955761/", "link": "https://www.youtube.com/watch?v=3IDN9gTAtjg", "date_published": "2021-09-13 00:00:00+00:00", "persistent": false, "user": null, "language": "en-US"}]