[{"source": "https://www.forbes.com", "title": "A Bill Gates Venture Aims To Spray Dust Into The Atmosphere To Block The Sun. What Could Go Wrong?", "description": "A Bill Gates Venture Aims To Spray Dust Into The Atmosphere To Block The Sun. What Could Go Wrong?", "link": "https://www.forbes.com/sites/arielcohen/2021/01/11/bill-gates-backed-climate-solution-gains-traction-but-concerns-linger/", "date_published": "2021-01-11 12:53:15+00:00", "persistent": true, "user": "rumpel", "language": "en", "tags": ["bill gates", "atmosphere", "climate change", "sun-dimming"]}]