[{"source": "https://www.youtube.com/feeds/videos.xml?channel_id=UCH4BNI0-FOK2dMXoFtViWHw", "title": "Why Do We Lie?", "description": "PBS Member Stations rely on viewers like you. To support your local station, go to: http://to.pbs.org/DonateOKAY\n\u2193 More info and sources below \u2193\n\nWe\u2019re on PATREON! Join the community \u25ba\u25ba https://www.patreon.com/itsokaytobesmart\nSUBSCRIBE so you don\u2019t miss a video! \u25ba\u25ba http://bit.ly/iotbs_sub\n\nEveryone lies. Even you and even me. We lie about small things and we lie about big things. We lie to help ourselves and we lie to protect others. Powerful people lie, all the way down to little kids telling fibs. Why do we do this if we\u2019re supposed to be the most socially developed species on Earth? Why can\u2019t we tell the truth? Are we doomed to lie? Well, maybe. Here\u2019s why.\n\nReferences: https://sites.google.com/view/whydowelie-references/home\n\n-----------\n\nSpecial thanks to our Brain Trust Patrons:\n\nAhmed Elkhanany\nZenimal\nSalih Arslan\nBaerbel Winkler\nDenzel Holmes\nRobert Young\nAmy Sowada\nBenjamin Teinby\nEric Meer\nJay Stephens\nPeter Ehrnstrom\nDustin\nMarcus Tuepker\nKaren Haskell\nAlecZero \nDiego Lombeida\n\nJoin us on Patreon! \nhttps://patreon.com/itsokaytobesmart\n\nTwitter \nhttp://www.twitter.com/DrJoeHanson\nhttp://www.twitter.com/okaytobesmart \n\nInstagram \nhttp://www.instagram.com/DrJoeHanson \nhttp://www.instagram.com/okaytobesmart \n\nMerch\nhttps://store.dftba.com/collections/its-okay-to-be-smart\n\nFacebook\nhttps://www.facebook.com/itsokaytobesmartpbs/", "link": "https://www.youtube.com/watch?v=BvLf63krM2g", "date_published": "2021-01-11 00:00:00+00:00", "persistent": false, "user": null, "language": "en-US"}]