[{"source": "https://edition.cnn.com", "title": "Parler app has now been booted by Amazon, Apple and Google | CNN Business", "description": "Parler app has now been booted by Amazon, Apple and Google | CNN Business", "link": "https://edition.cnn.com/2021/01/09/tech/parler-suspended-apple-app-store/index.html", "date_published": "2021-01-11 15:10:39+00:00", "persistent": true, "user": "rumpel", "language": "en", "tags": ["apple", "january 6", "censorship", "moderation", "parler", "google", "amazon"]}]