[{"source": "https://www.youtube.com/feeds/videos.xml?channel_id=UCBJycsmduvYEL83R_U4JriQ", "title": "What Happened to OnePlus?", "description": "It is possible to outgrow your original intentions.\nOnePlus and enthusiast brands vs their inevitable change...\nYou either die a hero or live long enough to see yourself become the villain\nTechAltar video: https://youtu.be/FJgTKx-rg18\n\nMKBHD Merch: http://shop.MKBHD.com\n\nTech I'm using right now: https://www.amazon.com/shop/MKBHD\n\nIntro Track: Slow Down, Start Over\nPlaylist of MKBHD Intro music: https://goo.gl/B3AWV5\n\n~\nhttp://twitter.com/MKBHD\nhttp://instagram.com/MKBHD\nhttp://facebook.com/MKBHD", "link": "https://www.youtube.com/watch?v=9EOAEWC9hJ4", "date_published": "2021-01-12 00:00:00+00:00", "persistent": false, "user": null, "language": "en-US"}]