[{"source": "https://www.youtube.com/feeds/videos.xml?channel_id=UCwUizOU8pPWXdXNniXypQEQ", "title": "Big Tech Cleans House! - Everything We Want You To Think", "description": "Get your Cacao Bliss Here - https://earthechofoods.com/jpsears\nDiscount code for 15% off  - JP \n\nTake a stand against censorship. Join my Awakened Warriors Email List - https://awakenwithjp.com/joinme\n\nAre you interested in becoming a sponsor with your product or service? Are you also aligned with our mission of freedom from fear? If so, please email me at: sponsorship@awakenwithjp.com\n\nBig tech cleans house! Here\u2019s everything we want you to think. Twitter and Facebook permanently banned Trump. Apple, Google, and Amazon, team up to take down Parler. Freedom of speech has never been better protected, because the assault on it has never been more intense.\n\n*For Comedy Show schedule and tickets: https://awakenwithjp.com/events/\n-My NEW Awakened Shirts are available! Claim yours here: https://awakenwithjp.com/shop\n\nListen and Subscribe to my NEW Podcast here: \nhttps://apple.co/3fFTbPC\nIt's also available everywhere else you get podcasts. Just search and subscribe to \"Awaken With JP Sears Show\"\n\nConnect with me at: \nhttp://www.facebook.com/AwakenWithJP\nhttp://www.Instagram.com/AwakenWithJP\nhttp://www.twitter.com/AwakenWithJP\nhttps://parler.com/profile/AwakenWithJP\nhttp://www.AwakenWithJP.com", "link": "https://www.youtube.com/watch?v=mZGayFkjku8", "date_published": "2021-01-12 00:00:00+00:00", "persistent": false, "user": null, "language": "en-US"}]