[{"source": "https://www.youtube.com/feeds/videos.xml?channel_id=UCSiPjfAJBgbFlIUsxOWpK0w", "title": "We interviewed the director of The Social Dilemma", "description": "Gardenview out now, listen on Spotify (https://sptfy.com/gardenview) or wherever you listen to music.\n\n Jack and I sat down to interview our friend Jeff Orlowski about his documentary, \u201cThe Social Dilemma.\u201d  thesocialdilemma.com\n\nAt the time, it felt relevant, but in the last week it\u2019s become a more urgent topic of discussion - especially around how to regulate it and stop the spread of misinformation. More than anything, I hope this conversation will inspire YOU to have conversations with your friends about the role of social media in our lives.\n\n01:33 - Background to the issue\n06:46 - The dilemmas we are facing\n12:59 - Who should regulate?\n18:16 - Mental health consequences\n23:49 - What can we do to change?\n\nEdited by Nataly Dawn\nEdit assisted by Athena Wheaton", "link": "https://www.youtube.com/watch?v=jkpJzWy4mR0", "date_published": "2021-01-11 00:00:00+00:00", "persistent": false, "user": null, "language": "en-US"}]