[{"source": "https://www.youtube.com/feeds/videos.xml?channel_id=UC3I2GFN_F8WudD_2jUZbojA", "title": "METZ - Full Performance (Live on KEXP at Home)", "description": "http://KEXP.ORG presents METZ performing a special live set recorded exclusively for KEXP.\n\nSongs:\nBlind Youth Industrial Park \nNo Ceiling \nHail Taxi\nFramed By The Comets Tail \nA Boat To Drown In \n\nRecorded December 14, 2020, at Palace Sound Toronto, Canada. \nRecorded and Mixed by Graham Walsh\nFilmed by Adam Seward\nEdited by Alex Edkins\n\nhttps://www.metzztem.com\nhttp://kexp.org", "link": "https://www.youtube.com/watch?v=Gh8eadbpgJg", "date_published": "2021-01-11 00:00:00+00:00", "persistent": false, "user": null, "language": "en-US"}]