[{"source": "https://geekweek.interia.pl", "title": "W\u0142adz\u0119 nad \u015bwiatem przejmuje Big Tech. Czy to ju\u017c koniec wolno\u015bci s\u0142owa?", "description": "W\u0142adz\u0119 nad \u015bwiatem przejmuje Big Tech. Czy to ju\u017c koniec wolno\u015bci s\u0142owa?", "link": "https://geekweek.interia.pl/styl-zycia/news-wladze-nad-swiatem-przejmuje-big-tech-czy-to-juz-koniec-woln,nId,5547055", "date_published": "2021-01-11 13:17:34+00:00", "persistent": true, "user": "rumpel", "language": "pl", "tags": ["democracy", "big tech", "freedom", "big brother", "censorship", "moderation"]}]