[{"source": "https://www.youtube.com/feeds/videos.xml?channel_id=UCyl5V3-J_Bsy3x-EBCJwepg", "title": "Check Out This HATEFUL Right-Wing Satire Of The Gay Community \ud83d\ude21", "description": "Right-wingers have been trafficking in misinformation under the guise of satire and this new comedy sketch by The San Francisco Gay Men's Chorus is hateful and bigoted toward the LGBT community.\n\n\n\nBecome a premium subscriber:  https://babylonbee.com/plans\n\n\nThe Official The Babylon Bee Store:  https://shop.babylonbee.com/\n\n\nFollow The Babylon Bee:\nWebsite: https://babylonbee.com/\nTwitter: https://twitter.com/thebabylonbee\nFacebook: https://www.facebook.com/TheBabylonBee\nInstagram: http://instagram.com/thebabylonbee", "link": "https://www.youtube.com/watch?v=GATjQe_Ae3M", "date_published": "2021-07-09 00:00:00+00:00", "persistent": false, "user": null, "language": "en-US"}, {"source": "https://www.youtube.com/feeds/videos.xml?channel_id=UCyl5V3-J_Bsy3x-EBCJwepg", "title": "THE BEE WEEKLY: Evangelicals, Catholics and Facebook Extremists Together", "description": "In this episode of The Bee Weekly, Kyle and Ethan are joined by fan favorite Seamus Coughlin (twitter.com/seamus_coughlin) of FreedomToons (www.youtube.com/user/Cartanimation) to talk about skunks in pickle jars, Facebook warning you about all the extremists they platform, and how The Babylon Bee doesn\u2019t make fun of Trump. There\u2019s also weird news, hate mail, and the ultimate showdown between Calvinists and Catholics that will once and for all settle all theological debates. \n\nBe sure to visit FreedomToons: https://www.youtube.com/user/Cartanimation\n\nBecome a premium subscriber:  https://babylonbee.com/plans\n\nThe Official The Babylon Bee Store:  https://shop.babylonbee.com/\n\nFollow The Babylon Bee:\nWebsite: https://babylonbee.com/\nTwitter: https://twitter.com/thebabylonbee\nFacebook: https://www.facebook.com/TheBabylonBee\nInstagram: http://instagram.com/thebabylonbee", "link": "https://www.youtube.com/watch?v=hTNw1m_ZxHI", "date_published": "2021-07-09 00:00:00+00:00", "persistent": false, "user": null, "language": "en-US"}, {"source": "https://www.youtube.com/feeds/videos.xml?channel_id=UCyl5V3-J_Bsy3x-EBCJwepg", "title": "Five Tips For Reading Your Bible", "description": "Reading your Bible can be hard with your busy schedule, hectic days, and inability to just pick it up and read it. Here are some tips to help!\n\nBecome a premium subscriber:  https://babylonbee.com/plans\n\nThe Official The Babylon Bee Store:  https://shop.babylonbee.com/\n\nFollow The Babylon Bee:\nWebsite: https://babylonbee.com/\nTwitter: https://twitter.com/thebabylonbee\nFacebook: https://www.facebook.com/TheBabylonBee\nInstagram: http://instagram.com/thebabylonbee", "link": "https://www.youtube.com/watch?v=TkPk76UoaXM", "date_published": "2021-07-08 00:00:00+00:00", "persistent": false, "user": null, "language": "en-US"}]