[{"source": "https://www.youtube.com/feeds/videos.xml?channel_id=UCRG_N2uO405WO4P3Ruef9NA", "title": "OnePlus has finally throttled", "description": "Sponsored by Curiositystream. Sign up here and get access to Nebula for free with your subscription: https://curiositystream.com/tfc\n\nYou can check out Nebula at http://watchnebula.com but the bundle means you get both services for the same price, and because CuriosityStream is our sponsor it\u2019s a better way to support us. \n\n\u25ac\u25ac\u25ac\u25ac\u25ac\u25ac\u25ac\u25ac\u25ac\u25ac\u25ac\u25ac\u25ac\u25ac\u25ac\u25ac\u25ac\u25ac\u25ac\u25ac\u25ac\u25ac\u25ac\u25ac\n\n\u25ba\u25ba\u25ba This video \u25c4\u25c4\u25c4\n\nThis week, OnePlus got caught throttling their phones, Xiaomi's premium phones finally gained some ground and OPPO is gearing up to launch their first chip.\n\nEpisode 54\n\nCrrowd app & Release Monitor: https://play.google.com/store/apps/details?id=com.crrowd   \n\nQuiz: https://link.crrowd.com/quiz   \n\nThis video on Nebula: https://nebula.app/videos/the-friday-checkout-oneplus-has-finally-throttled\n\n\u25ac\u25ac\u25ac\u25ac\u25ac\u25ac\u25ac\u25ac\u25ac\u25ac\u25ac\u25ac\u25ac\u25ac\u25ac\u25ac\u25ac\u25ac\u25ac\u25ac\u25ac\u25ac\u25ac\u25ac\n\n\u25ba\u25ba\u25ba Other TechAltar links \u25c4\u25c4\u25c4\n\nMerch: \nhttp://enthusiast.store \n\nSocial media: \nhttps://twitter.com/TechAltar \nhttps://instagram.com/TechAltar \nhttps://discord.gg/npKQebe\n\nIf you want to support TechAltar directly: \nhttps://flattr.com/@techaltar\n\n\n\u25ac\u25ac\u25ac\u25ac\u25ac\u25ac\u25ac\u25ac\u25ac\u25ac\u25ac\u25ac\u25ac\u25ac\u25ac\u25ac\u25ac\u25ac\u25ac\u25ac\u25ac\u25ac\u25ac\u25ac\n\n\u25ba\u25ba\u25ba Attributions & Time stamps\u25c4\u25c4\u25c4\n\nMusic by Edemski: https://soundcloud.com/edemski \n\n0:00 Intro\n0:31 Release Monitor\n1:32 OnePlus throttling\n5:32 Premium Xiaomi\n6:20 OPPO's first chip", "link": "https://www.youtube.com/watch?v=C7ENj_WuY0A", "date_published": "2021-07-09 00:00:00+00:00", "persistent": false, "user": null, "language": "en-US"}]