[{"source": "https://www.youtube.com/feeds/videos.xml?channel_id=UC_7PqixGIdE-jjoHKMPYpGA", "title": "\u015amier\u0107 na dnie Ba\u0142tyku - trailer", "description": "\ud83d\udc49 Patronite \u25ba https://patronite.pl/NaukowyBelkot \n\ud83d\udcda Moja ksi\u0105\u017cka \u25ba https://altenberg.pl/geny/\n\ud83d\udcda E-book \u25ba https://tinyurl.com/pnp-ebook\n\ud83c\udfa7 Mix audio \u25ba http://ratstudios.pl/\n\nNajwi\u0119kszy projekt roku - soon...", "link": "https://www.youtube.com/watch?v=OYTH1h6hj6U", "date_published": "2021-07-09 00:00:00+00:00", "persistent": false, "user": null, "language": "en-US"}]