[{"source": "https://www.youtube.com/feeds/videos.xml?channel_id=UCNvzD7Z-g64bPXxGzaQaa4g", "title": "EA RESPONDS TO IN-GAME ADS DEAL, NEW ASSASSIN'S CREED DESIGNED LIKE FORTNITE? & MORE", "description": "Sign up for free: https://cen.yt/mbgameranx and become smarter in 5 minutes - Thanks to Morning Brew for sponsoring today\u2019s video.\n\n\nFollow:\n Instagram: https://goo.gl/HH6mTW\u200b\u200b\u200b\u200b\u200b\u200b\u200b\n\nTwitter: https://bit.ly/3deMHW7\u200b\u200b\u200b\u200b\u200b\u200b\u200b\n\nJake's other channel: https://youtu.be/AV__0w6HE78\n\n\n\n\n ~~~~STORIES~~~~\n\n\nSwitch OLED https://nintendoeverything.com/switch-oled-list-of-specs/\n\nAsssassin\u2019s Creed Infinite\nhttps://www.ign.com/articles/assassins-creed-infinity-online-platform-multiple-games-settings-fortnite-gta-online\n\nEA putting more ads in games?\nhttps://www.pcgamer.com/uk/this-company-is-putting-video-ads-in-games-and-ea-has-already-signed-up/\n\n\nPS state of play:\nDeathloop: https://youtu.be/kTnzLC6Utk0\nLost Judgement: https://youtu.be/yXufyWdCa_U\nSifu (delayed) https://youtu.be/Y7y1yJn2B9U\nMoss sequel https://youtu.be/x8HvWj2sMeYFIST: https://youtu.be/E1EHQKECRdE\nFull 30 min State of Play with Indies: https://youtu.be/Sm8a4OC6W3A\n\n\nLol Sony: https://kotaku.com/sony-pulls-ad-featuring-upside-down-ps5-1847253801\n\n\nMonster Hunter Stories 2\nhttps://youtu.be/BfCeZk0jIxU\n\nBadrobo made Ratchet in Dreams\nhttps://youtu.be/TYY2R2wFYl4\n\nRobert Cop https://youtu.be/j2TL1TgJUfk\n\nNew EA studio\nhttps://www.ign.com/articles/dice-la-ripple-effect-studios-christian-grass-news\n\nXbox stuff\nhttps://www.tomsguide.com/news/xbox-series-x-games-could-get-a-big-boost-thanks-to-ai-upscaling\nAccessibility update https://www.ign.com/articles/xbox-party-chat-text-to-speech-speech-to-text\n\nHappy ending story\nhttps://www.bbc.com/news/uk-england-merseyside-57720242", "link": "https://www.youtube.com/watch?v=dTPFXHrfkMg", "date_published": "2021-07-09 00:00:00+00:00", "persistent": false, "user": null, "language": "en-US"}, {"source": "https://www.youtube.com/feeds/videos.xml?channel_id=UCNvzD7Z-g64bPXxGzaQaa4g", "title": "10 Most UNSETTLING Plot Twists in Video Games", "description": "Some video game twists aren't just surprising, they're downright unsettling. Here are some of our favorite examples. SPOILER WARNING\nSubscribe for more: https://www.youtube.com/gameranxTV?sub_confirmation=1\n\n0:00 Intro\n0:22 10 Dead Space\n1:42 9 SUPERHOT\n2:51 8 Nier\u00a0\n4:27 7 Bloodborne \n5:55 6 Spec Ops: The line\u00a0\n7:03 5 Silent Hill: Shattered Memories\n8:10 4 Killer 7\n9:37 3 Little Nightmares 2\n10:52 2 Soma\n12:19 1 Silent Hill 2", "link": "https://www.youtube.com/watch?v=mUwTKv5FrBo", "date_published": "2021-07-08 00:00:00+00:00", "persistent": false, "user": null, "language": "en-US"}, {"source": "https://www.youtube.com/feeds/videos.xml?channel_id=UCNvzD7Z-g64bPXxGzaQaa4g", "title": "What Made Need For Speed: Most Wanted A BIG DEAL?", "description": "Need for Speed Most Wanted is one of the most beloved street racing games of all time. Here's why.\nSubscribe for more: https://www.youtube.com/gameranxTV?sub_confirmation=1", "link": "https://www.youtube.com/watch?v=v9YIOymxHoQ", "date_published": "2021-07-08 00:00:00+00:00", "persistent": false, "user": null, "language": "en-US"}]