[{"source": "https://www.youtube.com/feeds/videos.xml?channel_id=UCZYTClx2T1of7BRZ86-8fow", "title": "Does Your Cockatiel Have an Accent?", "description": "Dialects are a part of how we communicate, but it also turns out that many animals have dialects depending on what part of the world they live in.\n\nHosted by: Hank Green\n\nSciShow has a spinoff podcast! It's called SciShow Tangents. Check it out at http://www.scishowtangents.org\n----------\nSupport SciShow by becoming a patron on Patreon: https://www.patreon.com/scishow\n----------\nHuge thanks go to the following Patreon supporters for helping us keep SciShow free for everyone forever:\n\nChris Peters, Matt Curls, Kevin Bealer, Jeffrey Mckishen, Jacob, Christopher R Boucher, Nazara, charles george, Christoph Schwanke, Ash, Silas Emrys, KatieMarie Magnone, Eric Jensen, Adam Brainard, Piya Shedden, Alex Hackman, James Knight, GrowingViolet, Drew Hart, Sam Lutfi, Alisa Sherbow, Jason A Saslow\n\n----------\nLooking for SciShow elsewhere on the internet?\nFacebook: http://www.facebook.com/scishow\nTwitter: http://www.twitter.com/scishow\nTumblr: http://scishow.tumblr.com\nInstagram: http://instagram.com/thescishow\n----------\nSources:\n\nhttps://www.sciencedirect.com/science/article/abs/pii/S0003347213004235\nhttps://www.sciencedirect.com/science/article/abs/pii/S0003347207002564\nhttps://www.sciencedirect.com/science/article/abs/pii/S0960982220307715\nhttps://www.americanscientist.org/article/vocal-matching-in-animals\nhttps://www.sciencedirect.com/science/article/abs/pii/S0376635716300067\nhttps://www.sciencedirect.com/science/article/pii/S2530064417301384\nhttps://asa.scitation.org/doi/10.1121/1.4974858\nhttps://www.nationalgeographic.com/animals/article/160227-animals-communication-sperm-whales-dialects-science\nhttps://www.nature.com/scitable/knowledge/library/primate-communication-67560503/\nhttps://onlinelibrary.wiley.com/doi/full/10.1111/ecog.02779\nhttp://animalbehaviorandcognition.org/uploads/journals/6/03.Henry_FINAL.pdf\nhttps://pubmed.ncbi.nlm.nih.gov/33510025/\n\nImages:\nhttps://www.storyblocks.com/video/stock/a-pair-of-red-and-blue-macaw-parrots-repeat-each-others-movements-r942og4kvju3b53qn\nhttps://www.istockphoto.com/photo/calling-pair-of-common-kingfishers-gm1139921372-304854323\n\nhttps://www.istockphoto.com/photo/showing-x-ray-gm674631788-123649593\nhttps://www.istockphoto.com/photo/red-crossbill-eating-at-a-bird-feeder-gm171246268-20163676\nhttps://www.istockphoto.com/photo/head-of-a-killer-whale-orca-gm94462135-1350674\nhttps://www.istockphoto.com/photo/howling-coyote-standing-on-rock-with-saguaro-cacti-gm1164597163-320164495\nhttps://www.istockphoto.com/photo/cactus-parakeet-from-brazil-gm628135462-111422217\nhttps://commons.wikimedia.org/wiki/File:Pilot_whale.jpg\nhttps://www.storyblocks.com/video/stock/globe-turning-stop-motion-clouds-a-globe-of-the-earth-turning-on-axis-in-front-of-a-window-view-of-passing-clouds-captured-in-stop-motion-time-lapse-bghh1fs2lj0x0g34z", "link": "https://www.youtube.com/watch?v=RCbRuDlEq88", "date_published": "2021-07-08 00:00:00+00:00", "persistent": false, "user": null, "language": "en-US"}]