[{"source": "https://www.youtube.com/feeds/videos.xml?channel_id=UCW0gH2G-cMKAEjEkI4YhnPA", "title": "The Life of F\u00ebanor | Tolkien Explained", "description": "F\u00ebanor is considered the greatest of the Noldor.  He not only created the Palant\u00edri and the F\u00ebanorian lamps, but also the Silmarils - his greatest creation, and the namesake of The Silmarillion.  In this video, we track his life and travels, from his birth in Aman to becoming the great craftsman - from becoming King of the Noldor to leading his people in their exile - and finally, his fatal battle with the balrogs of Morgoth.\n\n*Hit subscribe - and the bell!* \nNerd of the Rings on PATREON: https://www.patreon.com/NerdoftheRings\n\n-------------- \nAll content falls under fair use: any copying of copyrighted material done for a limited and \u201ctransformative\u201d purpose, such as to comment upon, criticize, or parody a copyrighted work. Such uses can be done without permission from the copyright owner.   If your artwork appears and you are not listed here, please let me know! I want to make sure all artists are credited for their amazing work.\n\nTo purchase artist work, check out these amazing artists!\n\nJenny Dolfen - goldseven.wordpress.com/\nTurner Mohan - www.instagram.com/turner_mohan\nTed Nasmith - www.tednasmith.com/shop/\nJerry Vanderstelt - store.vandersteltstudio.com/main.sc\nAnato Finnstark - https://www.artstation.com/anto-finnstark\n\nHeart of Feanor - Venlian\nThe Making of the Silmarils - Anna Kulisz\nFeanor - Kenneth Sofia\nLet the Havens Burn - Sirielle\nThe Oath of Feanor - Jenny Dolfen\nFeanor - Bella Bergolts\nMiriel and Feanaro - Francesco Amadio\nFeanor Mourning Miriel - Steamey\nFinwe and Indis - Alystraea\nYoung King Feanor - Venlian\nFeanor - Yi Jong\nSpirit of Fire - Jenny Dolfen\nFeanor - Ryszard\nFeanor - Ji You Zhong\nFeanor and the Palantir - Kseniya Dol\nAragorn and the Palantir - Magli Villeneuve\nSilver Lamp - Owen William Weber\nTuor, Gelmir, and Arminas - Ted Nasmith\nIn the Forest Under Night, Gwindor in Taur-nu-Fuin - Matt Stewart\nFeanor - Lucio Parrillo\nFeanor and Nerdanel - Pekaqueen\nMeeting of Feanor and Nerdanel - Antti Autio\nMelkor - Kimberly80\nMelkor and Feanor - Pajalie\nFeanor - Felix Sotomayor\nThe Two Trees Doom - Ted Nasmith\nTrees of Valinor - Helen Kei\nArtanis and Feanor - Tolman Cotton\nFeanor - Wyn Estelle\nThe Silmarils - Lida Holubova\nFeanor and the Silmarils - Alexey Rudikov\nFeanor, Melkor, and Silmarils - Kaprriss\nLies - Simona Brunilde Jero\nFingolfin - Tolrone\nFeanor close up - Maria Lombide Ezpeleta\nMelkor teaches the Noldor to manufacture arms - Ivana Lekseich\nGet thee gone, and take thy due place! - Jenny Dolfen\nHalf-Brothers - Tuuliky\nFeanor - Bella Bergolts\nThe Threat of Feanor - Antti Autio\nMelkor - Thomas Rouillard\nMelkor and the Silmarils - Sara M Morello\nMelkor at the gates of Formenos - Nequaril\nManwe Sulimo - Gustavo Malek\nFeanor and Fingolfin - Kaprriss\nYavanna mourns dead trees - Valentina Mustajarvi\nManwe, king of the world and the breath of arda - Dymond Starr\nFeanor - Catherine Karina Chmiel\nFeanor - Luis F Bejarano\nFormenos - Vunasti Mamut\nMelkor - Fumeres Art\nFeanor, Noldor King - Venlian\nFeanor - Natalie Chen\nThe Oath of Feanor - Bella Bergolts\nThe Oath of Feanor - Antti Autio\nThe Oath of Feanor - Edarlein Art\nTwin Trees of the Valar - Etherium Apex\nFeanor (The Oath) - Angel Falto\nAt Lake Cuivienen - Ted Nasmith\nNoldor - Cleisson de Oliveira\nTirion - Anubis1000\nBeleriand Map - Lamaarcana\nFeanor - Maria Kizimenko\nFeanor - Clement Ribeyre Soret\nLord of the Gems - Mami02\nThe Oath Has Been Awakened - Jenny Dolfen\nAlqualonde - Ted Nasmith\nThe Curse of Mandos - Lourdes Velez\nThe Burning of the Ships - Ted Nasmith\nIn the Name of the Oath! - Steamey\nFeanor - Noei1984\nFeanor's Last Stand - Kenneth Sofia\nFeanor fights the balrogs - Pete Amachree\nFeanor's last stand - Jenny Dolfen\nFeanor and Gothmog - Guisadong Gulay\nFingolfin Rides to Angband - Kenneth Sofia\nDeath of Feanor - Jenny Dolfen\nYavanna - Gustavo Malek\n\nFor more on Feanor, check out:\nThe Silmarillion\nThe Encyclopedia of Arda\nTolkien Gateway\n\n#feanor #tolkien #silmarillion", "link": "https://www.youtube.com/watch?v=oe7mFrL4hBw", "date_published": "2021-09-04 00:00:00+00:00", "persistent": false, "user": null, "language": "en-US"}]