[{"source": "https://www.youtube.com/feeds/videos.xml?channel_id=UCXuqSBlHAE6Xw-yeJA0Tunw", "title": "Trying TikTok Computer Hacks...", "description": "Try FreshBooks free, for 30 days, no credit card required at https://www.freshbooks.com/linus\n\nPersonalize your PC with Cablemod at https://lmg.gg/FWai3 \n\nWanting to remain current and hip we investigate the tech tips of TikTok.\n\nBuy Samsung Odyssey G9\nOn Amazon (PAID LINK): https://geni.us/8AL0p\nOn Best Buy (PAID LINK): https://geni.us/724Bp8c\nOn Newegg (PAID LINK): https://geni.us/8cZI\n\nBuy 1TB HDD\nOn Amazon (PAID LINK): https://geni.us/bbAxqU\nOn Best Buy (PAID LINK): https://geni.us/p3ee\nOn Newegg (PAID LINK): https://geni.us/OZUBrN\n\nBuy Dell XPS 15\nOn Amazon (PAID LINK): https://geni.us/z0NieS\nOn Best Buy (PAID LINK): https://geni.us/XGxX\nOn Newegg (PAID LINK): https://geni.us/SUPuo7\n\nBuy HP ZBook Studio\nOn Amazon (PAID LINK): https://geni.us/lAz8ZUj\nOn Newegg (PAID LINK): https://geni.us/AWNU3s\nOn B&H (PAID LINK): https://geni.us/K2Bxd\n\nBuy Xtrfy M42\nOn Amazon (PAID LINK): https://geni.us/IkUe\nOn Newegg (PAID LINK): https://geni.us/bqQMLD\n\nPurchases made through some store links may provide some compensation to Linus Media Group.\n\nSoftware tools mentioned in-video\n\nGet Ninite here: https://ninite.com/\nGet WinDirStat here: https://windirstat.net/\nGet the sleeker, faster cousin of WinDirStat - WizTree - here: https://diskanalyzer.com/\nGet ShareX here: https://getsharex.com/\nInstructions for play video on login: https://community.spiceworks.com/topic/2196026-windows-10-play-a-video-upon-login-before-loading-the-desktop\nPaste multiple things using Win+V instead of Ctrl+V\nReset GPU drivers with Win+Shift+Ctrl+B\n\nDiscuss on the forum: https://linustechtips.com/topic/1370910-trying-tiktok-computer-hacks/\n\n\n\u25baGET MERCH: http://www.LTTStore.com/\n\u25baSUPPORT US ON FLOATPLANE: https://www.floatplane.com/  \n\u25baLTX EXPO: https://www.ltxexpo.com/   \n\nAFFILIATES & REFERRALS\n---------------------------------------------------\n\u25baAffiliates, Sponsors & Referrals: https://lmg.gg/sponsors\n\u25baCheck out our podcast gear: https://kit.co/linustechtips/lmg-podcast-gear\n\u25baPrivate Internet Access VPN: https://lmg.gg/pialinus2\n\u25baOur Official Charging Partner Anker: https://lmg.gg/AnkerLTT\n\u25baSecretlabs Gaming Chairs: https://lmg.gg/SecretlabLTT\n\u25baMK Keyboards: https://lmg.gg/LyLtl\n\u25baNerd or Die Stream Overlays: https://lmg.gg/avLlO\n\u25baGreen Man Gaming https://lmg.gg/GMGLTT\n\u25baAmazon Prime: https://lmg.gg/8KV1v\n\u25baAudible Free Trial: https://lmg.gg/8242J\n\u25baOur Gear on Amazon: https://geni.us/OhmF\n\nFOLLOW US ELSEWHERE\n---------------------------------------------------  \nTwitter: https://twitter.com/linustech\nFacebook: http://www.facebook.com/LinusTech\nInstagram: https://www.instagram.com/linustech\nTwitch: https://www.twitch.tv/linustech\n\nFOLLOW OUR OTHER CHANNELS\n---------------------------------------------------  \nMac Address: https://lmg.gg/macaddress\nTechquickie: https://lmg.gg/techquickieyt\nTechLinked: https://lmg.gg/techlinkedyt\nShortCircuit: https://lmg.gg/shortcircuityt\n\nLMG Clips: https://lmg.gg/lmgclipsyt\nChannel Super Fun: https://lmg.gg/channelsuperfunyt\nCarpool Critics: https://lmg.gg/carpoolcriticsyt\n\nMUSIC CREDIT\n---------------------------------------------------  \nTitle: Laszlo - Supernova\nVideo Link: https://www.youtube.com/watch?v=PKfxmFU3lWY\niTunes Download Link: https://itunes.apple.com/us/album/supernova/id936805712\nArtist Link: https://soundcloud.com/laszlomusic\n\nOutro Screen Music Credit: Approaching Nirvana - Sugar High http://www.youtube.com/approachingnirvana\n\nIntro animation by MBarek Abdelwassaa https://www.instagram.com/mbarek_abdel/\nMonitor And Keyboard by vadimmihalkevich / CC BY 4.0  https://geni.us/PgGWp\nMechanical RGB Keyboard by BigBrotherECE / CC BY 4.0 https://geni.us/mj6pHk4\nMouse Gamer free Model By Oscar Creativo / CC BY 4.0 https://geni.us/Ps3XfE\n\nCHAPTERS\n---------------------------------------------------  \n0:00 Intro\n0:57 DVR HDD hack\n4:45 Storage Space hack\n6:40 \"hacking\" hacks\n9:46 Homework folder\n10:53 Inspect element with extra steps\n11:23 Headphone warning\n12:16 We hate you Dbrand\n12:40 Video on wake \n14:02 Memory profiles \n14:43 Multiple clipboard entries - Windows key+V\n15:05 Reset GPU drivers Win+Ctrl+Shift+B", "link": "https://www.youtube.com/watch?v=05K5glVCwis", "date_published": "2021-09-05 00:00:00+00:00", "persistent": false, "user": null, "language": "en-US"}, {"source": "https://www.youtube.com/feeds/videos.xml?channel_id=UCXuqSBlHAE6Xw-yeJA0Tunw", "title": "DLSS Swapper makes your games look better!", "description": "Get 20% OFF + Free Shipping @manscaped at https://manscaped.com/TECH\n\nSign up for Linode to get your $100 in 60-day credit at https://www.linode.com/linus\n\nDLSS has been around for a while now, and while Nvidia has improved it continuously, games almost never update the version they use. But now there\u2019s a very simple way to do it for yourself\u2026\n\nBuy RTX 3080: https://geni.us/EVAxc0b\n\nPurchases made through some store links may provide some compensation to Linus Media Group.\n\nCheck out DLSS Swapper here: https://github.com/beeradmoore/dlss-swapper\n\nCheck out Nvidia DLSS DLL's here: https://www.techpowerup.com/download/nvidia-dlss-dll/\n\nDiscuss on the forum: https://linustechtips.com/topic/1370649-how-to-upgrade-your-graphics-for-free/\n\nWhat's a \"Pitot Tube\" at 5:42? They're actually pretty cool - https://www.youtube.com/watch?v=pwEZfmAVLd8 \n\n\u25ba GET MERCH: lttstore.com\n\u25ba AFFILIATES, SPONSORS & REFERRALS: https://lmg.gg/sponsors\n\u25ba PODCAST GEAR: https://lmg.gg/podcastgear\n\u25ba SUPPORT US ON FLOATPLANE: https://www.floatplane.com/\n\nFOLLOW US ELSEWHERE\n---------------------------------------------------  \nTwitter: https://twitter.com/linustech\nFacebook: http://www.facebook.com/LinusTech\nInstagram: https://www.instagram.com/linustech\nTikTok: https://www.tiktok.com/@linustech\nTwitch: https://www.twitch.tv/linustech\n\nMUSIC CREDIT\n---------------------------------------------------\nIntro: Laszlo - Supernova\nVideo Link: https://www.youtube.com/watch?v=PKfxm...\niTunes Download Link: https://itunes.apple.com/us/album/sup...\nArtist Link: https://soundcloud.com/laszlomusic\n\nOutro: Approaching Nirvana - Sugar High\nVideo Link: https://www.youtube.com/watch?v=ngsGB...\nListen on Spotify: http://spoti.fi/UxWkUw\nArtist Link: http://www.youtube.com/approachingnir...\n\nIntro animation by MBarek Abdelwassaa https://www.instagram.com/mbarek_abdel/\nMonitor And Keyboard by vadimmihalkevich / CC BY 4.0  https://geni.us/PgGWp\nMechanical RGB Keyboard by BigBrotherECE / CC BY 4.0 https://geni.us/mj6pHk4\nMouse Gamer free Model By Oscar Creativo / CC BY 4.0 https://geni.us/Ps3XfE\n\nCHAPTERS\n---------------------------------------------------  \n0:00 Intro\n0:33 Rage Anthony\n1:00 DLSS Versions\n1:25 DLSS Swapper\n2:20 The Swap\n4:23 Testing observations\n8:07 Why DLSS Swapper?\n8:52 What's next?", "link": "https://www.youtube.com/watch?v=IXir0Y86N84", "date_published": "2021-09-04 00:00:00+00:00", "persistent": false, "user": null, "language": "en-US"}]