[{"source": "https://www.youtube.com/feeds/videos.xml?channel_id=UCwUizOU8pPWXdXNniXypQEQ", "title": "Fauci - Public Enemy #1?", "description": "Grab your Red/Blue Light Teeth Whitening Kit at https://naturalteethwhiteners.com/jp\n\nCheck out my NEW MERCH here! - https://awakenwithjp.com\n\nTake a stand against censorship. Join my Awakened Warriors Email List - https://awakenwithjp.com/joinme\n\nExplore the investigation into is Fauci public enemy #1? The nations top infectious disease villain has a load of mounting evidence stacked against him. Take an in-depth look at his ties to the Wuhan lab and the virus in this video. You be the judge.\n\nListen and Subscribe to my Podcast here: \nhttps://apple.co/3fFTbPC\nAlso available everywhere else you get podcasts. Just search and subscribe to \"Awaken With JP Sears Show\"\n\nConnect with me at: \nhttp://www.facebook.com/AwakenWithJP\nhttp://www.Instagram.com/AwakenWithJP\nhttp://www.twitter.com/AwakenWithJP\nhttps://mewe.com/p/awakenwithjp\nhttps://parler.com/profile/AwakenWithJP\nhttp://www.AwakenWithJP.com", "link": "https://www.youtube.com/watch?v=QH6-seSJMBo", "date_published": "2021-06-01 00:00:00+00:00", "persistent": false, "user": null, "language": "en-US"}]