[{"source": "https://www.youtube.com/feeds/videos.xml?channel_id=UChnxLLvzviaR5NeKOevB8iQ", "title": "Performance with XAOC Moskwa, Ostankino, Noise Engineering", "description": "From my Moskwa video here!\nhttps://youtu.be/YCnlc70uHA0\n\nXAOC Moskwa II and Ostankino sequence the Noise Engineering Cusus, Basimilus, and Loquelic Iteritas. Effects from Tip-Top z5000, 4ms DLD, and NE Imitor Versio running Electus firmware.\n\nGrab these at Perfect Circuit: \nMoskwa II: https://bit.ly/3wLmmZZ\nOstankino II: https://bit.ly/2SM0xLd\nTip-Top Z5000: http://bit.ly/pc_z5000\nNoise Engineering Cursus Iteritas: http://bit.ly/pc_cursus\nNoise Engineering Imitor Versio: http://bit.ly/pc_imitor\nNoise Engineering BIA: https://bit.ly/3c7v5hi\nNoise Engineering Loquelic Iteritas Percido: https://bit.ly/3wPtIeZ\n\nglow cables my modbang: https://www.modbang.com/modbang-store\n------------------------------------\nThank you for watching. My name is Jeremy, and this is Red Means Recording. I've been making music for a few decades now, and this channel is a place to make music and to talk about the tools and techniques to make music with. We'll use synths, drum machines, modular gear, and software. \n\nIf you'd like to support the channel, I have a Patreon:  http://bit.ly/rmrpatreon\n\nI have music as \"Jeremy Blake\" on all the major services: \nBandcamp: http://bit.ly/2Kq617o\nSoundcloud: http://bit.ly/2NOH9Is\nSpotify: https://spoti.fi/2N40SoX\nGoogle Play: http://bit.ly/33M9aG5\niTunes: https://apple.co/2pqh3SK\nAmazon Music: https://amzn.to/2O9q1fe\n\nI have some merch here: http://bit.ly/rmrshirts\n\nAnd you can connect with me here: \nTwitter: http://bit.ly/rmrtwitters\nWebsite: http://bit.ly/rmrmedia", "link": "https://www.youtube.com/watch?v=QA-QdW3ZBfU", "date_published": "2021-06-02 00:00:00+00:00", "persistent": false, "user": null, "language": "en-US"}, {"source": "https://www.youtube.com/feeds/videos.xml?channel_id=UChnxLLvzviaR5NeKOevB8iQ", "title": "Exploring XAOC Devices Moskwa II and Ostankino II (Eurorack Sequencing)", "description": "The XAOC Devices Moskwa II Rotosequencer is a sly powerhouse of sequencing fun. Its expander, the Ostankino, adds some extremely creative possibilities that can drive modulation or events in your system as well as completely change how the Moskwa responds. Let's dive into what makes this sequencing system special and how you might use it! \n\nGrab these both at Perfect Circuit: \nMoskwa II: https://bit.ly/3wLmmZZ\nOstankino II: https://bit.ly/2SM0xLd\n\nglow cables my modbang: https://www.modbang.com/modbang-store\n\nNo talking jam video of this here: https://youtu.be/QA-QdW3ZBfU\n\nXAOC Moskwa II and Ostankino sequence the Noise Engineering Cusus, Basimilus, and Loquelic Iteritas. Effects from Tip-Top z5000, 4ms DLD, and NE Imitor Versio running Electus firmware.\n\nTip-Top Z5000: http://bit.ly/pc_z5000\nNoise Engineering Cursus Iteritas: http://bit.ly/pc_cursus\nNoise Engineering Imitor Versio: http://bit.ly/pc_imitor\nNoise Engineering BIA: https://bit.ly/3c7v5hi\nNoise Engineering Loquelic Iteritas Percido: https://bit.ly/3wPtIeZ\n\n00:00 intro\n00:46 Moskwa basic operation\n03:36 step options\n07:43 custom mode\n09:03 step repeat\n10:11 micro-patterns\n12:31 mini jam\n14:14 transport and misc\n15:30 Ostankino input modulation\n21:05  Ostankino output modulation\n26:20 recap\n28:27 outro jam\n\n------------------------------------\nThank you for watching. My name is Jeremy, and this is Red Means Recording. I've been making music for a few decades now, and this channel is a place to make music and to talk about the tools and techniques to make music with. We'll use synths, drum machines, modular gear, and software. \n\nIf you'd like to support the channel, I have a Patreon:  http://bit.ly/rmrpatreon\n\nI have music as \"Jeremy Blake\" on all the major services: \nBandcamp: http://bit.ly/2Kq617o\nSoundcloud: http://bit.ly/2NOH9Is\nSpotify: https://spoti.fi/2N40SoX\nGoogle Play: http://bit.ly/33M9aG5\niTunes: https://apple.co/2pqh3SK\nAmazon Music: https://amzn.to/2O9q1fe\n\nI have some merch here: http://bit.ly/rmrshirts\n\nAnd you can connect with me here: \nTwitter: http://bit.ly/rmrtwitters\nWebsite: http://bit.ly/rmrmedia", "link": "https://www.youtube.com/watch?v=YCnlc70uHA0", "date_published": "2021-06-01 00:00:00+00:00", "persistent": false, "user": null, "language": "en-US"}]