[{"source": "http://feeds.bbci.co.uk/news/rss.xml", "title": "Emmerdale: Actress Elizabeth Estensen leaving ITV soap after 22 years", "description": "Elizabeth Estensen, who played landlady Diane Sugden, says it is time to \"say goodbye\".", "link": "https://www.bbc.co.uk/news/entertainment-arts-58586093?at_medium=RSS&at_campaign=KARANGA", "date_published": "2021-09-16 23:57:43+00:00", "persistent": false, "user": null, "language": "en-US"}, {"source": "http://feeds.bbci.co.uk/news/rss.xml", "title": "Gen Z battles to bring back unions, one Starbucks at a time", "description": "Younger Americans are reviving US labour activism amid stagnant wages and Covid hardship.", "link": "https://www.bbc.co.uk/news/business-58540250?at_medium=RSS&at_campaign=KARANGA", "date_published": "2021-09-16 23:13:14+00:00", "persistent": false, "user": null, "language": "en-US"}, {"source": "http://feeds.bbci.co.uk/news/rss.xml", "title": "Canada federal election: The man who could topple Trudeau", "description": "The new Conservative leader has tied Justin Trudeau in the polls with a pitch to moderate voters.", "link": "https://www.bbc.co.uk/news/world-us-canada-58587402?at_medium=RSS&at_campaign=KARANGA", "date_published": "2021-09-16 23:11:39+00:00", "persistent": false, "user": null, "language": "en-US"}, {"source": "http://feeds.bbci.co.uk/news/rss.xml", "title": "Winning photographers capture Britain's maritime heritage", "description": "The winning images from this year's Shipwrecked Mariners' Society photography competition.", "link": "https://www.bbc.co.uk/news/in-pictures-58585399?at_medium=RSS&at_campaign=KARANGA", "date_published": "2021-09-16 23:10:52+00:00", "persistent": false, "user": null, "language": "en-US"}, {"source": "http://feeds.bbci.co.uk/news/rss.xml", "title": "How TikTokers took down a Texas anti-abortion site", "description": "A draconian abortion ban in Texas has Gen Z fighting its enforcement through hacktivism", "link": "https://www.bbc.co.uk/news/world-us-canada-58577039?at_medium=RSS&at_campaign=KARANGA", "date_published": "2021-09-16 23:07:03+00:00", "persistent": false, "user": null, "language": "en-US"}, {"source": "http://feeds.bbci.co.uk/news/rss.xml", "title": "Education in prison: 'If I can do it, anyone can\u2019", "description": "Two prisoners describe how their education inside took them on a different path.", "link": "https://www.bbc.co.uk/news/education-58589519?at_medium=RSS&at_campaign=KARANGA", "date_published": "2021-09-16 23:06:11+00:00", "persistent": false, "user": null, "language": "en-US"}, {"source": "http://feeds.bbci.co.uk/news/rss.xml", "title": "The big problem of building waste and how to tackle it", "description": "How better technology and regulation could cut the waste generated by the construction industry.", "link": "https://www.bbc.co.uk/news/business-57899572?at_medium=RSS&at_campaign=KARANGA", "date_published": "2021-09-16 22:56:57+00:00", "persistent": false, "user": null, "language": "en-US"}, {"source": "http://feeds.bbci.co.uk/news/rss.xml", "title": "GB News: I became a minority of one, says Andrew Neil", "description": "The ex-BBC presenter who quit the channel says people can decide themselves if it is too right wing.", "link": "https://www.bbc.co.uk/news/uk-politics-58591909?at_medium=RSS&at_campaign=KARANGA", "date_published": "2021-09-16 22:46:44+00:00", "persistent": false, "user": null, "language": "en-US"}, {"source": "http://feeds.bbci.co.uk/news/rss.xml", "title": "Sir Clive Sinclair: Tireless inventor ahead of his time", "description": "The prolific innovator invented the pocket calculator and the ill-fated Sinclair C5 electric car.", "link": "https://www.bbc.co.uk/news/science-environment-29985976?at_medium=RSS&at_campaign=KARANGA", "date_published": "2021-09-16 19:30:11+00:00", "persistent": false, "user": null, "language": "en-US"}, {"source": "http://feeds.bbci.co.uk/news/rss.xml", "title": "Emma Raducanu reunited with her parents in Bromley", "description": "Emma Raducanu is photographed with father Ian after becoming Britain's youngest Grand Slam champion.", "link": "https://www.bbc.co.uk/news/uk-england-london-58585022?at_medium=RSS&at_campaign=KARANGA", "date_published": "2021-09-16 14:11:33+00:00", "persistent": false, "user": null, "language": "en-US"}, {"source": "http://feeds.bbci.co.uk/news/rss.xml", "title": "Sara Pascoe revealed as new Great British Sewing Bee host", "description": "The comic and writer is taking over from Joe Lycett, who has hosted the last three series.", "link": "https://www.bbc.co.uk/news/entertainment-arts-58586090?at_medium=RSS&at_campaign=KARANGA", "date_published": "2021-09-16 12:59:08+00:00", "persistent": false, "user": null, "language": "en-US"}, {"source": "http://feeds.bbci.co.uk/news/rss.xml", "title": "Mother wins court case over Staffordshire landfill site emissions", "description": "Rebecca Currie says her son's breathing difficulties have been made worse by landfill emissions.", "link": "https://www.bbc.co.uk/news/uk-england-stoke-staffordshire-58577136?at_medium=RSS&at_campaign=KARANGA", "date_published": "2021-09-16 11:43:54+00:00", "persistent": false, "user": null, "language": "en-US"}, {"source": "http://feeds.bbci.co.uk/news/rss.xml", "title": "Sir Elton John: UK and European tour postponed to 2023 after hip injury", "description": "The rock star says it \"breaks my heart\" to postpone, but he is still recovering from a hip injury.", "link": "https://www.bbc.co.uk/news/entertainment-arts-58582258?at_medium=RSS&at_campaign=KARANGA", "date_published": "2021-09-16 11:27:18+00:00", "persistent": false, "user": null, "language": "en-US"}, {"source": "http://feeds.bbci.co.uk/news/rss.xml", "title": "Nadhim Zahawi: Iraqi refugee to education secretary", "description": "Iraqi refugee, Teletubby merchandise salesman, pollster, millionaire - meet the new education secretary.", "link": "https://www.bbc.co.uk/news/uk-politics-58582399?at_medium=RSS&at_campaign=KARANGA", "date_published": "2021-09-16 11:14:35+00:00", "persistent": false, "user": null, "language": "en-US"}, {"source": "http://feeds.bbci.co.uk/news/rss.xml", "title": "Co-op to start selling groceries on Amazon Prime", "description": "Shoppers will be able to order Co-op's full range of groceries via Amazon across the UK by Christmas.", "link": "https://www.bbc.co.uk/news/business-58581809?at_medium=RSS&at_campaign=KARANGA", "date_published": "2021-09-16 11:06:22+00:00", "persistent": false, "user": null, "language": "en-US"}, {"source": "http://feeds.bbci.co.uk/news/rss.xml", "title": "Covent Garden and St John's Wood to continue al fresco dining", "description": "Outdoor dining is made permanent in parts of central London but Soho's future remains unclear.", "link": "https://www.bbc.co.uk/news/uk-england-london-58583771?at_medium=RSS&at_campaign=KARANGA", "date_published": "2021-09-16 11:00:42+00:00", "persistent": false, "user": null, "language": "en-US"}, {"source": "http://feeds.bbci.co.uk/news/rss.xml", "title": "Marks & Spencer blames Brexit as it closes 11 French stores", "description": "Brexit has made it \"near impossible\" for it to supply fresh and chilled products to France, the retailer says.", "link": "https://www.bbc.co.uk/news/business-58582860?at_medium=RSS&at_campaign=KARANGA", "date_published": "2021-09-16 10:55:13+00:00", "persistent": false, "user": null, "language": "en-US"}, {"source": "http://feeds.bbci.co.uk/news/rss.xml", "title": "England move up to third in men's world rankings", "description": "Gareth Southgate's men climb to third in the Fifa world rankings, equalling their highest ever position.", "link": "https://www.bbc.co.uk/sport/football/58581144?at_medium=RSS&at_campaign=KARANGA", "date_published": "2021-09-16 10:53:28+00:00", "persistent": false, "user": null, "language": "en-US"}, {"source": "http://feeds.bbci.co.uk/news/rss.xml", "title": "UK power prices soar after key cable hit by blaze", "description": "British wholesale electricity prices for the following day jumped by 19% to \u00a3475 per megawatt hour.", "link": "https://www.bbc.co.uk/news/business-58579829?at_medium=RSS&at_campaign=KARANGA", "date_published": "2021-09-16 10:44:23+00:00", "persistent": false, "user": null, "language": "en-US"}, {"source": "http://feeds.bbci.co.uk/news/rss.xml", "title": "Most office workers will never return full-time, survey says", "description": "Most people do not believe workers will return to the office full-time, according to YouGov research.", "link": "https://www.bbc.co.uk/news/business-58559179?at_medium=RSS&at_campaign=KARANGA", "date_published": "2021-09-16 10:41:51+00:00", "persistent": false, "user": null, "language": "en-US"}, {"source": "http://feeds.bbci.co.uk/news/rss.xml", "title": "England to host invitational international women's tournament in 2022", "description": "England is set to host a new invitational international women's football tournament next year.", "link": "https://www.bbc.co.uk/sport/football/58575051?at_medium=RSS&at_campaign=KARANGA", "date_published": "2021-09-16 10:37:19+00:00", "persistent": false, "user": null, "language": "en-US"}, {"source": "http://feeds.bbci.co.uk/news/rss.xml", "title": "Aukus: UK, US and Australia launch pact to counter China", "description": "Beijing says the deal, involving nuclear-powered submarines, undermines regional peace.", "link": "https://www.bbc.co.uk/news/world-58564837?at_medium=RSS&at_campaign=KARANGA", "date_published": "2021-09-16 09:54:35+00:00", "persistent": false, "user": null, "language": "en-US"}, {"source": "http://feeds.bbci.co.uk/news/rss.xml", "title": "Aston Martin retain Vettel and Stroll for 2022", "description": "Sebastian Vettel will continue at Aston Martin for a second season in 2022 alongside Canadian Lance Stroll.", "link": "https://www.bbc.co.uk/sport/formula1/58570051?at_medium=RSS&at_campaign=KARANGA", "date_published": "2021-09-16 09:10:48+00:00", "persistent": false, "user": null, "language": "en-US"}, {"source": "http://feeds.bbci.co.uk/news/rss.xml", "title": "French storms: Nine drown in choppy Mediterranean sea", "description": "Those who drowned in the dangerous conditions were all in their 50s, 60s and 70s.", "link": "https://www.bbc.co.uk/news/world-europe-58579407?at_medium=RSS&at_campaign=KARANGA", "date_published": "2021-09-16 08:39:21+00:00", "persistent": false, "user": null, "language": "en-US"}, {"source": "http://feeds.bbci.co.uk/news/rss.xml", "title": "Nottingham Forest sack Hughton after dismal start", "description": "Nottingham Forest sack boss Chris Hughton after six defeats from seven Championship matches this season.", "link": "https://www.bbc.co.uk/sport/football/58579227?at_medium=RSS&at_campaign=KARANGA", "date_published": "2021-09-16 08:15:24+00:00", "persistent": false, "user": null, "language": "en-US"}, {"source": "http://feeds.bbci.co.uk/news/rss.xml", "title": "Koepka should withdraw from Ryder Cup if he does not love it - Azinger", "description": "Former US captain Paul Azinger responds to Brooks Koepka's comments about the Ryder Cup by suggesting he should pull out of the 2021 matches.", "link": "https://www.bbc.co.uk/sport/golf/58569270?at_medium=RSS&at_campaign=KARANGA", "date_published": "2021-09-16 07:29:54+00:00", "persistent": false, "user": null, "language": "en-US"}, {"source": "http://feeds.bbci.co.uk/news/rss.xml", "title": "Afghan refugee: Being caught by Taliban 'was like a scary movie'", "description": "Refugee Marwa Koofi and her family were captured at Kabul airport", "link": "https://www.bbc.co.uk/news/uk-england-58576104?at_medium=RSS&at_campaign=KARANGA", "date_published": "2021-09-16 05:18:25+00:00", "persistent": false, "user": null, "language": "en-US"}, {"source": "http://feeds.bbci.co.uk/news/rss.xml", "title": "The Papers: PM 'wields axe' as he 'lays ground for next election'", "description": "Thursday's front pages are dominated by Boris Johnson's major reshuffle of his cabinet.", "link": "https://www.bbc.co.uk/news/blogs-the-papers-58578976?at_medium=RSS&at_campaign=KARANGA", "date_published": "2021-09-16 04:15:53+00:00", "persistent": false, "user": null, "language": "en-US"}, {"source": "http://feeds.bbci.co.uk/news/rss.xml", "title": "Foreign students struggling to pay for UK university", "description": "The pandemic has made studying in the UK more expensive for some international students", "link": "https://www.bbc.co.uk/news/newsbeat-58558674?at_medium=RSS&at_campaign=KARANGA", "date_published": "2021-09-16 00:31:16+00:00", "persistent": false, "user": null, "language": "en-US"}, {"source": "http://feeds.bbci.co.uk/news/rss.xml", "title": "The 22-year-old who took on a housing giant and won", "description": "As a new report claims dilapidated housing can kill, the BBC meets an unlikely champion for tenants.", "link": "https://www.bbc.co.uk/news/uk-58572341?at_medium=RSS&at_campaign=KARANGA", "date_published": "2021-09-16 00:25:58+00:00", "persistent": false, "user": null, "language": "en-US"}]