[{"source": "https://www.youtube.com/feeds/videos.xml?channel_id=UCw--xPGVVxYzRsWyV1nFqgg", "title": "Fires of Heaven\ud83d\udd25-READ ALONG", "description": "My thoughts on the fifth Wheel of Time Book, The Fires of Heaven! \nBREACH OF PEACE LINKS: \nAmazon: https://amzn.to/3kHsyNJ (physical/ebook)\nAudible: https://www.audible.com/pd/B08Z8L7D5Q/?source_code=AUDFPWS0223189MWT-BK-ACX0-245468&ref=acx_bty_BK_ACX0_245468_rh_us\nB&N: https://tinyurl.com/3df3c2p4 (physical/ebook)\nBook Depository: https://tinyurl.com/2hds7euy (physical)\nGoogle: https://tinyurl.com/abkh6mn6 (ebook)\nApple: https://tinyurl.com/rc994r8k (ebook)\nKobo: https://www.kobo.com/us/en/ebook/breach-of-peace-1 (ebook)\n\n\nMerch: http://dbh.la/fantasynews\nPatreon: https://www.patreon.com/DanielBGreene\nDiscord Server: https://discord.gg/xUzhVv4\nTwitter: https://twitter.com/DanielBGreene?lang=en\nTwitch: https://www.twitch.tv/fantasynews\nInstagram: https://www.instagram.com/dgreene101/\nSubreddit: https://www.reddit.com/r/danielgreene \nPodcast: https://afictionalconversation.podbean.com/\n\n\nEquipment: \nCamera: https://amzn.to/3siqgHv \nLense: https://amzn.to/3ugGxhQ \nLighting: https://amzn.to/3aI3brK \nMicrophone: https://amzn.to/3pCGtWg \nTripod: https://amzn.to/3kd9yq1 \n\n\nNew P.O. Box: PO Box 7874 Henrico, VA 23231", "link": "https://www.youtube.com/watch?v=_kTgMK75RI0", "date_published": "2021-09-17 00:00:00+00:00", "persistent": false, "user": null, "language": "en-US"}, {"source": "https://www.youtube.com/feeds/videos.xml?channel_id=UCw--xPGVVxYzRsWyV1nFqgg", "title": "Aes Sedai are TERRIBLE!", "description": "Thank you to BetterHelp for sponsoring this video! To get 10% off your first month of therapy, go to  https://betterhelp.com/greene  to sign up today!\n\nAes Sedai are kinda horrible! #WheelOfTime \n\n\nBREACH OF PEACE LINKS: \nAmazon: https://amzn.to/3kHsyNJ (physical/ebook)\nAudible: https://www.audible.com/pd/B08Z8L7D5Q/?source_code=AUDFPWS0223189MWT-BK-ACX0-245468&ref=acx_bty_BK_ACX0_245468_rh_us\nB&N: https://tinyurl.com/3df3c2p4 (physical/ebook)\nBook Depository: https://tinyurl.com/2hds7euy (physical)\nGoogle: https://tinyurl.com/abkh6mn6 (ebook)\nApple: https://tinyurl.com/rc994r8k (ebook)\nKobo: https://www.kobo.com/us/en/ebook/breach-of-peace-1 (ebook)\n\n\nMerch: http://dbh.la/fantasynews\nPatreon: https://www.patreon.com/DanielBGreene\nDiscord Server: https://discord.gg/xUzhVv4\nTwitter: https://twitter.com/DanielBGreene?lang=en\nTwitch: https://www.twitch.tv/fantasynews\nInstagram: https://www.instagram.com/dgreene101/\nSubreddit: https://www.reddit.com/r/danielgreene \nPodcast: https://afictionalconversation.podbean.com/\n\n\nEquipment: \nCamera: https://amzn.to/3siqgHv \nLense: https://amzn.to/3ugGxhQ \nLighting: https://amzn.to/3aI3brK \nMicrophone: https://amzn.to/3pCGtWg \nTripod: https://amzn.to/3kd9yq1 \n\n\nNew P.O. Box: PO Box 7874 Henrico, VA 23231", "link": "https://www.youtube.com/watch?v=mvrh9ujEKRQ", "date_published": "2021-09-16 00:00:00+00:00", "persistent": false, "user": null, "language": "en-US"}]