[{"source": "https://www.youtube.com/feeds/videos.xml?channel_id=UCl2mFZoRqjw_ELax4Yisf6w", "title": "Linus' framework investment, the sanity check, and investing in the repairable future", "description": "https://tinyurl.com/rossmatrix\nhttps://frame.work\nhttps://youtu.be/VFmKlcjvta0\nhttps://youtu.be/vQLws5KfntE\nhttps://youtu.be/LSxbc1IN9Gg", "link": "https://www.youtube.com/watch?v=YNYFOMOIDYQ", "date_published": "2021-09-16 00:00:00+00:00", "persistent": false, "user": null, "language": "en-US"}, {"source": "https://www.youtube.com/feeds/videos.xml?channel_id=UCl2mFZoRqjw_ELax4Yisf6w", "title": "let's talk about what happened tonight", "description": "https://tinyurl.com/rossmatrix", "link": "https://www.youtube.com/watch?v=qfgeTjRpoH0", "date_published": "2021-09-16 00:00:00+00:00", "persistent": false, "user": null, "language": "en-US"}, {"source": "https://www.youtube.com/feeds/videos.xml?channel_id=UCl2mFZoRqjw_ELax4Yisf6w", "title": "she thinks I'm a sellout :'(", "description": "https://tinyurl.com/rossmatrix", "link": "https://www.youtube.com/watch?v=BiQZKKDgAtg", "date_published": "2021-09-16 00:00:00+00:00", "persistent": false, "user": null, "language": "en-US"}]