[{"source": "https://www.youtube.com/feeds/videos.xml?channel_id=UCXuqSBlHAE6Xw-yeJA0Tunw", "title": "Did Apple Just Prove the iPhone Could be Cheaper? - WAN Show September 17, 2021", "description": "Save 10% at Ridge Wallet with offer code WAN at https://www.ridge.com/WAN\n\nHead over to joinhoney.com/linus and start saving today\n\nBuy a Seasonic Ultra Titanium PSU\nOn Amazon: https://geni.us/q4lnefC\nOn NewEgg: https://lmg.gg/8KV3S\n\nPodcast Download: https://anchor.fm/thewanshowpodcast/episodes/Did-Apple-Just-Prove-the-iPhone-Could-be-Cheaper----WAN-Show-September-17--2021-e17k9te\n\nCheck out our other Podcasts:\nCarpool Critics Movie Podcast: https://www.youtube.com/channel/UCt-oJR5teQIjOAxCmIQvcgA\n\nTimestamps (Courtesy of NoKi1119)\n[0:00] Chapters.\n[1:31] Intro.\n[1:56] Colton blames Geoff for no sponsors.\n[4:06] Topic #1: Apple's annual September event.\n    5:57 A15 specs & Geekbench result.\n    9:35 ProRes enabled on iPhone 13 Pro.\n    13:56 iPhone & iPad Mini improvements.\n    15:22 Lightning vs USB C.\n    17:36 iPad Mini is a bigger iPhone.\n    20:33 iPad 9th Gen & Apple Watch Series 7.\n    21:34 Apple sued for \"Sherlocking\" apps.\n    29:34 Issues with OLED displays on Windows.\n[36:26] Sponsors.\n    36:40 Seasonic's Ultra Titanium PSUs.\n    37:51 Honey Promo Codes.\n    38:50 Ridge Wallet.\n[40:04] Topic #2: LG 325-Inch 8K \"Whole Wall\" TV.\n    41:32 DVLED Home Theater Cinema TV.\n    44:20 LG's peak watt usage & other specs.\n    49:38 Different modules for TV models.\n    55:14 Responding to chat regarding purchases.\n    1:00:20 AirBnB & other leisure renting.\n[1:04:55] Topic #3: FloatPlane early-access REMOVED.\n[1:07:07] LTTstore new merch.\n[1:08:18] Topic #4: Sennheiser's new HD 8xx.\n[1:11:38] Superchats & discussing Framework.\n[1:30:35] Wrapping up.\n[1:31:23] Outro.", "link": "https://www.youtube.com/watch?v=jPidIspifRM", "date_published": "2021-09-17 00:00:00+00:00", "persistent": false, "user": null, "language": "en-US"}, {"source": "https://www.youtube.com/feeds/videos.xml?channel_id=UCXuqSBlHAE6Xw-yeJA0Tunw", "title": "5 weird motherboards that shouldn't exist", "description": "Get 20% OFF + Free Shipping @manscaped at https://manscaped.com/TECH\n\nSave 10% and Free Worldwide Shipping at Ridge Wallet by using offer code LINUS at https://www.ridge.com/LINUS\n\nMotherboards are the heart of any PC build, but while we take certain features and form factors for granted, specialty use and just plain bizarre system design means we get a few oddballs\u2026\n\nDiscuss on the forum: https://linustechtips.com/topic/1373740-5-weird-motherboards-that-shouldnt-exist/\n\n\u25ba GET MERCH: https://lttstore.com\n\u25ba AFFILIATES, SPONSORS & REFERRALS: https://lmg.gg/sponsors\n\u25ba PODCAST GEAR: https://lmg.gg/podcastgear\n\u25ba SUPPORT US ON FLOATPLANE: https://www.floatplane.com/\n\nFOLLOW US ELSEWHERE\n---------------------------------------------------  \nTwitter: https://twitter.com/linustech\nFacebook: http://www.facebook.com/LinusTech\nInstagram: https://www.instagram.com/linustech\nTikTok: https://www.tiktok.com/@linustech\nTwitch: https://www.twitch.tv/linustech\n\nMUSIC CREDIT\n---------------------------------------------------\nIntro: Laszlo - Supernova\nVideo Link: https://www.youtube.com/watch?v=PKfxmFU3lWY\niTunes Download Link: https://itunes.apple.com/us/album/supernova/id936805712\nArtist Link: https://soundcloud.com/laszlomusic\n\nOutro: Approaching Nirvana - Sugar High\nVideo Link: https://www.youtube.com/watch?v=ngsGBSCDwcI\nListen on Spotify: http://spoti.fi/UxWkUw\nArtist Link: http://www.youtube.com/approachingnirvana\n\nIntro animation by MBarek Abdelwassaa https://www.instagram.com/mbarek_abdel/\nMonitor And Keyboard by vadimmihalkevich / CC BY 4.0  https://geni.us/PgGWp\nMechanical RGB Keyboard by BigBrotherECE / CC BY 4.0 https://geni.us/mj6pHk4\nMouse Gamer free Model By Oscar Creativo / CC BY 4.0 https://geni.us/Ps3XfE\n\nCHAPTERS\n---------------------------------------------------  \n0:00 Intro\n1:09 Ports? Well... - Portwell PEB-9783G2AR\n4:15 Gonna give me a SURNIA - Enctec Rev Q270\n6:02 Zeal? Give it your all - ZA-SK1050\n8:45 Win to the max - PCWINMAX HM77-989Y\n11:15 EPIC Win - PCWINMAX EPIC ITX-M37\n13:19 Conclusion", "link": "https://www.youtube.com/watch?v=SWOCCuL6maE", "date_published": "2021-09-16 00:00:00+00:00", "persistent": false, "user": null, "language": "en-US"}]