[{"source": "https://www.youtube.com/feeds/videos.xml?channel_id=UCwSv086EAByBY-Z7y-QR_cQ", "title": "Projekt Smart City Charta. Spo\u0142ecze\u0144stwo postw\u0142asno\u015bciowe i postdemokratyczne", "description": "\ud83d\udcfa Zapraszam do ogl\u0105dania\n\n\u2b07\ufe0fRozwi\u0144 opis\u2b07\ufe0f\n------------------------------------------------------------\n\ud83d\udc40 Uszi po godzinach: https://goo.gl/cdCFKe\n\ud83d\udc40 Hello World_: http://bit.ly/31BEhnv\n------------------------------------------------------------\n\u2709\ufe0f Ludzie listy pisz\u0105 \n\ud83d\udd8a\ufe0f uszi@protonmail.com\n------------------------------------------------------------\n\ud83d\udc7a niecenzuralne i agresywne komentarze zostan\u0105 usuni\u0119te.  Jak ju\u017c musisz zakl\u0105\u0107 dawaj znaki (&*%@%).\n------------------------------------------------------------\n\ud83d\udcb2 Donate/ Darowizna\nPLN / SMS / Blik: http://bit.ly/3bsXtJj\nBTC: 174EmE88YFtvs6fuM8ZL5yYbik8hcaY6ud\n-------------------------------------------------------------\n\u2705\u017ar\u00f3d\u0142a:\n1. https://bit.ly/3uA0i3E\n---------------------------------------------------------------\n\ud83d\udca1 Tagi: #SmartCity\n--------------------------------------------------------------", "link": "https://www.youtube.com/watch?v=zHsJwxdrEUQ", "date_published": "2021-05-09 00:00:00+00:00", "persistent": false, "user": null, "language": "en-US"}, {"source": "https://www.youtube.com/feeds/videos.xml?channel_id=UCwSv086EAByBY-Z7y-QR_cQ", "title": "NIK: Polski wywiad zamieszany w afer\u0119 respiratorow\u0105! Dlaczego PiS nie rozlicza swojej afery?", "description": "\ud83d\udcfa Zapraszam do ogl\u0105dania\n\n\u2b07\ufe0fRozwi\u0144 opis\u2b07\ufe0f\n------------------------------------------------------------\n\ud83d\udc40 Uszi po godzinach: https://goo.gl/cdCFKe\n\ud83d\udc40 Hello World_: http://bit.ly/31BEhnv\n------------------------------------------------------------\n\u2709\ufe0f Ludzie listy pisz\u0105 \n\ud83d\udd8a\ufe0f uszi@protonmail.com\n------------------------------------------------------------\n\ud83d\udc7a niecenzuralne i agresywne komentarze zostan\u0105 usuni\u0119te.  Jak ju\u017c musisz zakl\u0105\u0107 dawaj znaki (&*%@%).\n------------------------------------------------------------\n\ud83d\udcb2 Donate/ Darowizna\nPLN / SMS / Blik: http://bit.ly/3bsXtJj\nBTC: 174EmE88YFtvs6fuM8ZL5yYbik8hcaY6ud\n-------------------------------------------------------------\n\u2705\u017ar\u00f3d\u0142a:\n1. https://bit.ly/3twaCbR\n2. https://bit.ly/3evFGnH\n3. https://bit.ly/2RzB1rY\n4. https://bit.ly/3buIy2r\n5. https://bit.ly/38aVFmx\n6. https://bit.ly/3hYjbHH\n7. https://bit.ly/3ob9jhv\n8. https://bit.ly/3y0nmuO\n---------------------------------------------------------------\n\ud83d\udca1 Tagi: #Szumowski #respiratory\n--------------------------------------------------------------", "link": "https://www.youtube.com/watch?v=C8Xhh8exyes", "date_published": "2021-05-08 00:00:00+00:00", "persistent": false, "user": null, "language": "en-US"}]