[{"source": "https://www.youtube.com/feeds/videos.xml?channel_id=UCzQUP1qoWDoEbmsQxvdjxgQ", "title": "Reggie Watts Explains NFT's to Joe", "description": "Taken from JRE #1648 w/Reggie Watts:\nhttps://open.spotify.com/episode/4Ct5bhOwlhgMSP77rBupIH?si=gUOqyo8MSkyiLvNqyhJN5Q", "link": "https://www.youtube.com/watch?v=T5x7lyWPnX8", "date_published": "2021-05-08 00:00:00+00:00", "persistent": false, "user": null, "language": "en-US"}, {"source": "https://www.youtube.com/feeds/videos.xml?channel_id=UCzQUP1qoWDoEbmsQxvdjxgQ", "title": "The Controversy Surrounding the \"Male Mona Lisa\"", "description": "Taken from JRE #1648 w/Reggie Watts:\nhttps://open.spotify.com/episode/4Ct5bhOwlhgMSP77rBupIH?si=gUOqyo8MSkyiLvNqyhJN5Q", "link": "https://www.youtube.com/watch?v=jqv6mWHVDUU", "date_published": "2021-05-08 00:00:00+00:00", "persistent": false, "user": null, "language": "en-US"}]