[{"source": "https://www.youtube.com/feeds/videos.xml?channel_id=UCZYTClx2T1of7BRZ86-8fow", "title": "\"Alternative\" Alternative Energies", "description": "Humans have an almost insatiable energy demand, so scientists and engineers are always on the lookout for sustainable ways to provide the energy we need. And some of these ideas go way beyond solar panels and wind turbines!\n\nGo to http://Brilliant.org/SciShow to try their Solar Energy course. Sign up now and get 20% off an annual Premium subscription.\n\nHosted by: Hank Green\n\nSciShow has a spinoff podcast! It's called SciShow Tangents. Check it out at http://www.scishowtangents.org\n\n----------\nSupport SciShow by becoming a patron on Patreon: https://www.patreon.com/scishow\n----------\nHuge thanks go to the following Patreon supporters for helping us keep SciShow free for everyone forever:\n\nSilas Emrys, Drew Hart, Jeffrey Mckishen, James Knight, Christoph Schwanke, Jacob, Matt Curls, Christopher R Boucher, Eric Jensen, Adam Brainard, Nazara, Growing Violet, Ash, Laura Sanborn, Sam Lutfi, Piya Shedden, Katie Marie Magnone, Scott Satovsky Jr, charles george, Alex Hackman, Chris Peters, Kevin Bealer, Alisa Sherbow\n\n----------\nLooking for SciShow elsewhere on the internet?\nFacebook: http://www.facebook.com/scishow\nTwitter: http://www.twitter.com/scishow\nTumblr: http://scishow.tumblr.com\nInstagram: http://instagram.com/thescishow\n----------\nSources:\nhttp://hyperphysics.phy-astr.gsu.edu/hbase/thermo/coobod.html\nhttps://www.bbc.com/news/business-12137680\nhttps://news.mit.edu/2010/explained-thermoelectricity-0427\nhttps://www.azom.com/article.aspx?ArticleID=8462\nhttps://ii-vi.com/how_do_thermoelectric_coolers_tec_work/\nhttps://www.smithsonianmag.com/innovation/this-flashlight-is-powered-by-the-touch-of-your-hand-180950226/\nhttps://ieeexplore.ieee.org/document/8278689\nhttps://www.nasa.gov/centers/ames/research/technology-onepagers/human_devices.html\nhttps://my.clevelandclinic.org/health/treatments/4080-deep-brain-stimulation-for-parkinsons-disease-patients\nhttps://news.mit.edu/2019/converting-wi-fi-signals-electricity-0128\nhttps://www.nature.com/articles/s41598-018-33388-w\nhttps://metaconferences.org/ocs/public/conferences/9/pdf/2884.pdf\nhttps://news.mit.edu/2019/converting-wi-fi-signals-electricity-0128\nhttp://hyperphysics.phy-astr.gsu.edu/hbase/Solids/piezo.html\nhttps://www.autodesk.com/products/eagle/blog/piezoelectricity/\nhttps://energycentral.com/c/um/breakthroughs-piezoelectric-power-raising-public-awareness-step-right-direction\nhttps://www.nytimes.com/2008/10/24/world/europe/24rotterdam.html\nhttps://www.utwente.nl/en/news/2012/2/235602/generating-electricity-from-vibrations-in-road-surface-works\nhttps://wonders.physics.wisc.edu/oscilloscope/\nhttps://books.google.com/books?id=aiEDAAAAMBAJ&lpg=PA6&pg=PA124#v=onepage&q&f=false\nhttps://www.dynalec.com/products/sound-powered-telephone\nhttps://www.qmul.ac.uk/research/news/features/2012/the-power-of-sound-to-generate-electricity.html\nhttps://education.mrsec.wisc.edu/triboelectric-nanogenerator/\nhttps://pubs.acs.org/doi/10.1021/acsnano.5b00618\nhttps://www.eia.gov/energyexplained/wind/electricity-generation-from-wind.php\nhttps://www.shell.com/inside-energy/kite-power.html\nhttps://sitn.hms.harvard.edu/flash/2015/the-winds-of-change-are-blowing-new-kite-like-wind-turbine-promises-to-revolutionize-wind-energy/\nhttps://homes.esat.kuleuven.be/~highwind/wp-content/uploads/2011/07/Loyd1980.pdf\nhttps://www.independent.co.uk/climate-change/news/kite-power-station-scotland-wind-turbine-plant-electricity-a7348576.html\nhttps://www.umass.edu/newsoffice/article/new-green-technology-umass-amherst\nhttps://www.nature.com/articles/s41586-020-2010-9\n\nImages:\nhttps://www.istockphoto.com/photo/cologne-cityscape-at-dusk-gm1194483949-340143420\nhttps://www.istockphoto.com/photo/solar-energy-and-wind-power-stations-gm1032683612-276595220\nhttps://commons.wikimedia.org/wiki/File:Stockholm_Central_Station_September_2013.jpg\nhttps://commons.wikimedia.org/wiki/File:Thermogalvanic_cell_General.png\nhttps://commons.wikimedia.org/wiki/File:Silicon.jpg\nhttps://commons.wikimedia.org/wiki/File:%D0%9C%D0%BE%D0%BD%D0%BE%D0%BA%D1%80%D0%B8%D1%81%D1%82%D0%B0%D0%BB%D0%BB_%D1%82%D0%B5%D0%BB%D0%BB%D1%83%D1%80%D0%B8%D0%B4%D0%B0_%D0%B2%D0%B8%D1%81%D0%BC%D1%83%D1%82%D0%B0.jpg\nhttps://commons.wikimedia.org/wiki/File:Space_to_ground_microwave,_laser_pilot_beam.png\nhttps://commons.wikimedia.org/wiki/File:SchemaPiezo.gif\nhttps://commons.wikimedia.org/wiki/File:Pierre_Curie_et_Marie_Sklodowska_Curie_1895.jpg\nhttps://www.storyblocks.com/video/stock/night-club-party-dancing-to-music-of-dj-leeroy-thornhill-byks7uyalkbrrhn1k\nhttps://commons.wikimedia.org/wiki/File:HMNZS_Te_Kaha_sound-powered_telephone_20080702.jpg\nhttps://commons.wikimedia.org/wiki/File:Cat_and_styrofoam_%E2%80%93_electrostatic_charge_(235112299).jpg\nhttps://commons.wikimedia.org/wiki/File:Lateral_sliding_mode_of_triboelectric_nanogenerator.tif\nhttps://commons.wikimedia.org/wiki/File:Crosswind_kite_power_station_with_fast_motion_transfer_having_two_wings_offshore.jpg\nhttps://www.eurekalert.org/multimedia/pub/224145.php", "link": "https://www.youtube.com/watch?v=odBiQ5sKsNQ", "date_published": "2021-05-09 00:00:00+00:00", "persistent": false, "user": null, "language": "en-US"}, {"source": "https://www.youtube.com/feeds/videos.xml?channel_id=UCZYTClx2T1of7BRZ86-8fow", "title": "Why You Can't Bake a Mason Jar", "description": "Regular old glass like the kind that makes up a mason jar can shatter and explode if put in the oven. But we do have types of glass that you can bake your pie or brownies in and it's all thanks to some neat chemical tricks.\n\nGo to http://Brilliant.org/SciShow to try their Chemical Reaction course. Sign up now and get 20% off an annual Premium subscription.\n\nHosted by: Hank Green\n\nSciShow has a spinoff podcast! It's called SciShow Tangents. Check it out at http://www.scishowtangents.org\n\n----------\nSupport SciShow by becoming a patron on Patreon: https://www.patreon.com/scishow\n----------\nHuge thanks go to the following Patreon supporters for helping us keep SciShow free for everyone forever:\n\nSilas Emrys, Drew Hart, Jeffrey Mckishen, James Knight, Christoph Schwanke, Jacob, Matt Curls, Christopher R Boucher, Eric Jensen, Adam Brainard, Nazara, Growing Violet, Ash, Laura Sanborn, Sam Lutfi, Piya Shedden, Katie Marie Magnone, Scott Satovsky Jr, charles george, Alex Hackman, Chris Peters, Kevin Bealer, Alisa Sherbow\n\n----------\nLooking for SciShow elsewhere on the internet?\nFacebook: http://www.facebook.com/scishow\nTwitter: http://www.twitter.com/scishow\nTumblr: http://scishow.tumblr.com\nInstagram: http://instagram.com/thescishow\n----------\nSources:\nhttps://ocw.mit.edu/courses/materials-science-and-engineering/3-071-amorphous-materials-fall-2015/lecture-notes/MIT3_071F15_Lecture2.pdf \nPhillips, G. C. (1991). Structure of Glass. A Concise Introduction to Ceramics, 60\u201364. doi:10.1007/978-94-011-6973-8_11 \nhttp://scienceline.ucsb.edu/getkey.php?key=2406\nhttps://www.mashed.com/172839/the-reason-you-should-never-wash-a-hot-pan/ \nhttps://prudentreviews.com/why-do-pans-warp/ \nhttps://worldofpans.com/why-do-pans-warp/\nhttps://www.westlab.com/blog/2017/11/02/what-is-the-difference-between-soda-lime-glass-and-borosilicate-glass\nhttps://www.cmog.org/article/types-glass\nhttps://www.frontiersin.org/articles/10.3389/fmats.2019.00175/full \nhttps://www.google.com/books/edition/Summary_Report_on_Emissions_from_the_Gla/qh5u_jNtydsC?hl=en&gbpv=1&bsq=Borosilicate+glass+is+created+by+combining+together+and+melting+boric+oxide,+silica+sand,+soda+ash,+and+alumina&pg=PA14&printsec=frontcover \nhttps://www.britannica.com/topic/glass-properties-composition-and-industrial-production-234890#ref76294 \nhttps://ceramics.onlinelibrary.wiley.com/doi/abs/10.1111/j.1151-2916.1983.tb10023.x \nhttp://www.chemistryexplained.com/Ge-Hy/Glass.html \nhttps://books.google.com.au/books?id=nGsoDwAAQBAJ&printsec=frontcover&dq=Introduction+to+Glass+Science+and+Technology+By+J.+E.+Shelby&hl=en&sa=X&ved=0ahUKEwi4-p7-5PvhAhVZXn0KHSKGBMUQ6AEIKDAA#v=onepage&q=Introduction%20to%20Glass%20Science%20and%20Technology%20By%20J.%20E.%20Shelby&f=false \n\nImages:\nhttps://www.istockphoto.com/photo/baked-chicken-in-the-oven-gm490310806-75141781\nhttps://www.istockphoto.com/photo/brownies-in-a-glass-baking-pan-gm172374655-23462885\nhttps://www.storyblocks.com/video/stock/hot-furnace-with-rotating-glass-special-industry-fire-furnace-for-melting-glass-for-further-designing-in-to-different-shape-sqqja16nzj4trsy0b\nhttps://www.istockphoto.com/photo/open-area-in-front-of-the-building-gm1069527780-286099103\nhttps://commons.wikimedia.org/wiki/File:Beakers.jpg\nhttps://commons.wikimedia.org/wiki/File:Kristallstruktur_Bortrioxid.png\nhttps://www.istockphoto.com/photo/freshly-baked-plum-pie-with-almonds-and-crumble-on-top-gm499506730-80263727", "link": "https://www.youtube.com/watch?v=7i4cBLt_X7Q", "date_published": "2021-05-08 00:00:00+00:00", "persistent": false, "user": null, "language": "en-US"}]