[{"source": "http://feeds.bbci.co.uk/news/rss.xml", "title": "Covid vaccines: Why a giant plastic bag shortage is slowing the rollout", "description": "A look at the critical vaccine components in short supply, as a new global marketplace is launched to tackle bottlenecks.", "link": "https://www.bbc.co.uk/news/health-57024322", "date_published": "2021-07-23 23:33:35+00:00", "persistent": false, "user": null, "language": "en-US"}, {"source": "http://feeds.bbci.co.uk/news/rss.xml", "title": "Face palm: When the emoji you want doesn't exist", "description": "There are about 3,000 emojis to choose from but what happens when the one you want isn't there?", "link": "https://www.bbc.co.uk/news/technology-57848226", "date_published": "2021-07-23 23:31:48+00:00", "persistent": false, "user": null, "language": "en-US"}, {"source": "http://feeds.bbci.co.uk/news/rss.xml", "title": "Ethiopia's Tigray crisis: What's stopping aid getting in?", "description": "A renewed surge in fighting has made it ever more difficult for aid to reach areas in desperate need.", "link": "https://www.bbc.co.uk/news/57929853", "date_published": "2021-07-23 23:30:05+00:00", "persistent": false, "user": null, "language": "en-US"}, {"source": "http://feeds.bbci.co.uk/news/rss.xml", "title": "Scarborough hotel owner couple helping homeless people", "description": "Jess and Andrew Waggitt opened their doors to vulnerable people during the pandemic and continue to do so.", "link": "https://www.bbc.co.uk/news/uk-57916769", "date_published": "2021-07-23 23:01:56+00:00", "persistent": false, "user": null, "language": "en-US"}, {"source": "http://feeds.bbci.co.uk/news/rss.xml", "title": "Week in pictures: 17-23 July 2021", "description": "A selection of powerful images taken around the world this week.", "link": "https://www.bbc.co.uk/news/in-pictures-57932538", "date_published": "2021-07-23 23:01:48+00:00", "persistent": false, "user": null, "language": "en-US"}, {"source": "http://feeds.bbci.co.uk/news/rss.xml", "title": "Tips from the Netherlands on how to build a nation of cyclists", "description": "Some tips from the Dutch Cycling Embassy on how to make bikes the easiest and safest way to travel.", "link": "https://www.bbc.co.uk/news/world-europe-57944428", "date_published": "2021-07-23 23:01:21+00:00", "persistent": false, "user": null, "language": "en-US"}, {"source": "http://feeds.bbci.co.uk/news/rss.xml", "title": "DRC volcano: Reuniting children with families after the eruption", "description": "Children are still separated from parents, two months after a volcano erupted near Goma in DR Congo.", "link": "https://www.bbc.co.uk/news/world-africa-57947193", "date_published": "2021-07-23 23:00:59+00:00", "persistent": false, "user": null, "language": "en-US"}, {"source": "http://feeds.bbci.co.uk/news/rss.xml", "title": "'People have never seen anything like this before'", "description": "Live-streamed footage of a family of blue tits has had more than 41 million views online.", "link": "https://www.bbc.co.uk/news/uk-england-leicestershire-57836610", "date_published": "2021-07-23 23:00:52+00:00", "persistent": false, "user": null, "language": "en-US"}, {"source": "http://feeds.bbci.co.uk/news/rss.xml", "title": "Covid: The holiday makers having to self-isolate abroad", "description": "Some holidaymakers who tested positive for Covid while abroad are having to stay and self-isolate.", "link": "https://www.bbc.co.uk/news/business-57946480", "date_published": "2021-07-23 22:43:19+00:00", "persistent": false, "user": null, "language": "en-US"}, {"source": "http://feeds.bbci.co.uk/news/rss.xml", "title": "Fatuma Kadir: Parents' plea to find missing Bolton schoolgirl, 11", "description": "The parents of Fatuma Kadir, who travelled from Manchester to London by train, say they are in \"shock\".", "link": "https://www.bbc.co.uk/news/uk-england-manchester-57950115", "date_published": "2021-07-23 21:17:10+00:00", "persistent": false, "user": null, "language": "en-US"}, {"source": "http://feeds.bbci.co.uk/news/rss.xml", "title": "Tributes to Stoke-on-Trent man who died on trip to beach", "description": "The family of 21-year-old Hamza Mansoor have thanked \"all the heroes\" who tried to save him.", "link": "https://www.bbc.co.uk/news/uk-england-stoke-staffordshire-57945294", "date_published": "2021-07-23 20:08:01+00:00", "persistent": false, "user": null, "language": "en-US"}, {"source": "http://feeds.bbci.co.uk/news/rss.xml", "title": "Tokyo Olympics: Watch best opening ceremony moments in two minutes", "description": "Watch all the best bits from the Tokyo 2020 opening ceremony - including the best of the athletes' entrances and the lighting of the iconic Olympic flame by Naomi Osaka.", "link": "https://www.bbc.co.uk/sport/av/olympics/57947141", "date_published": "2021-07-23 16:31:24+00:00", "persistent": false, "user": null, "language": "en-US"}, {"source": "http://feeds.bbci.co.uk/news/rss.xml", "title": "Makina: the UK subculture you've probably never heard of", "description": "A leading MC says the music genre's return after Covid is going to be \"something special\".", "link": "https://www.bbc.co.uk/news/uk-england-57946983", "date_published": "2021-07-23 15:58:19+00:00", "persistent": false, "user": null, "language": "en-US"}, {"source": "http://feeds.bbci.co.uk/news/rss.xml", "title": "Old: Critics split on M Night Shyamalan's new thriller", "description": "Old, the new film from M Night Shyamalan, sees the characters start to age at rapid speed.", "link": "https://www.bbc.co.uk/news/entertainment-arts-57940492", "date_published": "2021-07-23 14:43:26+00:00", "persistent": false, "user": null, "language": "en-US"}, {"source": "http://feeds.bbci.co.uk/news/rss.xml", "title": "'What a sight!' - Drones light up above Olympic stadium", "description": "Watch as the sky above Japan's Olympic Stadium is illuminated by 1,800 drones for the opening ceremony of the Tokyo 2020 Olympics.", "link": "https://www.bbc.co.uk/sport/av/olympics/57940556", "date_published": "2021-07-23 14:40:59+00:00", "persistent": false, "user": null, "language": "en-US"}, {"source": "http://feeds.bbci.co.uk/news/rss.xml", "title": "Tokyo Olympic Games: When are they and how will Covid affect them?", "description": "The Tokyo Summer Olympics have begun, despite a surge in Covid cases in Japan.", "link": "https://www.bbc.co.uk/news/world-asia-57240044", "date_published": "2021-07-23 13:04:48+00:00", "persistent": false, "user": null, "language": "en-US"}, {"source": "http://feeds.bbci.co.uk/news/rss.xml", "title": "Tokyo Olympics: Team GB enter the opening ceremony in Tokyo", "description": "Watch as Team GB enter the Olympic opening ceremony for Tokyo 2020, led by joint flagbearers Hannah Mills and Mohamed Sbihi.", "link": "https://www.bbc.co.uk/sport/av/olympics/57940553", "date_published": "2021-07-23 12:59:39+00:00", "persistent": false, "user": null, "language": "en-US"}, {"source": "http://feeds.bbci.co.uk/news/rss.xml", "title": "Covid infections around the UK continue to rise", "description": "Cases continue to increase, with more rises possible once the impact of easing restrictions kicks in.", "link": "https://www.bbc.co.uk/news/health-57942217", "date_published": "2021-07-23 12:56:41+00:00", "persistent": false, "user": null, "language": "en-US"}, {"source": "http://feeds.bbci.co.uk/news/rss.xml", "title": "Jadon Sancho: England winger completes \u00a373m move to Manchester United from Borussia Dortmund", "description": "England winger Jadon Sancho completes his \u00a373m move to Manchester United from Borussia Dortmund.", "link": "https://www.bbc.co.uk/sport/football/57827831", "date_published": "2021-07-23 12:45:30+00:00", "persistent": false, "user": null, "language": "en-US"}, {"source": "http://feeds.bbci.co.uk/news/rss.xml", "title": "Rail services face cuts as staff self-isolate", "description": "Operators say they may have to run fewer trains as more employees are hit by the \"pingdemic\".", "link": "https://www.bbc.co.uk/news/business-57940660", "date_published": "2021-07-23 12:39:04+00:00", "persistent": false, "user": null, "language": "en-US"}, {"source": "http://feeds.bbci.co.uk/news/rss.xml", "title": "Covid: Food workers given exemption from isolation rules", "description": "Iceland warns the move will not solve the issue of staff shortages in supermarkets themselves.", "link": "https://www.bbc.co.uk/news/business-57937342", "date_published": "2021-07-23 12:20:40+00:00", "persistent": false, "user": null, "language": "en-US"}, {"source": "http://feeds.bbci.co.uk/news/rss.xml", "title": "Latitude Festival: 'It's so nice to get back into the festival vibe'", "description": "About 40,000 people are expected at this year's Latitude Festival each day.", "link": "https://www.bbc.co.uk/news/uk-england-suffolk-57940287", "date_published": "2021-07-23 12:18:42+00:00", "persistent": false, "user": null, "language": "en-US"}, {"source": "http://feeds.bbci.co.uk/news/rss.xml", "title": "Soldier found dead in barracks at Larkhill, Salisbury", "description": "The Ministry of Defence says it is investigating the circumstances surrounding her death.", "link": "https://www.bbc.co.uk/news/uk-england-wiltshire-57943159", "date_published": "2021-07-23 12:03:24+00:00", "persistent": false, "user": null, "language": "en-US"}, {"source": "http://feeds.bbci.co.uk/news/rss.xml", "title": "Tokyo Olympics: Watch BBC Sport's Tokyo 2020 Olympics opening sequence", "description": "Watch the BBC Sport Tokyo 2020 Olympics opening sequence, with narration from Michael Ward.", "link": "https://www.bbc.co.uk/sport/av/57940550", "date_published": "2021-07-23 11:46:39+00:00", "persistent": false, "user": null, "language": "en-US"}, {"source": "http://feeds.bbci.co.uk/news/rss.xml", "title": "Omagh bomb: 'Real prospect attack could have been prevented'", "description": "A judge also calls for new investigations into the Real IRA attack which killed 29 people.", "link": "https://www.bbc.co.uk/news/uk-northern-ireland-57937174", "date_published": "2021-07-23 11:30:09+00:00", "persistent": false, "user": null, "language": "en-US"}, {"source": "http://feeds.bbci.co.uk/news/rss.xml", "title": "US fires: Inside a US fire truck driving through a wildfire", "description": "As burning ash pelts their vehicle, video shows firefighters in California drive through the flames.", "link": "https://www.bbc.co.uk/news/world-us-canada-57943338", "date_published": "2021-07-23 11:13:24+00:00", "persistent": false, "user": null, "language": "en-US"}, {"source": "http://feeds.bbci.co.uk/news/rss.xml", "title": "Fashion for Crocs continues to break records", "description": "The chunky shoe's sales nearly doubled in the three months to the end of June compared with last year.", "link": "https://www.bbc.co.uk/news/business-57935256", "date_published": "2021-07-23 10:23:10+00:00", "persistent": false, "user": null, "language": "en-US"}, {"source": "http://feeds.bbci.co.uk/news/rss.xml", "title": "Man rescued in Alaska after week-long bear attack ordeal", "description": "US Coast Guard officials spotted an SOS sign on a remote shack where the man had been staying.", "link": "https://www.bbc.co.uk/news/world-us-canada-57939501", "date_published": "2021-07-23 10:08:34+00:00", "persistent": false, "user": null, "language": "en-US"}, {"source": "http://feeds.bbci.co.uk/news/rss.xml", "title": "Son Heung-min: Tottenham forward signs new four-year contract", "description": "Tottenham forward Son Heung-min signs a new four-year contract keeping him at the club until 2025.", "link": "https://www.bbc.co.uk/sport/football/57941327", "date_published": "2021-07-23 09:56:35+00:00", "persistent": false, "user": null, "language": "en-US"}, {"source": "http://feeds.bbci.co.uk/news/rss.xml", "title": "Greensill: Lady Heywood's anger at 'scapegoating' of late husband by inquiry", "description": "Lady Heywood calls a report on the Greensill lobbying scandal a \"fabricated attack\" on her late husband.", "link": "https://www.bbc.co.uk/news/uk-politics-57933130", "date_published": "2021-07-23 09:45:52+00:00", "persistent": false, "user": null, "language": "en-US"}, {"source": "http://feeds.bbci.co.uk/news/rss.xml", "title": "Firm fined \u00a32.6m for claiming clothes prevent Covid", "description": "Australian activewear company Lorna Jane is branded \"exploitative\" and \"predatory\" by a judge.", "link": "https://www.bbc.co.uk/news/business-57940657", "date_published": "2021-07-23 09:39:21+00:00", "persistent": false, "user": null, "language": "en-US"}, {"source": "http://feeds.bbci.co.uk/news/rss.xml", "title": "John Simpson: Good Morning Britain hosts apologise after swearing", "description": "Veteran foreign correspondent let the rude word slip on the ITV show shortly before 0650 BST.", "link": "https://www.bbc.co.uk/news/entertainment-arts-57940487", "date_published": "2021-07-23 09:19:19+00:00", "persistent": false, "user": null, "language": "en-US"}, {"source": "http://feeds.bbci.co.uk/news/rss.xml", "title": "Rugby League World Cup withdrawal 'premature', says Australia players' union", "description": "Australia and New Zealand's decision to pull out of the Rugby League World Cup was \"premature\", according to Australia's players' union.", "link": "https://www.bbc.co.uk/sport/rugby-league/57939301", "date_published": "2021-07-23 08:42:43+00:00", "persistent": false, "user": null, "language": "en-US"}, {"source": "http://feeds.bbci.co.uk/news/rss.xml", "title": "Children in Need and Comic Relief to air from BBC Salford studios", "description": "The BBC's annual fundraising events will be broadcast from the city from 2021 onwards.", "link": "https://www.bbc.co.uk/news/entertainment-arts-57940447", "date_published": "2021-07-23 08:40:35+00:00", "persistent": false, "user": null, "language": "en-US"}, {"source": "http://feeds.bbci.co.uk/news/rss.xml", "title": "Climate change, a coalmine and a town that needs jobs", "description": "In Cumbria, environmental concerns come into conflict with economic hopes.", "link": "https://www.bbc.co.uk/news/uk-politics-57927389", "date_published": "2021-07-23 08:28:50+00:00", "persistent": false, "user": null, "language": "en-US"}, {"source": "http://feeds.bbci.co.uk/news/rss.xml", "title": "Dawn Butler thrown out of Commons for PM lie accusation", "description": "Dawn Butler breaks parliamentary rules by accusing Boris Johnson of lying.", "link": "https://www.bbc.co.uk/news/uk-politics-57927398", "date_published": "2021-07-23 08:17:22+00:00", "persistent": false, "user": null, "language": "en-US"}, {"source": "http://feeds.bbci.co.uk/news/rss.xml", "title": "A year late and with a pandemic still raging, these Olympics will be a Games like no other", "description": "With the opening ceremony set for Friday, BBC Sport previews the Tokyo 2020 Olympics - a Games like no other.", "link": "https://www.bbc.co.uk/sport/olympics/57865245", "date_published": "2021-07-23 07:11:02+00:00", "persistent": false, "user": null, "language": "en-US"}, {"source": "http://feeds.bbci.co.uk/news/rss.xml", "title": "Tokyo Olympics: Jamaican sprinter Shelly-Ann Fraser-Pryce trying to reach 'great things'", "description": "Jamaican sprinter and two-time Olympic gold medallist Shelly-Ann Fraser-Pryce aims to get to the \"great things\" at Tokyo 2020.", "link": "https://www.bbc.co.uk/sport/olympics/57937525", "date_published": "2021-07-23 07:01:34+00:00", "persistent": false, "user": null, "language": "en-US"}, {"source": "http://feeds.bbci.co.uk/news/rss.xml", "title": "Sarm Heslop: Missing woman's parents still have hope", "description": "Four months after she vanished, it is still not known what happened to Sarm Heslop.", "link": "https://www.bbc.co.uk/news/uk-england-hampshire-57911889", "date_published": "2021-07-23 05:47:37+00:00", "persistent": false, "user": null, "language": "en-US"}, {"source": "http://feeds.bbci.co.uk/news/rss.xml", "title": "Tokyo Olympics: Adam Peaty meets Reece Parkinson to talk cars, fatherhood & staying undefeated.", "description": "British swimmer Adam Peaty meets BBC Radio 1's Reece Parkinson to talk cars, fatherhood and staying undefeated at the Tokyo Olympics.", "link": "https://www.bbc.co.uk/sport/av/olympics/57441928", "date_published": "2021-07-23 05:21:27+00:00", "persistent": false, "user": null, "language": "en-US"}, {"source": "http://feeds.bbci.co.uk/news/rss.xml", "title": "Tusker Rock's shipwrecks graveyard captured in art project", "description": "Photographer Peter Britton wants his project to stand as a legacy to those lost to Tusker Rock.", "link": "https://www.bbc.co.uk/news/uk-wales-57918489", "date_published": "2021-07-23 05:13:59+00:00", "persistent": false, "user": null, "language": "en-US"}, {"source": "http://feeds.bbci.co.uk/news/rss.xml", "title": "Tokyo Olympics: Katarina Johnson-Thompson's battles with injury & self-doubt in pursuit of gold", "description": "How Katarina Johnson-Thompson tore up everything to claim world gold and will have to upset the odds once more to win in Tokyo.", "link": "https://www.bbc.co.uk/sport/olympics/57901791", "date_published": "2021-07-23 05:12:25+00:00", "persistent": false, "user": null, "language": "en-US"}, {"source": "http://feeds.bbci.co.uk/news/rss.xml", "title": "Tokyo Olympics: Kye Whyte, BMX rider - from naughty kid to becoming an Olympian", "description": "BMX rider Kye Whyte talks going from a naughty kid growing up in Peckham to the Olympic Games in Tokyo.", "link": "https://www.bbc.co.uk/sport/av/olympics/57916290", "date_published": "2021-07-23 05:11:22+00:00", "persistent": false, "user": null, "language": "en-US"}, {"source": "http://feeds.bbci.co.uk/news/rss.xml", "title": "Mystery orcas spotted in Scotland found in Norway", "description": "The pod of six killer whales photographed in a Norwegian fjord were last spotted off Vatersay in 2018.", "link": "https://www.bbc.co.uk/news/uk-scotland-57934989", "date_published": "2021-07-23 05:09:46+00:00", "persistent": false, "user": null, "language": "en-US"}, {"source": "http://feeds.bbci.co.uk/news/rss.xml", "title": "'Ghost school' with no students for a second year", "description": "English language schools warn they are on the \"brink of collapse\" after two summers without students.", "link": "https://www.bbc.co.uk/news/education-57892935", "date_published": "2021-07-23 01:43:40+00:00", "persistent": false, "user": null, "language": "en-US"}]