[{"source": "https://www.youtube.com/feeds/videos.xml?channel_id=UCswH8ovgUp5Bdg-0_JTYFNw", "title": "Is THIS Why We Were Lied To About Psychedelics?!", "description": "New studies show MDMA could help cure PTSD. Why have the benefits of psychedelics as a psychiatric treatment been buried for over half a century? \n#psychedelics #MDMA #MagicMushrooms \n\nElites are taking over! Our only hope is to form our own. To learn more join my cartel here https://www.russellbrand.com/join and get weekly bulletins too incendiary for anything but your private inbox.\n*not a euphemism\n\nListen to my Luminary Original podcast, Under The Skin, to hear from guests including Edward Snowden, Jonathan Haidt, Jordan Peterson, Naomi Klein, Kehinde Andrews, Adam Curtis and Vandana Shiva.\nSubscribe to Luminary at http://apple.co/russell \n\nMy NEW weekly meditation podcast, Above the Noise, is available now only on Luminary.\n\nGet passes to my show Our Little Lives: Shakespeare & Me. It's streaming on Live Now on July 14th. http://bit.ly/3godW5g\n\nSEE ME LIVE! Check out my live events and buy tickets here https://www.russellbrand.com/live-dates/ \n\nMy Audible Original, \u2018Revelation', is out NOW!\nUS: http://adbl.co/revelation\nUK: http://adbl.co/revelationuk\nAU: http://adbl.co/revelationau\nCA: http://adbl.co/revelationca\n\n___________________________________\nClick the link below to subscribe below to my Youtube Channel:\n\nhttp://www.youtube.com/c/RussellBrand?sub_confirmation=1\n\n\nFor meditation and breath work, subscribe to my side-channel: \n\nhttp://www.youtube.com/c/AwakeningWithRussell?sub_confirmation=1\n___________________________________\n\nInstagram: \nhttp://instagram.com/russellbrand/\n\nTwitter: \nhttp://twitter.com/rustyrockets", "link": "https://www.youtube.com/watch?v=qwh1SqWxW3E", "date_published": "2021-07-24 00:00:00+00:00", "persistent": false, "user": null, "language": "en-US"}, {"source": "https://www.youtube.com/feeds/videos.xml?channel_id=UCswH8ovgUp5Bdg-0_JTYFNw", "title": "Russell Brand Reacts To His Viral Jeremy Paxman Interview", "description": "In this video, I take you through one of my favourite VIRAL moments with interlocutor Jeremy Paxman. I share some of the ways I parry and handle confrontation. \n\n#JeremyPaxman #viralvideos #confrontation #BBC #BBCNewsnight\n\nElites are taking over! Our only hope is to form our own. To learn more join my cartel here https://www.russellbrand.com/join and get weekly bulletins too incendiary for anything but your private inbox.\n*not a euphemism\n\nListen to my Luminary Original podcast, Under The Skin, to hear from guests including Edward Snowden, Jonathan Haidt, Jordan Peterson, Naomi Klein, Kehinde Andrews, Adam Curtis and Vandana Shiva.\nSubscribe to Luminary at http://apple.co/russell \n\nMy NEW weekly meditation podcast, Above the Noise, is available now only on Luminary.\n\nGet passes to my show Our Little Lives: Shakespeare & Me. It's streaming on Live Now on July 14th. http://bit.ly/3godW5g\n\nSEE ME LIVE! Check out my live events and buy tickets here https://www.russellbrand.com/live-dates/ \n\nMy Audible Original, \u2018Revelation', is out NOW!\nUS: http://adbl.co/revelation\nUK: http://adbl.co/revelationuk\nAU: http://adbl.co/revelationau\nCA: http://adbl.co/revelationca\n\n___________________________________\nClick the link below to subscribe below to my Youtube Channel:\n\nhttp://www.youtube.com/c/RussellBrand?sub_confirmation=1\n\n\nFor meditation and breath work, subscribe to my side-channel: \n\nhttp://www.youtube.com/c/AwakeningWithRussell?sub_confirmation=1\n___________________________________\n\nInstagram: \nhttp://instagram.com/russellbrand/\n\nTwitter: \nhttp://twitter.com/rustyrockets", "link": "https://www.youtube.com/watch?v=LXHqPnh1rp0", "date_published": "2021-07-23 00:00:00+00:00", "persistent": false, "user": null, "language": "en-US"}]