[{"source": "https://www.youtube.com/feeds/videos.xml?channel_id=UCAKcSON6PSG_JkTbXh2WdIg", "title": "Yola - Stand For Myself (live performance for The Current)", "description": "Yola plays the title track from her upcoming record, 'Stand For Myself', coming out on @EasyEyeSound.\n\nDon't miss Yola's full virtual session, including an interview about playing Sister Rosetta Tharpe in the upcoming Baz Luhrmann film 'Elvis,' and how her childhood musical influences came through on the new record: https://youtu.be/PQEdil-40SE\n\nSubscribe to our channel:\nhttp://www.youtube.com/user/893TheCurrent\n\nLike/Follow:\nhttps://www.facebook.com/TheCurrent/\u200b\u200b\u200b\u200b\nhttps://twitter.com/TheCurrent\u200b\u200b\u200b\u200b\nhttps://www.instagram.com/thecurrent/", "link": "https://www.youtube.com/watch?v=QsXfnM0uUeA", "date_published": "2021-07-24 00:00:00+00:00", "persistent": false, "user": null, "language": "en-US"}, {"source": "https://www.youtube.com/feeds/videos.xml?channel_id=UCAKcSON6PSG_JkTbXh2WdIg", "title": "Yola - Starlight (live performance for The Current)", "description": "Yola plays \"Diamond Studded Shoes\" from her upcoming record, 'Stand For Myself', coming out on @EasyEyeSound.\n\nDon't miss Yola's full virtual session, including an interview about playing Sister Rosetta Tharpe in the upcoming Baz Luhrmann film 'Elvis,' and how her childhood musical influences came through on the new record: https://youtu.be/PQEdil-40SE\n\nSubscribe to our channel:\nhttp://www.youtube.com/user/893TheCurrent\n\nLike/Follow:\nhttps://www.facebook.com/TheCurrent/\u200b\u200b\u200b\u200b\nhttps://twitter.com/TheCurrent\u200b\u200b\u200b\u200b\nhttps://www.instagram.com/thecurrent/", "link": "https://www.youtube.com/watch?v=-qaBK6Y49Bo", "date_published": "2021-07-24 00:00:00+00:00", "persistent": false, "user": null, "language": "en-US"}, {"source": "https://www.youtube.com/feeds/videos.xml?channel_id=UCAKcSON6PSG_JkTbXh2WdIg", "title": "Yola plays songs from Stand For Myself (live performance for The Current)", "description": "Yola plays three tracks from her upcoming record, 'Stand For Myself', coming out July 2021 on @EasyEyeSound.\n\nSongs Played:\n00:01 Diamond Studded Shoes\n03:37 Stand For Myself\n07:56 Starlight\n\nDon't miss Yola's full virtual session, including an interview about playing Sister Rosetta Tharpe in the upcoming Baz Luhrmann film 'Elvis,' and how her childhood musical influences came through on the new record: https://youtu.be/PQEdil-40SE\n\nSubscribe to our channel:\nhttp://www.youtube.com/user/893TheCurrent\n\nLike/Follow:\nhttps://www.facebook.com/TheCurrent/\u200b\u200b\u200b\u200b\nhttps://twitter.com/TheCurrent\u200b\u200b\u200b\u200b\nhttps://www.instagram.com/thecurrent/", "link": "https://www.youtube.com/watch?v=f0KIptymZc4", "date_published": "2021-07-24 00:00:00+00:00", "persistent": false, "user": null, "language": "en-US"}, {"source": "https://www.youtube.com/feeds/videos.xml?channel_id=UCAKcSON6PSG_JkTbXh2WdIg", "title": "Shungudzo - It's a good day (to fight the system) (live performance for The Current)", "description": "Zimbabwean-American artist Shungudzo joins The Current to share a performance of \"It's a good day (to fight the system)\" which appears on her debut record, 'I am not a mother, but I have children'.\n\nDon't miss @Shungudzo's full interview with The Current's Mary Lucia about   the ways poetry are intertwined with her songwriting, her experiences as a child moving from Zimbabwe to the US, and what she's got planned for the fall: https://youtu.be/qloTMIT_pWI\n\nSubscribe to our channel:\nhttp://www.youtube.com/user/893TheCurrent\n\nLike/Follow:\nhttps://www.facebook.com/TheCurrent/\u200b\u200b\u200b\u200b\nhttps://twitter.com/TheCurrent\u200b\u200b\u200b\u200b\nhttps://www.instagram.com/thecurrent/", "link": "https://www.youtube.com/watch?v=M5sDOep8UPY", "date_published": "2021-07-23 00:00:00+00:00", "persistent": false, "user": null, "language": "en-US"}, {"source": "https://www.youtube.com/feeds/videos.xml?channel_id=UCAKcSON6PSG_JkTbXh2WdIg", "title": "Shungudzo performs songs from 'I'm not a mother, but I have children'", "description": "Zimbabwean-American artist Shungudzo joins The Current to share performances of songs from her debut record, 'I'm not a mother, but I have children'.\n\nSongs Played:\n00:01 It's a good day (to fight the system)\n03:16 There's only so much a soul can take\n06:20 To be me\n10:14 I'm not a mother, but I have children\n\nDon't miss @Shungudzo's full interview with The Current's Mary Lucia about   the ways poetry are intertwined with her songwriting, her experiences as a child moving from Zimbabwe to the US, and what she's got planned for the fall: https://youtu.be/qloTMIT_pWI\n\nSubscribe to our channel:\nhttp://www.youtube.com/user/893TheCurrent\n\nLike/Follow:\nhttps://www.facebook.com/TheCurrent/\u200b\u200b\u200b\u200b\nhttps://twitter.com/TheCurrent\u200b\u200b\u200b\u200b\nhttps://www.instagram.com/thecurrent/", "link": "https://www.youtube.com/watch?v=zuL9nToegLw", "date_published": "2021-07-23 00:00:00+00:00", "persistent": false, "user": null, "language": "en-US"}, {"source": "https://www.youtube.com/feeds/videos.xml?channel_id=UCAKcSON6PSG_JkTbXh2WdIg", "title": "Yola - Diamond Studded Shoes (live performance for The Current)", "description": "Yola plays \"Diamond Studded Shoes\" from her upcoming record, 'Stand For Myself', coming out on @EasyEyeSound. \n\nDon't miss Yola's full virtual session, including an interview about playing Sister Rosetta Tharpe in the upcoming Baz Luhrmann film 'Elvis,' and how her childhood musical influences came through on the new record: https://youtu.be/PQEdil-40SE\n\nSubscribe to our channel:\nhttp://www.youtube.com/user/893TheCurrent\n\nLike/Follow:\nhttps://www.facebook.com/TheCurrent/\u200b\u200b\u200b\u200b\nhttps://twitter.com/TheCurrent\u200b\u200b\u200b\u200b\nhttps://www.instagram.com/thecurrent/", "link": "https://www.youtube.com/watch?v=K5J-hvoElBM", "date_published": "2021-07-23 00:00:00+00:00", "persistent": false, "user": null, "language": "en-US"}]