[{"source": "https://www.youtube.com/feeds/videos.xml?channel_id=UCyl5V3-J_Bsy3x-EBCJwepg", "title": "THE BEE WEEKLY: Bigoted Crossword Puzzles, Pregnant Man Emojis, and Ask A Christian Woman", "description": "In this episode, Kyle and Ethan are joined by Kristin Weber (http://www.kristinweberonline.com/), a comedian, speaker, and author of several books including Adulting For Jesus (https://www.amazon.com/Adulting-Jesus-Trusting-Obviously-Burritos/dp/0830781854). She also plays a mean accordion. Kristin gifts us with our new theme song before getting into all the weird news of the week like how human civilization has finally reached pregnant man emojis and how crossword puzzles are bigoted now. There\u2019s also Real Things Blue Checks Say, Ask A Christian Woman, and glorious hate mail.\n\nThis episode is brought to you by The Chesterton Conference (chesterton.org/conference) happening July 29, 30, and 31 and you can even attend online! (Bee fans make sure to get your substantial discount by using promo code TheBee25!)", "link": "https://www.youtube.com/watch?v=1JxPsfCNGYI", "date_published": "2021-07-23 00:00:00+00:00", "persistent": false, "user": null, "language": "en-US"}]