[{"source": "https://www.youtube.com/feeds/videos.xml?channel_id=UCD6VugMZKRhSyzWEWA9W2fg", "title": "Amazing Cultivation Simulator Review | CCP\u2122 Edition\u2122", "description": "Dedicated to Xi Jingping and the splendor of China.\n\nBuy on GOG (20% off) (10 days):\nhttps://af.gog.com/acs?as=1630110786\n\nMods:\nhttps://bit.ly/ACSMods\n\nGuides:\nhttps://bit.ly/ACSGuides\n\nEnjoy.\n-----------------------\nSend Sseth Shekels: https://www.paypal.me/SsethTzeentachGB\nSend Sseth Shekels per video:  https://www.patreon.com/Sseth\nSend Sseth Shekels / crypto: https://www.subscribestar.com/ssethtzeentach\n\nWebsite: https://ssethtzeentach.com/\nTwitter: https://twitter.com/SsethTzeentach\nFB: https://www.facebook.com/sseth672/", "link": "https://www.youtube.com/watch?v=wJxM3POU92w", "date_published": "2021-07-23 15:45:06+00:00", "persistent": false, "user": null, "language": "en-US"}]