[{"source": "http://feeds.bbci.co.uk/news/rss.xml", "title": "Jimmy Carr: Comedy made my whole life better", "description": "The comedian says learning techniques such as timing and communication impacted all areas of his life.", "link": "https://www.bbc.co.uk/news/entertainment-arts-58683108?at_medium=RSS&at_campaign=KARANGA", "date_published": "2021-10-06 23:56:58+00:00", "persistent": false, "user": null, "language": "en-US"}, {"source": "http://feeds.bbci.co.uk/news/rss.xml", "title": "How the semiconductor shortage could be a problem for you", "description": "Intel is making an effort to combat the global semiconductor shortage at their new site in Arizona.", "link": "https://www.bbc.co.uk/news/world-us-canada-58820331?at_medium=RSS&at_campaign=KARANGA", "date_published": "2021-10-06 23:38:00+00:00", "persistent": false, "user": null, "language": "en-US"}, {"source": "http://feeds.bbci.co.uk/news/rss.xml", "title": "Booksellers hope soaring sales will continue as we read more", "description": "We have been buying more books since the start of the pandemic as lockdowns created more time to read.", "link": "https://www.bbc.co.uk/news/business-58802805?at_medium=RSS&at_campaign=KARANGA", "date_published": "2021-10-06 23:14:04+00:00", "persistent": false, "user": null, "language": "en-US"}, {"source": "http://feeds.bbci.co.uk/news/rss.xml", "title": "Lionel Messi: The inside story of Paris St-Germain forward's first months in France", "description": "Lionel Messi spent 21 years at Barcelona. BBC Sport's Guillem Balague reports on his first two months with new club Paris St-Germain.", "link": "https://www.bbc.co.uk/sport/football/58809309?at_medium=RSS&at_campaign=KARANGA", "date_published": "2021-10-06 23:06:30+00:00", "persistent": false, "user": null, "language": "en-US"}, {"source": "http://feeds.bbci.co.uk/news/rss.xml", "title": "Nigeria\u2019s #EndSars protests: What did they achieve?", "description": "A year after the massive #EndSars protests many complain that police brutality remains a problem.", "link": "https://www.bbc.co.uk/news/world-africa-58817690?at_medium=RSS&at_campaign=KARANGA", "date_published": "2021-10-06 23:05:11+00:00", "persistent": false, "user": null, "language": "en-US"}, {"source": "http://feeds.bbci.co.uk/news/rss.xml", "title": "Ros Atkins On... China's climate change promises", "description": "Ahead of COP26, Ros Atkins looks at what the world's biggest emitters are doing to tackle climate change.", "link": "https://www.bbc.co.uk/news/world-58822143?at_medium=RSS&at_campaign=KARANGA", "date_published": "2021-10-06 23:00:26+00:00", "persistent": false, "user": null, "language": "en-US"}, {"source": "http://feeds.bbci.co.uk/news/rss.xml", "title": "Sepsis survivor uses wrestling for rehabilitation", "description": "David Wellington from Bristol is using Olympic wrestling to help him adapt to life after sepsis.", "link": "https://www.bbc.co.uk/news/uk-england-bristol-58821700?at_medium=RSS&at_campaign=KARANGA", "date_published": "2021-10-06 23:00:22+00:00", "persistent": false, "user": null, "language": "en-US"}, {"source": "http://feeds.bbci.co.uk/news/rss.xml", "title": "Life at 50C: Keeping cool in India's heatwaves", "description": "One charity is helping the country's poor stay cool with a simple and cheap solution.", "link": "https://www.bbc.co.uk/news/world-asia-58820950?at_medium=RSS&at_campaign=KARANGA", "date_published": "2021-10-06 23:00:14+00:00", "persistent": false, "user": null, "language": "en-US"}, {"source": "http://feeds.bbci.co.uk/news/rss.xml", "title": "Ivermectin: How false science created a Covid 'miracle' drug", "description": "Thousands worldwide have taken ivermectin to fight Covid. But what's the evidence?", "link": "https://www.bbc.co.uk/news/health-58170809?at_medium=RSS&at_campaign=KARANGA", "date_published": "2021-10-06 22:59:29+00:00", "persistent": false, "user": null, "language": "en-US"}, {"source": "http://feeds.bbci.co.uk/news/rss.xml", "title": "Civil partnership: Call for same sex affairs to be grounds for split", "description": "Woman explains why it was difficult to end her civil partnership despite her wife's affair.", "link": "https://www.bbc.co.uk/news/uk-wales-58804475?at_medium=RSS&at_campaign=KARANGA", "date_published": "2021-10-06 11:45:39+00:00", "persistent": false, "user": null, "language": "en-US"}, {"source": "http://feeds.bbci.co.uk/news/rss.xml", "title": "Boris Johnson: It is our mission as Tories to promote opportunity", "description": "Boris Johnson tells his party conference that better housing and transport will \"level up\" society.", "link": "https://www.bbc.co.uk/news/uk-politics-58817217?at_medium=RSS&at_campaign=KARANGA", "date_published": "2021-10-06 11:42:11+00:00", "persistent": false, "user": null, "language": "en-US"}, {"source": "http://feeds.bbci.co.uk/news/rss.xml", "title": "American rivals DeChambeau and Koepka to go head-to-head", "description": "Americans Bryson DeChambeau and Brooks Koepka will renew their rivalry when they go head-to-head in The Match in Las Vegas.", "link": "https://www.bbc.co.uk/sport/golf/58817820?at_medium=RSS&at_campaign=KARANGA", "date_published": "2021-10-06 11:26:39+00:00", "persistent": false, "user": null, "language": "en-US"}, {"source": "http://feeds.bbci.co.uk/news/rss.xml", "title": "Why are some footballers vaccine hesitant & what happens next?", "description": "With the Premier League, club managers, politicians and football authorities all encouraging vaccinations, why are some players still hesitant - and what can be done?", "link": "https://www.bbc.co.uk/sport/football/58806500?at_medium=RSS&at_campaign=KARANGA", "date_published": "2021-10-06 11:26:23+00:00", "persistent": false, "user": null, "language": "en-US"}, {"source": "http://feeds.bbci.co.uk/news/rss.xml", "title": "China-Taiwan military tensions 'worst in 40 years'", "description": "Taiwan's defence minister warns of the risk of an accidental strike amid more Chinese aerial incursions.", "link": "https://www.bbc.co.uk/news/world-asia-58812100?at_medium=RSS&at_campaign=KARANGA", "date_published": "2021-10-06 11:24:35+00:00", "persistent": false, "user": null, "language": "en-US"}, {"source": "http://feeds.bbci.co.uk/news/rss.xml", "title": "Pig cull threat not being taken seriously by PM, says vet", "description": "A labour shortage in abattoirs means some 600 pigs have already been shot and discarded.", "link": "https://www.bbc.co.uk/news/uk-58813959?at_medium=RSS&at_campaign=KARANGA", "date_published": "2021-10-06 11:11:34+00:00", "persistent": false, "user": null, "language": "en-US"}, {"source": "http://feeds.bbci.co.uk/news/rss.xml", "title": "Tesco shrugs off supply concerns as sales surge", "description": "Britain's biggest supermarket shrugs off the impact of the pandemic and supply chain crisis.", "link": "https://www.bbc.co.uk/news/business-58813624?at_medium=RSS&at_campaign=KARANGA", "date_published": "2021-10-06 11:06:16+00:00", "persistent": false, "user": null, "language": "en-US"}, {"source": "http://feeds.bbci.co.uk/news/rss.xml", "title": "Universal credit: Tory peer issues fresh call for vote on benefit uplift end", "description": "The \u00a320-a-week top-up to universal credit was always meant to be temporary, the government says.", "link": "https://www.bbc.co.uk/news/uk-58814117?at_medium=RSS&at_campaign=KARANGA", "date_published": "2021-10-06 10:54:38+00:00", "persistent": false, "user": null, "language": "en-US"}, {"source": "http://feeds.bbci.co.uk/news/rss.xml", "title": "England hold positive Ashes talks with Cricket Australia", "description": "England hold positive talks with Cricket Australia as they seek to move a step closer to confirming the Ashes can go ahead as planned.", "link": "https://www.bbc.co.uk/sport/cricket/58788751?at_medium=RSS&at_campaign=KARANGA", "date_published": "2021-10-06 10:49:46+00:00", "persistent": false, "user": null, "language": "en-US"}, {"source": "http://feeds.bbci.co.uk/news/rss.xml", "title": "Tewkesbury stabbings: Man dies as three attacked", "description": "A man is arrested after a knifeman attacks people on a Tewkesbury housing estate in Gloucestershire.", "link": "https://www.bbc.co.uk/news/uk-england-gloucestershire-58811821?at_medium=RSS&at_campaign=KARANGA", "date_published": "2021-10-06 10:41:20+00:00", "persistent": false, "user": null, "language": "en-US"}, {"source": "http://feeds.bbci.co.uk/news/rss.xml", "title": "Covid symptoms: What are they and how do I protect myself?", "description": "A new cough, fever and change in smell or taste are the key symptoms of coronavirus.", "link": "https://www.bbc.co.uk/news/health-51048366?at_medium=RSS&at_campaign=KARANGA", "date_published": "2021-10-06 10:24:04+00:00", "persistent": false, "user": null, "language": "en-US"}, {"source": "http://feeds.bbci.co.uk/news/rss.xml", "title": "Conservative conference: Dominic Raab criticised for misogyny comments", "description": "Critics accuse the justice secretary of not understanding the definition of violence against women.", "link": "https://www.bbc.co.uk/news/uk-politics-58814271?at_medium=RSS&at_campaign=KARANGA", "date_published": "2021-10-06 10:18:29+00:00", "persistent": false, "user": null, "language": "en-US"}, {"source": "http://feeds.bbci.co.uk/news/rss.xml", "title": "Chemistry Nobel awarded for mirror-image molecules", "description": "A Briton and a German have been awarded the chemistry Nobel for their work to build new molecules.", "link": "https://www.bbc.co.uk/news/science-environment-58814418?at_medium=RSS&at_campaign=KARANGA", "date_published": "2021-10-06 10:07:30+00:00", "persistent": false, "user": null, "language": "en-US"}, {"source": "http://feeds.bbci.co.uk/news/rss.xml", "title": "Supreme Court upholds challenge to two Holyrood bills", "description": "Two bills passed by MSPs will have to be amended after the Supreme Court upheld a challenge made by UK law officers.", "link": "https://www.bbc.co.uk/news/uk-scotland-scotland-politics-58794698?at_medium=RSS&at_campaign=KARANGA", "date_published": "2021-10-06 09:55:22+00:00", "persistent": false, "user": null, "language": "en-US"}, {"source": "http://feeds.bbci.co.uk/news/rss.xml", "title": "Blood on the bars: Lizzie Deignan's Paris-Roubaix win & a landmark for women's cycling", "description": "There was blood on the handlebars, mud everywhere else. Lizzie Deignan looks back on her glorious win in a landmark race for women's cycling.", "link": "https://www.bbc.co.uk/sport/cycling/58805044?at_medium=RSS&at_campaign=KARANGA", "date_published": "2021-10-06 09:54:38+00:00", "persistent": false, "user": null, "language": "en-US"}, {"source": "http://feeds.bbci.co.uk/news/rss.xml", "title": "Sarah Everard: Labour peer to demand fuller Met inquiry", "description": "Shami Chakrabati says the inquiry into failings after Sarah Everard's murder needs to be judge-led.", "link": "https://www.bbc.co.uk/news/uk-politics-58814228?at_medium=RSS&at_campaign=KARANGA", "date_published": "2021-10-06 09:37:05+00:00", "persistent": false, "user": null, "language": "en-US"}, {"source": "http://feeds.bbci.co.uk/news/rss.xml", "title": "Universal credit reduction: 'I feel overwhelmed' at financial impact", "description": "As the \u00a320-a-week UC uplift is withdrawn, we ask three women how it will affect them.", "link": "https://www.bbc.co.uk/news/business-58800166?at_medium=RSS&at_campaign=KARANGA", "date_published": "2021-10-06 09:23:03+00:00", "persistent": false, "user": null, "language": "en-US"}, {"source": "http://feeds.bbci.co.uk/news/rss.xml", "title": "Overseas workers only way to solve shortages, says Next boss", "description": "Next boss Lord Wolfson says hiring overseas workers under a visa tax scheme is the solution to shortages.", "link": "https://www.bbc.co.uk/news/business-58786741?at_medium=RSS&at_campaign=KARANGA", "date_published": "2021-10-06 09:14:15+00:00", "persistent": false, "user": null, "language": "en-US"}, {"source": "http://feeds.bbci.co.uk/news/rss.xml", "title": "The Papers: PM has 'guts to fix UK' amid battle with business", "description": "Previews of Boris Johnson's conference speech and rows with industry over shortages lead the papers.", "link": "https://www.bbc.co.uk/news/blogs-the-papers-58811341?at_medium=RSS&at_campaign=KARANGA", "date_published": "2021-10-06 08:41:23+00:00", "persistent": false, "user": null, "language": "en-US"}, {"source": "http://feeds.bbci.co.uk/news/rss.xml", "title": "Let's pay together? Tina sells song rights for reported $50m", "description": "The star hands over the rights to songs like The Best and Nutbush City Limits to music company BMG.", "link": "https://www.bbc.co.uk/news/entertainment-arts-58814248?at_medium=RSS&at_campaign=KARANGA", "date_published": "2021-10-06 08:09:11+00:00", "persistent": false, "user": null, "language": "en-US"}, {"source": "http://feeds.bbci.co.uk/news/rss.xml", "title": "'It would be amazing to win this after the Euros' - all you need to know about Nations League finals", "description": "Find out who is playing in the 2021 Nations League finals and read what the tournament is all about.", "link": "https://www.bbc.co.uk/sport/football/58807364?at_medium=RSS&at_campaign=KARANGA", "date_published": "2021-10-06 07:03:17+00:00", "persistent": false, "user": null, "language": "en-US"}, {"source": "http://feeds.bbci.co.uk/news/rss.xml", "title": "Why are woodlands being snapped up in Wales?", "description": "A couple and a family explain why they decided to spend their savings on a woodland in Wales.", "link": "https://www.bbc.co.uk/news/uk-wales-58809671?at_medium=RSS&at_campaign=KARANGA", "date_published": "2021-10-06 06:11:57+00:00", "persistent": false, "user": null, "language": "en-US"}, {"source": "http://feeds.bbci.co.uk/news/rss.xml", "title": "You have to embarrass the racists - Holding", "description": "West Indies great Michael Holding says people must \"call out\" and \"embarrass\" racists if equality is to be achieved.", "link": "https://www.bbc.co.uk/sport/cricket/58811304?at_medium=RSS&at_campaign=KARANGA", "date_published": "2021-10-06 05:09:25+00:00", "persistent": false, "user": null, "language": "en-US"}, {"source": "http://feeds.bbci.co.uk/news/rss.xml", "title": "Rare drawings by boxing great Muhammad Ali sell for nearly $1m", "description": "Some 26 drawings, sketches and paintings by the legendary boxer went under the hammer in New York.", "link": "https://www.bbc.co.uk/news/world-us-canada-58811731?at_medium=RSS&at_campaign=KARANGA", "date_published": "2021-10-06 03:39:41+00:00", "persistent": false, "user": null, "language": "en-US"}, {"source": "http://feeds.bbci.co.uk/news/rss.xml", "title": "Study reveals why some people get Covid toe condition", "description": "Scientists have investigated how the chilblain-like lesions arise in some people who catch Covid.", "link": "https://www.bbc.co.uk/news/health-58801462?at_medium=RSS&at_campaign=KARANGA", "date_published": "2021-10-06 03:00:03+00:00", "persistent": false, "user": null, "language": "en-US"}]