[{"source": "https://www.youtube.com/feeds/videos.xml?channel_id=UCZYTClx2T1of7BRZ86-8fow", "title": "Hilde Mangold and the Organizer of Life | Great Minds", "description": "Thanks to Unbounce for sponsoring today's video. Go to https://thld.co/unbounce_scishow and use the promo code SCISHOW at checkout to get 20% off your first 3 months.\n\nExperiments conducted by Hilde Mangold and Hans Spemann taught us how an animal develops from a small ball of cells into an organism with distinct, functioning parts. The work was a foundational contribution to the field of developmental biology.\n\nHosted by: Hank Green\n\nSciShow is on TikTok!  Check us out at https://www.tiktok.com/@scishow \n----------\nSupport SciShow by becoming a patron on Patreon: https://www.patreon.com/scishow\n----------\nHuge thanks go to the following Patreon supporters for helping us keep SciShow free for everyone forever:\n\nBryan Cloer, Chris Peters, Matt Curls, Kevin Bealer, Jeffrey Mckishen, Jacob, Christopher R Boucher, Nazara, charles george, Christoph Schwanke, Ash, Silas Emrys, Eric Jensen, Adam Brainard, Piya Shedden, Alex Hackman, James Knight, GrowingViolet, Sam Lutfi, Alisa Sherbow, Jason A Saslow, Dr. Melvin Sanicas, Melida Williams, Tom Mosner\n\n----------\nLooking for SciShow elsewhere on the internet?\nSciShow Tangents Podcast: http://www.scishowtangents.org\nFacebook: http://www.facebook.com/scishow\nTwitter: http://www.twitter.com/scishow\nInstagram: http://instagram.com/thescishow\n----------\nSources:\nhttp://www.ijdb.ehu.es/web/paper.php?doi=11291841\nhttps://www.ncbi.nlm.nih.gov/pmc/articles/PMC2464568/\nhttps://www.jstor.org/stable/4330877?seq=1#page_scan_tab_contents\n\nhttps://www.ncbi.nlm.nih.gov/books/NBK10101/\nhttps://opentextbc.ca/biology/chapter/24-6-fertilization-and-early-embryonic-development/\nhttps://www.nobelprize.org/prizes/medicine/1935/spemann/lecture/\nhttps://www.dictionary.com/browse/developmental-biology\n\nImages:\nhttps://commons.wikimedia.org/wiki/File:Hilde_Mangold.jpg\nhttps://commons.wikimedia.org/wiki/File:Zygote1.jpg\nhttps://www.istockphoto.com/vector/development-of-the-human-embryo-gm509962405-46482592\nhttps://www.istockphoto.com/vector/pink-human-skin-cell-vector-seamless-pattern-gm1076612692-288319198\nhttps://www.istockphoto.com/vector/cell-division-background-gm500374547-42835662\nhttps://www.istockphoto.com/photo/frog-spawn-gm1002876014-270985943\nhttps://commons.wikimedia.org/wiki/File:TriturusCristatusYoungLarva.JPG\nhttps://www.istockphoto.com/photo/young-businessman-getting-tired-and-depressed-working-hard-in-the-office-gm683118450-125353095\nhttps://www.istockphoto.com/vector/phone-tablet-icon-with-tile-user-interface-on-screen-flat-style-vector-illustration-gm942687596-257620352\nhttps://commons.wikimedia.org/wiki/File:Hans_Spemann_nobel.jpg", "link": "https://www.youtube.com/watch?v=00L05Aqh7_0", "date_published": "2021-10-07 00:00:00+00:00", "persistent": false, "user": null, "language": "en-US"}, {"source": "https://www.youtube.com/feeds/videos.xml?channel_id=UCZYTClx2T1of7BRZ86-8fow", "title": "Why Does Being in the Sun Make You So Tired?", "description": "The beach is nice, but why does spending time out in the sun leave us feeling so exhausted?\n\nHosted by: Hank Green\n\nSciShow is on TikTok!  Check us out at https://www.tiktok.com/@scishow \n----------\nSupport SciShow by becoming a patron on Patreon: https://www.patreon.com/scishow\n----------\nHuge thanks go to the following Patreon supporters for helping us keep SciShow free for everyone forever:\n\nBryan Cloer, Chris Peters, Matt Curls, Kevin Bealer, Jeffrey Mckishen, Jacob, Christopher R Boucher, Nazara, charles george, Christoph Schwanke, Ash, Silas Emrys, Eric Jensen, Adam Brainard, Piya Shedden, Alex Hackman, James Knight, GrowingViolet, Sam Lutfi, Alisa Sherbow, Jason A Saslow, Dr. Melvin Sanicas, Melida Williams, Tom Mosner\n\n----------\nLooking for SciShow elsewhere on the internet?\nSciShow Tangents Podcast: http://www.scishowtangents.org\nFacebook: http://www.facebook.com/scishow\nTwitter: http://www.twitter.com/scishow\nInstagram: http://instagram.com/thescishow\n----------\nSources:\n\nhttps://www.istockphoto.com/photo/man-enjoying-the-sunset-on-the-beach-gm899125396-248105274\nhttps://www.istockphoto.com/photo/back-yard-staycation-gm1264613668-370431713\nhttps://www.storyblocks.com/video/stock/beautiful-clear-big-sunrise-sunset-close-up-big-red-hot-sun-in-warm-air-distortion-above-the-horizon-htehnwdepkczwfqcy\nhttps://www.istockphoto.com/photo/feeling-uncomfortable-gm641708302-116271921\nhttps://www.istockphoto.com/photo/water-droplets-on-black-background-gm1177589614-328804153\nhttps://www.istockphoto.com/photo/sunrise-gm531253600-93711199\nhttps://www.istockphoto.com/vector/group-of-different-people-with-a-sunburn-vector-illustration-gm1321682168-407853747\nhttps://www.istockphoto.com/photo/man-sleeping-on-hammock-at-beach-gm1140106102-304969452", "link": "https://www.youtube.com/watch?v=hpZTvadpn3c", "date_published": "2021-10-06 00:00:00+00:00", "persistent": false, "user": null, "language": "en-US"}]