[{"source": "https://www.youtube.com/feeds/videos.xml?channel_id=UCXuqSBlHAE6Xw-yeJA0Tunw", "title": "What Was Valve Hiding? - Steam Deck Teardown Reaction", "description": "Repower your devices with iFixit at https://iFixit.com/LTT\n\nWe finally got our first look inside the Valve Steam Deck, here's our reaction.\n\nBuy Handheld Consoles\nOn Amazon (PAID LINK): https://geni.us/twnir\nOn Best Buy (PAID LINK): https://geni.us/oNO2eQ\nOn Newegg (PAID LINK): https://geni.us/j51hUL\n\nPurchases made through some store links may provide some compensation to Linus Media Group.\n\nDiscuss on the forum: https://linustechtips.com/topic/1379237-what-was-valve-hiding-steam-deck-teardown-reaction/\n\n\u25baGET MERCH: http://www.LTTStore.com/\n\u25baSUPPORT US ON FLOATPLANE: https://www.floatplane.com/  \n\u25baLTX EXPO: https://www.ltxexpo.com/   \n\nAFFILIATES & REFERRALS\n---------------------------------------------------\n\u25baAffiliates, Sponsors & Referrals: https://lmg.gg/sponsors\n\u25baCheck out our podcast gear: https://kit.co/linustechtips/lmg-podcast-gear\n\u25baPrivate Internet Access VPN: https://lmg.gg/pialinus2\n\u25baOur Official Charging Partner Anker: https://lmg.gg/AnkerLTT\n\u25baSecretlabs Gaming Chairs: https://lmg.gg/SecretlabLTT\n\u25baMK Keyboards: https://lmg.gg/LyLtl\n\u25baNerd or Die Stream Overlays: https://lmg.gg/avLlO\n\u25baGreen Man Gaming https://lmg.gg/GMGLTT\n\u25baAmazon Prime: https://lmg.gg/8KV1v\n\u25baAudible Free Trial: https://lmg.gg/8242J\n\u25baOur Gear on Amazon: https://geni.us/OhmF\n\nFOLLOW US ELSEWHERE\n---------------------------------------------------  \nTwitter: https://twitter.com/linustech\nFacebook: http://www.facebook.com/LinusTech\nInstagram: https://www.instagram.com/linustech\nTwitch: https://www.twitch.tv/linustech\n\nFOLLOW OUR OTHER CHANNELS\n---------------------------------------------------  \nMac Address: https://lmg.gg/macaddress\nTechquickie: https://lmg.gg/techquickieyt\nTechLinked: https://lmg.gg/techlinkedyt\nShortCircuit: https://lmg.gg/shortcircuityt\n\nLMG Clips: https://lmg.gg/lmgclipsyt\nChannel Super Fun: https://lmg.gg/channelsuperfunyt\nThey're Just Movies: https://lmg.gg/TheyreJustMoviesYT\n\nMUSIC CREDIT\n---------------------------------------------------  \nTitle: Laszlo - Supernova\nVideo Link: https://www.youtube.com/watch?v=PKfxmFU3lWY\niTunes Download Link: https://itunes.apple.com/us/album/supernova/id936805712\nArtist Link: https://soundcloud.com/laszlomusic\n\nOutro Screen Music Credit: Approaching Nirvana - Sugar High http://www.youtube.com/approachingnirvana\n\nIntro animation by MBarek Abdelwassaa https://www.instagram.com/mbarek_abdel/\nMonitor And Keyboard by vadimmihalkevich / CC BY 4.0  https://geni.us/PgGWp\nMechanical RGB Keyboard by BigBrotherECE / CC BY 4.0 https://geni.us/mj6pHk4\nMouse Gamer free Model By Oscar Creativo / CC BY 4.0 https://geni.us/Ps3XfE", "link": "https://www.youtube.com/watch?v=nnyqww4-76A", "date_published": "2021-10-07 00:00:00+00:00", "persistent": false, "user": null, "language": "en-US"}, {"source": "https://www.youtube.com/feeds/videos.xml?channel_id=UCXuqSBlHAE6Xw-yeJA0Tunw", "title": "iOS 15 ruined my vacation! - Final review", "description": "Get 20% OFF + Free Shipping @manscaped at https://manscaped.com/TECH\n\nGet 15% off the ModMic Wireless and other ModMic products at https://antlionaudio.com/linustalktips\n\niOS 15 is finally out, but I\u2019ve already been using it for months now. Is it really ready for prime time on your iPhone and iPad, or should Apple have given it a bit more time to mature?\n\nBuy Apple iPhone 13\nOn Amazon (PAID LINK): https://geni.us/raIS3\nOn Best Buy (PAID LINK): https://geni.us/wWLt\nOn Newegg (PAID LINK): https://geni.us/ZzpWqM\n\nBuy Apple iPad\nOn Amazon (PAID LINK): https://geni.us/K2Tz\nOn Best Buy (PAID LINK): https://geni.us/BR7VX\nOn Newegg (PAID LINK): https://geni.us/NtazA\n\nBuy Apple Watch Series 7\nOn Amazon (PAID LINK): https://geni.us/m9mjpVA\nOn Best Buy (PAID LINK): https://geni.us/z15y\nOn Newegg (PAID LINK): https://geni.us/WfxO\n\nPurchases made through some store links may provide some compensation to Linus Media Group.\n\nDiscuss on the forum: https://linustechtips.com/topic/1378926-ios-15-ruined-my-vacation/\n\n\n\u25baGET MERCH: http://www.LTTStore.com/\n\u25baSUPPORT US ON FLOATPLANE: https://www.floatplane.com/  \n\u25baLTX EXPO: https://www.ltxexpo.com/   \n\nAFFILIATES & REFERRALS\n---------------------------------------------------\n\u25baAffiliates, Sponsors & Referrals: https://lmg.gg/sponsors\n\u25baCheck out our podcast gear: https://kit.co/linustechtips/lmg-podcast-gear\n\u25baPrivate Internet Access VPN: https://lmg.gg/pialinus2\n\u25baOur Official Charging Partner Anker: https://lmg.gg/AnkerLTT\n\u25baSecretlabs Gaming Chairs: https://lmg.gg/SecretlabLTT\n\u25baMK Keyboards: https://lmg.gg/LyLtl\n\u25baNerd or Die Stream Overlays: https://lmg.gg/avLlO\n\u25baGreen Man Gaming https://lmg.gg/GMGLTT\n\u25baAmazon Prime: https://lmg.gg/8KV1v\n\u25baAudible Free Trial: https://lmg.gg/8242J\n\u25baOur Gear on Amazon: https://geni.us/OhmF\n\nFOLLOW US ELSEWHERE\n---------------------------------------------------  \nTwitter: https://twitter.com/linustech\nFacebook: http://www.facebook.com/LinusTech\nInstagram: https://www.instagram.com/linustech\nTwitch: https://www.twitch.tv/linustech\n\nFOLLOW OUR OTHER CHANNELS\n---------------------------------------------------  \nMac Address: https://lmg.gg/macaddress\nTechquickie: https://lmg.gg/techquickieyt\nTechLinked: https://lmg.gg/techlinkedyt\nShortCircuit: https://lmg.gg/shortcircuityt\n\nLMG Clips: https://lmg.gg/lmgclipsyt\nChannel Super Fun: https://lmg.gg/channelsuperfunyt\nThey're Just Movies: https://lmg.gg/TheyreJustMoviesYT\n\nMUSIC CREDIT\n---------------------------------------------------  \nTitle: Laszlo - Supernova\nVideo Link: https://www.youtube.com/watch?v=PKfxmFU3lWY\niTunes Download Link: https://itunes.apple.com/us/album/supernova/id936805712\nArtist Link: https://soundcloud.com/laszlomusic\n\nOutro Screen Music Credit: Approaching Nirvana - Sugar High http://www.youtube.com/approachingnirvana\n\nIntro animation by MBarek Abdelwassaa https://www.instagram.com/mbarek_abdel/\nMonitor And Keyboard by vadimmihalkevich / CC BY 4.0  https://geni.us/PgGWp\nMechanical RGB Keyboard by BigBrotherECE / CC BY 4.0 https://geni.us/mj6pHk4\nMouse Gamer free Model By Oscar Creativo / CC BY 4.0 https://geni.us/Ps3XfE\n\nCHAPTERS\n---------------------------------------------------  \n0:00 Intro\n1:07 Safari's changed a lot, mostly for the better\n2:45 Authenticator, Focus, and other time-savers\n4:17 Spatialization, sharing, Facetime, and \"huh. okay\" features\n5:59 Features that were supposed to be cool but aren't, actually\n7:54 Half-baked Apple pie\n10:04 Form over function bugs and missing features\n11:33 Still lots of little things to like\n12:34 WatchOS got updated too apparently\n13:20 Conclusion", "link": "https://www.youtube.com/watch?v=5xIg9tOR8II", "date_published": "2021-10-06 00:00:00+00:00", "persistent": false, "user": null, "language": "en-US"}]