[{"source": "https://www.youtube.com/feeds/videos.xml?channel_id=UCswH8ovgUp5Bdg-0_JTYFNw", "title": "\"IT'S ALRIGHT WHEN THEY DO IT!\": Elites Worst Kept Secret Exposed", "description": "New leaked documents 'The Pandora Papers' reveal the ways in which many elites live by different rules to the public.\n#PandoraPapers #Tax #Billionaires \n\nElites are taking over! Our only hope is to form our own. To learn more join my cartel here https://www.russellbrand.com/join and get weekly bulletins too incendiary for anything but your private inbox.\n*not a euphemism\n\nListen to my Luminary Original podcast, Under The Skin, to hear from guests including Edward Snowden, Jonathan Haidt, Jordan Peterson, Naomi Klein, Kehinde Andrews, Adam Curtis and Vandana Shiva.\nSubscribe to Luminary at http://apple.co/russell \n\nMy NEW weekly meditation podcast, Above the Noise, is available now only on Luminary.\n\nSEE ME LIVE! Check out my live events and buy tickets here https://www.russellbrand.com/live-dates/ \n\nMy Audible Original, \u2018Revelation', is out NOW!\nUS: http://adbl.co/revelation\nUK: http://adbl.co/revelationuk\nAU: http://adbl.co/revelationau\nCA: http://adbl.co/revelationca\n\nFor meditation and breath work, subscribe to my side-channel: \nhttps://www.youtube.com/c/AwakeningWithRussell\n\nInstagram: \nhttp://instagram.com/russellbrand/\n\nTwitter: \nhttp://twitter.com/rustyrockets", "link": "https://www.youtube.com/watch?v=oiJQmahbGP8", "date_published": "2021-10-07 00:00:00+00:00", "persistent": false, "user": null, "language": "en-US"}, {"source": "https://www.youtube.com/feeds/videos.xml?channel_id=UCswH8ovgUp5Bdg-0_JTYFNw", "title": "Was It All A SCAM?! What REALLY Happened With Facebook Crash??!", "description": "The global outage that saw Facebook, Instagram and WhatsApp go dark for billions of users came just hours after Frances Haugen leaked a series of damning revelations about the company.... just a coincidence? \n#facebook #outage #whistleblower #FrancesHaugen\n\nElites are taking over! Our only hope is to form our own. To learn more join my cartel here https://www.russellbrand.com/join and get weekly bulletins too incendiary for anything but your private inbox.\n*not a euphemism\n\nListen to my Luminary Original podcast, Under The Skin, to hear from guests including Edward Snowden, Jonathan Haidt, Jordan Peterson, Naomi Klein, Kehinde Andrews, Adam Curtis and Vandana Shiva.\nSubscribe to Luminary at http://apple.co/russell \n\nMy NEW weekly meditation podcast, Above the Noise, is available now only on Luminary.\n\nSEE ME LIVE! Check out my live events and buy tickets here https://www.russellbrand.com/live-dates/ \n\nMy Audible Original, \u2018Revelation', is out NOW!\nUS: http://adbl.co/revelation\nUK: http://adbl.co/revelationuk\nAU: http://adbl.co/revelationau\nCA: http://adbl.co/revelationca\n\nFor meditation and breath work, subscribe to my side-channel: \nhttps://www.youtube.com/c/AwakeningWithRussell\n\nInstagram: \nhttp://instagram.com/russellbrand/\n\nTwitter: \nhttp://twitter.com/rustyrockets", "link": "https://www.youtube.com/watch?v=yWy0-_w_Seg", "date_published": "2021-10-06 00:00:00+00:00", "persistent": false, "user": null, "language": "en-US"}]