[{"source": "https://www.youtube.com/feeds/videos.xml?channel_id=UCAKcSON6PSG_JkTbXh2WdIg", "title": "Listen to Looch: \"Inventing David Geffen\" is the story of the self-made entertainment mogul", "description": "Mary Lucia talks about \"Inventing David Geffen,\" a documentary that first appeared on PBS's \"American Masters\" and is now streaming on Netflix. \n\n\"He's a bajillionaire record mogul, label owner, movie producer, etc.,\" Mary says, \"but what's more interesting to me about it is how self made he truly was; the most ambitious person in the world.\"\n\nWatch more of what Mary Lucia has to say about \"Inventing David Geffen\" in the video above. \n\nFIND MORE: complete Listen to Looch playlist\nhttps://youtube.com/playlist?list=PLYClJc3TpV5J_sXyCfes-p6vCgOpCmleh\n\nSubscribe to our channel:\nhttp://www.youtube.com/user/893TheCurrent?sub_confirmation=1\nLike/Follow:\nhttps://www.facebook.com/TheCurrent/\nhttps://twitter.com/TheCurrent\nhttps://www.instagram.com/thecurrent/\n\n#marylucia #davidgeffen #inventingdavidgeffen", "link": "https://www.youtube.com/watch?v=pADBBIm9CGE", "date_published": "2021-10-06 00:00:00+00:00", "persistent": false, "user": null, "language": "en-US"}, {"source": "https://www.youtube.com/feeds/videos.xml?channel_id=UCAKcSON6PSG_JkTbXh2WdIg", "title": "Thao & The Get Down Stay Down - two songs at The Current (2013; 2016)", "description": "On October 3, 2021, Thao & the Get Down Stay Down announced they are ending the band's run, with Thao Nguyen and Adam Thompson posting on Instagram that they are \"moving on to pursue other projects.\" That said, Thao & the Get Down Stay Down leave behind a collection of innovative and wonderfully catchy pop music. Two examples of their distinctive sound are here in this video compilation, drawn from studio sessions by Thao & the Get Down Stay Down, recorded at The Current in 2013 and 2016.\n\nSONGS PERFORMED\n0:00 \"We The Common\"\n3:34 \"Nobody Dies\"\n\nPERSONNEL\nThao Nguyen \u2013 vocals, guitar, banjo \nAdam Thompson \u2013 bass\nCharlie Glenn \u2013 guitar\nJason Slota \u2013 drums \nJohanna Kunin \u2013 piano, backing vocals \n\nCREDITS\nVideo & Photo: Nate Ryan; Leah Garaas\nAudio: Michael DeMark\nProduction: Lindsay Kimball; Derrick Stevens\n\nFIND MORE:\n2013 studio session: https://www.thecurrent.org/feature/2013/04/01/thao-get-down-stay-down\n2016 studio session: https://www.thecurrent.org/feature/2016/03/31/thao-and-the-get-down-stay-down-perform-in-the-current-studio\n\nSubscribe to our channel:\nhttp://www.youtube.com/user/893TheCurrent?sub_confirmation=1\nLike/Follow:\nhttps://www.facebook.com/TheCurrent/\nhttps://twitter.com/TheCurrent\nhttps://www.instagram.com/thecurrent/\n\n#thaonguyen #thaoandthegetdownstaydown", "link": "https://www.youtube.com/watch?v=CERvELB1R0w", "date_published": "2021-10-06 00:00:00+00:00", "persistent": false, "user": null, "language": "en-US"}]