[{"source": "https://www.youtube.com/feeds/videos.xml?channel_id=UCwSv086EAByBY-Z7y-QR_cQ", "title": "Polski \u0141ad pozwala na sprawdzanie zakup\u00f3w wszystkich Polak\u00f3w! To dopiero pocz\u0105tek!", "description": "\ud83d\udcfa Zapraszam do ogl\u0105dania\n\n\u2b07\ufe0fRozwi\u0144 opis\u2b07\ufe0f\n------------------------------------------------------------\n\ud83d\udc40 Uszi po godzinach: https://goo.gl/cdCFKe\n\ud83d\udc40 Hello World_: http://bit.ly/31BEhnv\n------------------------------------------------------------\n\u2709\ufe0f Ludzie listy pisz\u0105 \n\ud83d\udd8a\ufe0f uszi@protonmail.com\n------------------------------------------------------------\n\ud83d\udc7a Niecenzuralne i agresywne komentarze zostan\u0105 usuni\u0119te.  Jak ju\u017c musisz zakl\u0105\u0107 dawaj znaki (&*%@%).\n------------------------------------------------------------\n\ud83d\udcb2 Donate/ Darowizna\nPLN / SMS / Blik: http://bit.ly/3bsXtJj\nBTC: 174EmE88YFtvs6fuM8ZL5yYbik8hcaY6ud\n-------------------------------------------------------------\n\u2705 \u0179r\u00f3d\u0142a:\n1. https://bit.ly/3iGfjNC\n2. https://bit.ly/3uRkcIu\n3. https://bit.ly/3mAofoK\n4. https://bit.ly/3l5pyeT\n5. https://bit.ly/3iHHiMH\n---------------------------------------------------------------\n\ud83c\udfb4 Do kola\u017cu wykorzystano grafik\u0119 ze strony / autorstwa: \ngov.pl - http://bit.ly/2lVWjQr\n---------------------------------------------------------------\n\ud83c\udfb4 Wykorzystano grafik\u0119 autorstwa na zasadach CC BY-SA 4.0:\nKontrola - https://bit.ly/3Boz03A\n---\nhttps://bit.ly/2YrsjQn\n---------------------------------------------------------------\n\ud83d\udca1 Tagi: #pieni\u0105dze #polityka\n--------------------------------------------------------------", "link": "https://www.youtube.com/watch?v=UhLhTPaT1wk", "date_published": "2021-10-07 00:00:00+00:00", "persistent": false, "user": null, "language": "en-US"}, {"source": "https://www.youtube.com/feeds/videos.xml?channel_id=UCwSv086EAByBY-Z7y-QR_cQ", "title": "Saule Omarova: to koniec bankowo\u015bci jak\u0105 znamy. Nowe pomys\u0142y administracji Joe Biden'a!", "description": "\ud83d\udcfa Zapraszam do ogl\u0105dania\n\n\u2b07\ufe0fRozwi\u0144 opis\u2b07\ufe0f\n------------------------------------------------------------\n\ud83d\udc40 Uszi po godzinach: https://goo.gl/cdCFKe\n\ud83d\udc40 Hello World_: http://bit.ly/31BEhnv\n------------------------------------------------------------\n\u2709\ufe0f Ludzie listy pisz\u0105 \n\ud83d\udd8a\ufe0f uszi@protonmail.com\n------------------------------------------------------------\n\ud83d\udc7a Niecenzuralne i agresywne komentarze zostan\u0105 usuni\u0119te.  Jak ju\u017c musisz zakl\u0105\u0107 dawaj znaki (&*%@%).\n------------------------------------------------------------\n\ud83d\udcb2 Donate/ Darowizna\nPLN / SMS / Blik: http://bit.ly/3bsXtJj\nBTC: 174EmE88YFtvs6fuM8ZL5yYbik8hcaY6ud\n-------------------------------------------------------------\n\u2705 \u0179r\u00f3d\u0142a:\n1. https://bit.ly/3iD9C2T\n2. https://bit.ly/3AkccAR\n3. https://bit.ly/2Yr3ljp\n4. https://bit.ly/3oF6hE7\n---------------------------------------------------------------\n\ud83d\udca1 Tagi: #Omarova #banki #pieni\u0105dze\n--------------------------------------------------------------", "link": "https://www.youtube.com/watch?v=NB-z_OFo3mU", "date_published": "2021-10-06 00:00:00+00:00", "persistent": false, "user": null, "language": "en-US"}]