[{"source": "https://www.youtube.com/feeds/videos.xml?channel_id=UCswH8ovgUp5Bdg-0_JTYFNw", "title": "Forever Wars: Business As Usual Under Biden\u2019s Bombs", "description": "President Biden ran on ending forever wars and being tough on Saudi Arabia\u2019s controversial regime. Is he already undermining those promises?\n#Biden #War #SaudiArabia\n\nMy Audible Original, \u2018Revelation', is out now!\nUS: http://adbl.co/revelation\nUK: http://adbl.co/revelationuk\nAU: http://adbl.co/revelationau\nCA: http://adbl.co/revelationca\n\nElites are taking over! Our only hope is to form our own. To learn more join my cartel here https://www.russellbrand.com\u200b/join and get weekly bulletins too incendiary for anything but your private inbox.\n*not a euphemism\n\nListen to my Under The Skin podcast to hear from guests including Jonathan Haidt, Jordan Peterson, Naomi Klein, Kehinde Andrews, Adam Curtis and Vandana Shiva.\nGet a one month free trial at http://luminary.link/russell\u200b\n\nInstagram: http://instagram.com/russellbrand/\nTwitter: http://twitter.com/rustyrockets\n\nProduced by Gareth Roy", "link": "https://www.youtube.com/watch?v=3Z5yuHVDcl0", "date_published": "2021-03-26 00:00:00+00:00", "persistent": false, "user": null, "language": "en-US"}, {"source": "https://www.youtube.com/feeds/videos.xml?channel_id=UCswH8ovgUp5Bdg-0_JTYFNw", "title": "\u00a1REVELATION!", "description": "My new Audible original REVELATION is OUT NOW - If you want it, you can get it here: \n\nUS: http://adbl.co/revelation\nUK: http://adbl.co/revelationuk\nAU: http://adbl.co/revelationau\nCA: http://adbl.co/revelationca", "link": "https://www.youtube.com/watch?v=hRjo2tJMmf8", "date_published": "2021-03-25 00:00:00+00:00", "persistent": false, "user": null, "language": "en-US"}]