[{"source": "https://www.youtube.com/feeds/videos.xml?channel_id=UCRG_N2uO405WO4P3Ruef9NA", "title": "New Intel CEO finally has a plan!", "description": "Sponsored by Audible. Get your free trial and listen to AI Superpower or other books at https://www.audible.com/fridaycheckout\n\n\u25ac\u25ac\u25ac\u25ac\u25ac\u25ac\u25ac\u25ac\u25ac\u25ac\u25ac\u25ac\u25ac\u25ac\u25ac\u25ac\u25ac\u25ac\u25ac\u25ac\u25ac\u25ac\u25ac\u25ac \n\n\u25ba\u25ba\u25ba About this video\u25c4\u25c4\u25c4\n\nThis week Microsoft is rumored to acquire Discord for over $10 billion, Windows gets new icons, and the new Intel CEO Pat Gelsinger lays out a bold plan for turning the company around.\n\nThe Friday Checkout - Episode 40\n\nThis video on Nebula: \n\nMy chip industry video on TechAltar: https://www.youtube.com/watch?v=CkNn98WE5_k\n\nQuiz: https://link.crrowd.com/quiz (should open either in the Android app or on the web depending on what device you're on!)\nRelease monitor: https://www.crrowd.com/release-monitor\n\n\u25ac\u25ac\u25ac\u25ac\u25ac\u25ac\u25ac\u25ac\u25ac\u25ac\u25ac\u25ac\u25ac\u25ac\u25ac\u25ac\u25ac\u25ac\u25ac\u25ac\u25ac\u25ac\u25ac\u25ac\n\n\u25ba\u25ba\u25ba Other TechAltar links \u25c4\u25c4\u25c4\n\nMerch: \nhttp://enthusiast.store \n\nSocial media: \nhttps://twitter.com/TechAltar \nhttps://instagram.com/TechAltar \nhttps://facebook.com/TechAltar \nhttps://discord.gg/npKQebe\n\nIf you want to support TechAltar directly: \nhttps://flattr.com/@techaltar \n\n\u25ac\u25ac\u25ac\u25ac\u25ac\u25ac\u25ac\u25ac\u25ac\u25ac\u25ac\u25ac\u25ac\u25ac\u25ac\u25ac\u25ac\u25ac\u25ac\u25ac\u25ac\u25ac\u25ac\u25ac\n\n\u25ba\u25ba\u25ba Attributions & Time stamps\u25c4\u25c4\u25c4\n\nMusic by Edemski: https://soundcloud.com/edemski \n\n0:00 Intro\n0:27 Release Highlights\n1:22 Microsoft & Discord\n4:27 New Windows icons\n5:01 The big Intel revival", "link": "https://www.youtube.com/watch?v=_Cx5nDItdmY", "date_published": "2021-03-26 00:00:00+00:00", "persistent": false, "user": null, "language": "en-US"}]