[{"source": "https://www.youtube.com/feeds/videos.xml?channel_id=UC2eYFnH61tmytImy1mTYvhA", "title": "Luke DEFENDS Javascript! (On Gemini and Gopher)", "description": "Speculative technology has to overcome networking effects. As it is right now, https is the standard and there is little hope of reversing that. If you are in favor of some minimalist alternative to the modern bloated web like the Gemini or Gopher protocols, your priority should be to make such protocols accessible from normie technology and normie browsers. Since I am a old boomer, I care little about such technologies until they are generally usable by people who are not just aficionados of obscure technology. I also talk about when it is PROPER to use Javascript and advanced client and server-side scripting on websites: only when it is actually necessary. I do think the ability of the modern web to be \"bloated\" with new features is a good thing, but obvious discipline is required on the part of web developers.\n\nMy website: https://lukesmith.xyz\nPlease donate: https://donate.lukesmith.xyz\nGet all my videos off YouTube: https://videos.lukesmith.xyz\nor Odysee: https://odysee.com/$/invite/@Luke:7\n\nBTC: bc1qw5w6pxsk3aj324tmqrhhpmpfprxcfxe6qhetuv\nXMR: 48jewbtxe4jU3MnzJFjTs3gVFWh2nRrAMWdUuUd7Ubo375LL4SjLTnMRKBrXburvEh38QSNLrJy3EateykVCypnm6gcT9bh\n\nOR affiliate links to things l use:\nhttps://www.vultr.com/?ref=8384069-6G Get a VPS and host a website or server for anything else.\nhttps://www.epik.com/?affid=we2ro7sa6 Get a cheap and reliable domain name with Epik.\nhttps://brave.com/luk005 Get the Brave browser.\nhttps://odysee.com/$/invite/@Luke:7 View my videos on Odysee and get a bonus for joining.\nhttps://www.coinex.com/register?refer_code=ndf87 Get crypto-rich on Coinex. Get reduced exchange fees for 3 months.\nhttps://www.coinbase.com/join/smith_5to1 Get crypto-rich on Coinbase. We both get $10 in Bitcoin when you buy or sell $100 in cryptocurrencies.", "link": "https://www.youtube.com/watch?v=M5qoatSAsbY", "date_published": "2021-03-26 00:00:00+00:00", "persistent": false, "user": null, "language": "en-US"}]