[{"source": "https://www.youtube.com/feeds/videos.xml?channel_id=UC3I2GFN_F8WudD_2jUZbojA", "title": "PVA - Performance & Interview (Live on KEXP at Home)", "description": "http://KEXP.ORG presents PVA sharing a live performance recorded exclusively for KEXP and talking to DJ Troy Nelson. Recorded March 11, 2021.\r\n\r\nSongs:\nSleek Form\nDivine Intervention \nExhaust / Surroundings\n\nhttps://ninjatune.net/artist/pva\nhttp://kexp.org", "link": "https://www.youtube.com/watch?v=J8_faCSTyXg", "date_published": "2021-03-26 00:00:00+00:00", "persistent": false, "user": null, "language": "en-US"}, {"source": "https://www.youtube.com/feeds/videos.xml?channel_id=UC3I2GFN_F8WudD_2jUZbojA", "title": "Middle Kids - Full Performance (Live on KEXP at Home)", "description": "http://KEXP.ORG presents Middle Kids performing live, recorded exclusively for KEXP.\n\nSongs:\nStacking Chairs\nR U 4 Me?\nToday We\u2019re The Greatest\nQuestions\nCellophane (Brain)\n\nRecord by Blaine A. Cunneen at Oceanic Studios, Melbourne, Australia\nFilmed by Thom Davies\nMixed by Tim Fitz\n\nhttps://www.middlekidsmusic.com\nhttp://kexp.org", "link": "https://www.youtube.com/watch?v=cYnb73Eq728", "date_published": "2021-03-25 00:00:00+00:00", "persistent": false, "user": null, "language": "en-US"}]