[{"source": "https://www.youtube.com/feeds/videos.xml?channel_id=UCyl5V3-J_Bsy3x-EBCJwepg", "title": "New York Times Smears The Bee and How To Use Tragedy To Score Political Points", "description": "Kyle and Ethan talk to The Babylon Bee CEO Seth Dillon about The Bee\u2019s recent mention in the New York Times as an example of a far-right site trafficking in misinformation disguised as \u201csatire\u201d. Kyle and Ethan talk about how to score political points during a national tragedy, why we can\u2019t reach for the stars until we have a progressive tax system, and what not to do at the zoo.\n\nWatch The Babylon Bee animation on our animation playlist: https://bit.ly/BeeAnimation  \n\nSubscribe on iTunes: https://podcasts.apple.com/us/podcast/the-babylon-bee/id1468715531\n\nSubmit Your Own Headlines and Become a Premium Subscriber: https://babylonbee.com/plans\n\nThe Official The Babylon Bee Store: https://shop.babylonbee.com\n\nFollow The Babylon Bee:\nWebsite: https://babylonbee.com\nTwitter: http://twitter.com/thebabylonbee\nFacebook: http://facebook.com/thebabylonbee\nInstagram: http://instagram.com/thebabylonbee", "link": "https://www.youtube.com/watch?v=jzLGCIQKAGQ", "date_published": "2021-03-26 00:00:00+00:00", "persistent": false, "user": null, "language": "en-US"}, {"source": "https://www.youtube.com/feeds/videos.xml?channel_id=UCyl5V3-J_Bsy3x-EBCJwepg", "title": "All-Seeing Eye Of Sauron Unveiled At Facebook Headquarters", "description": "Facebook proudly unveiled a brand new Eye of Sauron to be used to examine users\u2019 every action, online and off. The Babylon Bee News Desk has the report.\n\nBecome a premium subscriber: https://babylonbee.com/plans\u200b\n\nThe Official The Babylon Bee Store: https://shop.babylonbee.com\u200b\n\nFollow The Babylon Bee:\nWebsite: https://babylonbee.com\u200b\nTwitter: http://twitter.com/thebabylonbee\u200b\nFacebook: http://facebook.com/thebabylonbee\u200b\nInstagram: http://instagram.com/thebabylonbee", "link": "https://www.youtube.com/watch?v=nDoq51tpP3A", "date_published": "2021-03-25 00:00:00+00:00", "persistent": false, "user": null, "language": "en-US"}]