[{"source": "https://www.youtube.com/feeds/videos.xml?channel_id=UCh9IfI45mmk59eDvSWtuuhQ", "title": "If Adulthood Had A Job Orientation Day", "description": "Sign up for a free Grammarly account and get 20% off Grammarly Premium by visiting https://grammarly.com/ryangeorge\n\nHi there hello please click the subscribe button and turn on notifications so I can feed my cats.\nTwitter/Instagram: @TheRyanGeorge\n\n#Grammarly", "link": "https://www.youtube.com/watch?v=b4ZGkEzn9PE", "date_published": "2021-03-26 00:00:00+00:00", "persistent": false, "user": null, "language": "en-US"}]