[{"source": "http://rss.cnn.com/rss/edition.rss", "title": "Republican reality rewriting machine accelerates out of control", "description": "Some members of the Republican Party have been unwavering in their efforts to rewrite reality, from the Capitol insurrection to critical race theory. CNN's Pamela Brown lists the top 5 claims from the week.", "link": "https://www.cnn.com/videos/politics/2021/06/19/republicans-rewriting-reality-top-5-brown-nr-vpx.cnn", "date_published": "2021-06-19 23:31:28+00:00", "persistent": false, "user": null, "language": "en-US"}, {"source": "http://rss.cnn.com/rss/edition.rss", "title": "The American West is drying out. Things will get ugly", "description": "The incredible pictures of a depleted Lake Mead, on the California-Nevada border, illustrate the effects of drought brought on by climate change.", "link": "https://www.cnn.com/2021/06/19/politics/what-matters-climate-change-western-drought/index.html", "date_published": "2021-06-19 23:11:32+00:00", "persistent": false, "user": null, "language": "en-US"}, {"source": "http://rss.cnn.com/rss/edition.rss", "title": "Bolsonaro's rule is 'worse threat than coronavirus,' say Brazilians as nation passes 500,000 deaths. Experts fear things are likely to get worse", "description": "", "link": "https://www.cnn.com/2021/06/19/americas/brazil-covid-deaths-intl-cmd/index.html", "date_published": "2021-06-19 22:38:33+00:00", "persistent": false, "user": null, "language": "en-US"}, {"source": "http://rss.cnn.com/rss/edition.rss", "title": "First on CNN: Biden administration moves to make gender confirmation surgery available through Veteran Affairs health care system", "description": "Veterans Affairs Secretary Denis McDonough is moving to make gender confirmation surgery available to transgender veterans through Veterans Affairs health care coverage, according to a VA department spokesperson.", "link": "https://www.cnn.com/2021/06/19/politics/veterans-affairs-gender-confirmation-surgery/index.html", "date_published": "2021-06-19 22:29:03+00:00", "persistent": false, "user": null, "language": "en-US"}, {"source": "http://rss.cnn.com/rss/edition.rss", "title": "Sesame Street introduces family with two gay dads during Pride Month", "description": "", "link": "https://www.cnn.com/2021/06/19/us/sesame-street-gay-dads-trnd/index.html", "date_published": "2021-06-19 21:42:00+00:00", "persistent": false, "user": null, "language": "en-US"}, {"source": "http://rss.cnn.com/rss/edition.rss", "title": "The world's most premature baby has celebrated his first birthday after beating 0% odds of surviving", "description": "", "link": "https://www.cnn.com/2021/06/19/us/worlds-most-premature-baby-birthday-trnd/index.html", "date_published": "2021-06-19 21:23:39+00:00", "persistent": false, "user": null, "language": "en-US"}, {"source": "http://rss.cnn.com/rss/edition.rss", "title": "Bidens announce their 'beloved' German Shepherd Champ has died", "description": "The Bidens announced Saturday that Champ, their \"beloved\" German Shepherd who had been with their family since 2008, has died.", "link": "https://www.cnn.com/2021/06/19/politics/champ-biden-german-shepherd-dog-dies/index.html", "date_published": "2021-06-19 20:31:09+00:00", "persistent": false, "user": null, "language": "en-US"}, {"source": "http://rss.cnn.com/rss/edition.rss", "title": "NFL player says he'd rather retire than get Covid-19 vaccine", "description": "Buffalo Bills wide receiver Cole Beasley, in a challenge to the National Football League's new Covid-19 training camp and preseason protocols, tweeted that he'd rather retire than get a vaccine.", "link": "https://www.cnn.com/2021/06/19/us/cole-beasley-nfl-retire-covid-vaccine/index.html", "date_published": "2021-06-19 19:41:54+00:00", "persistent": false, "user": null, "language": "en-US"}, {"source": "http://rss.cnn.com/rss/edition.rss", "title": "The UK still has Covid-19 travel restrictions while neighbors open up. What went wrong?", "description": "", "link": "https://www.cnn.com/collections/intl-covid-travel-0619/", "date_published": "2021-06-19 18:50:53+00:00", "persistent": false, "user": null, "language": "en-US"}, {"source": "http://rss.cnn.com/rss/edition.rss", "title": "Activists fight back as Juneteenth milestone is undercut by GOP discriminatory voting bills", "description": "As America finally recognizes the importance of Juneteenth, the full potential of a symbolic new milestone for equality is being undermined by Republican moves to make it harder for many Black Americans to vote.", "link": "https://www.cnn.com/2021/06/19/politics/voting-rights-democratic-activists-states-congress/index.html", "date_published": "2021-06-19 18:31:22+00:00", "persistent": false, "user": null, "language": "en-US"}, {"source": "http://rss.cnn.com/rss/edition.rss", "title": "See Airstream's first all-terrain adventure van", "description": "The maker of the iconic aluminum travel trailer is jumping into the off-road van business with the Interstate 24X.", "link": "https://www.cnn.com/videos/business/2021/06/11/airstream-interstate-24x-gr-orig.cnn", "date_published": "2021-06-19 18:02:07+00:00", "persistent": false, "user": null, "language": "en-US"}, {"source": "http://rss.cnn.com/rss/edition.rss", "title": "Smerconish: Can Manchin's voting rights compromise sway GOP?", "description": "While moderate Democrat Senator Joe Manchin waves the flag of bipartisanship on voting rights, Minority Leader Mitch McConnell again seems intent on acting like a blockade.", "link": "https://www.cnn.com/videos/tv/2021/06/19/smerconish-can-manchins-voting-rights-compromise-sway-gop.cnn", "date_published": "2021-06-19 18:00:45+00:00", "persistent": false, "user": null, "language": "en-US"}, {"source": "http://rss.cnn.com/rss/edition.rss", "title": "It's not just your imagination. Drivers in the pandemic have gotten more reckless", "description": "When the coronavirus pandemic shut down the country last year, highways emptied out as many people holed up at home. But those who got behind the wheel engaged in riskier behavior, leading to the deadliest year for US traffic crashes in over a decade.", "link": "https://www.cnn.com/2021/06/19/us/pandemic-increased-fatal-crashes-trnd/index.html", "date_published": "2021-06-19 16:20:33+00:00", "persistent": false, "user": null, "language": "en-US"}, {"source": "http://rss.cnn.com/rss/edition.rss", "title": "American breaks shot put record that stood for decades", "description": "Ryan Crouser toppled the men's shot put world record on Friday with a 23.37-meter throw on the first night of the US Olympic Track and Field Trials in Eugene, Oregon.", "link": "https://www.cnn.com/2021/06/19/sport/ryan-crouser-shot-put-world-record-spt-intl/index.html", "date_published": "2021-06-19 15:16:48+00:00", "persistent": false, "user": null, "language": "en-US"}, {"source": "http://rss.cnn.com/rss/edition.rss", "title": "She's a chess champion. And she's blind", "description": "Jessica Lauser is relentless on the chess board.", "link": "https://www.cnn.com/2021/06/19/health/chess-champion-jessica-lauser-wellness/index.html", "date_published": "2021-06-19 14:53:14+00:00", "persistent": false, "user": null, "language": "en-US"}, {"source": "http://rss.cnn.com/rss/edition.rss", "title": "Hiker from Dublin has been missing for 10 days in Grand Teton National Park", "description": "The search continues Saturday for a hiker missing since June 8 in the Grand Teton National Park, the National Parks Service said.", "link": "https://www.cnn.com/2021/06/19/us/grand-teton-national-park-cian-mclaughlin-missing/index.html", "date_published": "2021-06-19 14:40:59+00:00", "persistent": false, "user": null, "language": "en-US"}, {"source": "http://rss.cnn.com/rss/edition.rss", "title": "Ultra-conservative judiciary chief Ebrahim Raisi will be Iran's next president", "description": "Ebrahim Raisi, a hardline judiciary chief with a brutal human rights record, has won Iran's controversial presidential election, according to preliminary results announced by the interior ministry Saturday.", "link": "https://www.cnn.com/2021/06/19/middleeast/ebrahim-raisi-iran-election-intl-hnk/index.html", "date_published": "2021-06-19 14:03:24+00:00", "persistent": false, "user": null, "language": "en-US"}, {"source": "http://rss.cnn.com/rss/edition.rss", "title": "Here are the companies rushing workers back to the office \u2014 and the ones that aren't", "description": "It's been 15 long months since millions of workers left their offices and set up makeshift desks at home.", "link": "https://www.cnn.com/2021/06/19/business/return-to-office-company-policies/index.html", "date_published": "2021-06-19 13:30:27+00:00", "persistent": false, "user": null, "language": "en-US"}, {"source": "http://rss.cnn.com/rss/edition.rss", "title": "Viktor Hovland forced to withdraw from US Open after getting sand in his eye", "description": "Norwegian golfer Viktor Hovland was forced to withdraw from the US Open on Friday after getting sand in his eye.", "link": "https://www.cnn.com/2021/06/19/sport/viktor-hovland-eye-injury-us-open-spt-intl/index.html", "date_published": "2021-06-19 13:21:34+00:00", "persistent": false, "user": null, "language": "en-US"}, {"source": "http://rss.cnn.com/rss/edition.rss", "title": "My daughter's trust and bravery are gifts I cherish this Father's Day", "description": "When you're a father, a lot of pop culture tells you that your role is to raise your sons to be men. You're supposed to bond over sports, teach them to respect women and maybe take them on some sort of rugged outdoorsy endeavor, like fishing or rock climbing.", "link": "https://www.cnn.com/2021/06/19/opinions/fathers-day-transgender-daughter-bravery-trust-berlatsky/index.html", "date_published": "2021-06-19 13:08:21+00:00", "persistent": false, "user": null, "language": "en-US"}, {"source": "http://rss.cnn.com/rss/edition.rss", "title": "Student arrested after threatening to kill medical school classmates and bomb the campus, authorities say", "description": "A student in Arizona was arrested after threatening to kill some of their medical school classmates and bomb the school campus, the Glendale Police Department said in a news release.", "link": "https://www.cnn.com/2021/06/19/us/arizona-student-threatens-kill-classmates-bomb-campus/index.html", "date_published": "2021-06-19 13:06:00+00:00", "persistent": false, "user": null, "language": "en-US"}, {"source": "http://rss.cnn.com/rss/edition.rss", "title": "How Trump turned Russia into a partisan issue", "description": "This week's high profile summit between President Joe Biden and Russian President Vladimir Putin was markedly different from the meetings between Putin and Biden's predecessor, Donald Trump. The former President was largely seen as friendly toward Putin, while Biden is definitely not.", "link": "https://www.cnn.com/2021/06/19/politics/trump-russia-analysis/index.html", "date_published": "2021-06-19 12:07:09+00:00", "persistent": false, "user": null, "language": "en-US"}, {"source": "http://rss.cnn.com/rss/edition.rss", "title": "17th century European paintings found in roadside dumpster", "description": "Police are appealing for information on how two original paintings from 17th century European artists, ended up in a roadside dumpster in southeast Germany.", "link": "https://www.cnn.com/2021/06/19/europe/german-police-paintings-dumpster-scli-grm-intl/index.html", "date_published": "2021-06-19 11:07:14+00:00", "persistent": false, "user": null, "language": "en-US"}, {"source": "http://rss.cnn.com/rss/edition.rss", "title": "UK still has restrictions while Europe opens up. What went wrong?", "description": "\"Are we following the data? It appears not,\" read the subject line of the marketing email that landed in inboxes this month.", "link": "https://www.cnn.com/travel/article/uk-travel-regulations-industry-future/index.html", "date_published": "2021-06-19 10:48:41+00:00", "persistent": false, "user": null, "language": "en-US"}, {"source": "http://rss.cnn.com/rss/edition.rss", "title": "College baseball pitcher dies after complications from Tommy John surgery", "description": "College baseball pitcher Sang Ho Baek died following complications from ulnar collateral ligament reconstruction, commonly known as Tommy John surgery, according to a verified GoFundMe page organized by one of his teammates.", "link": "https://www.cnn.com/2021/06/19/sport/baseball-pitcher-dies-tommy-john-surgery-spt/index.html", "date_published": "2021-06-19 08:21:34+00:00", "persistent": false, "user": null, "language": "en-US"}, {"source": "http://rss.cnn.com/rss/edition.rss", "title": "The US marks a vaccine milestone, but one expert warns that the coronavirus Delta variant has a worrying impact on patients", "description": "As President Joe Biden celebrated America's 300 million vaccine dose milestone Friday, experts warned that the spread of coronavirus variants could spur a surge in troubling new cases if more people don't get inoculated.", "link": "https://www.cnn.com/2021/06/19/health/us-coronavirus-saturday/index.html", "date_published": "2021-06-19 06:56:40+00:00", "persistent": false, "user": null, "language": "en-US"}, {"source": "http://rss.cnn.com/rss/edition.rss", "title": "India's legendary sprinter Milkha Singh has died of Covid-19 complications age 91, days after his wife", "description": "Legendary Indian sprinter Milkha Singh has died at the age of 91 after a month-long battle with Covid-19, according to a family statement obtained by CNN affiliate News 18.", "link": "https://www.cnn.com/2021/06/19/india/milkha-singh-dies-intl-hnk/index.html", "date_published": "2021-06-19 04:34:07+00:00", "persistent": false, "user": null, "language": "en-US"}, {"source": "http://rss.cnn.com/rss/edition.rss", "title": "Gunman shoots man next to 2 children in broad daylight in the Bronx", "description": "New York City police are looking for two individuals in connection with a brazen daytime assault in which a 24-year-old man was shot next to two children on a Bronx sidewalk on Thursday.", "link": "https://www.cnn.com/2021/06/19/us/man-shot-near-kids-bronx/index.html", "date_published": "2021-06-19 04:23:30+00:00", "persistent": false, "user": null, "language": "en-US"}, {"source": "http://rss.cnn.com/rss/edition.rss", "title": "Joe Biden wooed many on his tour of Europe. It'll take much more to fix the damage wrought by Trump", "description": "Joe Biden's first overseas trip as US President -- a whistle-stop diplomatic tour of Europe -- achieved its primary goal of signaling to America's closest friends that it was ready once more to lead the Western alliance.", "link": "https://www.cnn.com/2021/06/19/politics/biden-europe-tour-analysis-intl-cmd/index.html", "date_published": "2021-06-19 04:12:11+00:00", "persistent": false, "user": null, "language": "en-US"}, {"source": "http://rss.cnn.com/rss/edition.rss", "title": "Gallery sparks outrage with video ranking women's looks", "description": "A Shanghai gallery has apologized for exhibiting a seven-hour video in which an artist filmed passing women before giving them a score and ordering them \"from the prettiest to the ugliest.\"", "link": "https://www.cnn.com/style/article/song-ta-uglier-and-uglier-art-intl-hnk/index.html", "date_published": "2021-06-19 03:23:51+00:00", "persistent": false, "user": null, "language": "en-US"}, {"source": "http://rss.cnn.com/rss/edition.rss", "title": "Oregon police search for suspect after three people found dead in separate incidents", "description": "Police in Oregon are searching for a suspect believed responsible for three separate attacks that left three people dead and one person seriously injured on Friday.", "link": "https://www.cnn.com/2021/06/18/us/oregon-north-bend-three-dead/index.html", "date_published": "2021-06-19 02:47:27+00:00", "persistent": false, "user": null, "language": "en-US"}, {"source": "http://rss.cnn.com/rss/edition.rss", "title": "A California reservoir is expected to fall so low that a hydro-power plant will shut down for first time", "description": "Water in a key California reservoir is expected to fall so low this summer that its hydroelectric power plant will be forced to shut down for the first time, officials said Thursday, straining the state's already-taxed electric grid.", "link": "https://www.cnn.com/2021/06/17/us/california-drought-oroville-power/index.html", "date_published": "2021-06-19 02:42:58+00:00", "persistent": false, "user": null, "language": "en-US"}, {"source": "http://rss.cnn.com/rss/edition.rss", "title": "India now being ravaged by black fungus", "description": "As India's second wave of Covid-19 declines, there is growing worry about a surge of a deadly Covid-related infection that feasts on dead flesh. CNN's Sam Kiley reports.", "link": "https://www.cnn.com/videos/world/2021/06/19/india-black-fungus-surge-coronavirus-sam-kiley-pkg-intl-vpx.cnn", "date_published": "2021-06-19 01:38:21+00:00", "persistent": false, "user": null, "language": "en-US"}, {"source": "http://rss.cnn.com/rss/edition.rss", "title": "It's so hot in the West this week, it is reaching 100 degrees by 8 a.m.", "description": "The West is in the midst of a record-breaking heat wave this week, as all-time records were shattered and daily records broken in over a dozen states.", "link": "https://www.cnn.com/2021/06/18/weather/heat-wave-records-west-forecast/index.html", "date_published": "2021-06-19 01:20:28+00:00", "persistent": false, "user": null, "language": "en-US"}, {"source": "http://rss.cnn.com/rss/edition.rss", "title": "Pentagon pulls missile defense, other systems from Saudi Arabia and other Middle East countries", "description": "The Pentagon is pulling missile defense systems and other military hardware and personnel from Saudi Arabia and other countries in the Middle East, according to a defense official, as it realigns its mission and forces to confront China and Russia.", "link": "https://www.cnn.com/2021/06/18/politics/pentagon-remove-missile-defense-saudi-arabia-middle-east/index.html", "date_published": "2021-06-19 01:06:19+00:00", "persistent": false, "user": null, "language": "en-US"}, {"source": "http://rss.cnn.com/rss/edition.rss", "title": "This girl was born in Australia. Now the government wants to expel her family to a country allegedly riven with violence", "description": "", "link": "https://www.cnn.com/2021/06/18/australia/sri-lanka-biloela-family-intl-dst-hnk/index.html", "date_published": "2021-06-19 00:51:40+00:00", "persistent": false, "user": null, "language": "en-US"}]