[{"source": "https://www.independent.co.uk", "title": "\u2018CDC has been wrong all along, and they knew it\u2019, says Ron DeSantis as judge rules CDC can\u2019t regulate cruises | The Independent", "description": "\u2018CDC has been wrong all along, and they knew it\u2019, says Ron DeSantis as judge rules CDC can\u2019t regulate cruises | The Independent", "link": "https://www.independent.co.uk/news/world/americas/cdc-florida-covid-cruise-judge-b1869088.html", "date_published": "2021-06-19 19:30:04+00:00", "persistent": true, "user": "rumpel", "language": "en", "tags": ["cdc", "covid", "big brother"]}]