[{"source": "https://www.youtube.com/feeds/videos.xml?channel_id=UCme4ZOv65uzGADXuvtHkSvA", "title": "Ksi\u0119ga Wyj\u015bcia || Rozdzia\u0142 04", "description": "UWAGA WYZWANIE i to \u017cyciodajne!\nCodziennie razem czytamy 1 rozdzia\u0142 \u017cyciodajnego S\u0141OWA BOGA. \nDo\u0142\u0105cz do nas! Razem przeczytamy ca\u0142e Pismo \u015awi\u0119te!\n\nWykorzystano Najnowszy przek\u0142ad Pisma \u015awi\u0119tego z komentarzem opracowany przez Zesp\u00f3\u0142 Biblist\u00f3w Polskich z inicjatywy Towarzystwa \u015awi\u0119tego Paw\u0142a (Edycja \u015awi\u0119tego Paw\u0142a). Pierwszy przek\u0142ad w trzecim tysi\u0105cleciu.\n________________________________________\nAby nas wesprze\u0107 kliknij tu \n\u2192 https://patronite.pl/langustanapalmie\n\u2192 http://bit.ly/Subskrybuj_Languste\n\n\u2661 Historie pot\u0142uczone\nAnchor \u2192 https://anchor.fm/langusta-na-palmie\nSpreaker \u2192 https://www.spreaker.com/show/historie-potluczone\nSpotify \u2192 https://spoti.fi/2NVIRHb\nApple \u2192 https://apple.co/2ZIPQZv\nGoogle Podcasts \u2192 https://bit.ly/2OlBWH\n\n\u2661  Pismo \u015awi\u0119te: \nAnchor \u2192 https://anchor.fm/langusta-na-palmie\nSpreaker \u2192 https://www.spreaker.com/show/przeczytaj-pismo-swiete-z-langusta\nSpotify \u2192  https://spoti.fi/34nZwLr\nApple \u2192  https://apple.co/33zdwCV\nGoogle Podcasts \u2192 https://bit.ly/3nmaZUc\n\nStrona z kalendarzem o. Adama: \n\u2192 http://www.langustanapalmie.pl\nMo\u017cna nas r\u00f3wnie\u017c znale\u017a\u0107 na Facebooku: \n\u2192 https://www.facebook.com/LangustaNaPalmie\nTwitterze: \n\u2192 https://twitter.com/LangustaPalmowa\nInstagramie: \n\u2192 https://www.instagram.com/langustanapalmie/\n\nZapraszamy.", "link": "https://www.youtube.com/watch?v=TbzUsn4ZMtI", "date_published": "2021-06-20 00:00:00+00:00", "persistent": false, "user": null, "language": "pl-PL"}, {"source": "https://www.youtube.com/feeds/videos.xml?channel_id=UCme4ZOv65uzGADXuvtHkSvA", "title": "Mocno stronniczy [#44] Wielce wielebni ksi\u0119\u017ca prymicjanci", "description": "@Langustanapalmie @STREFAWODZA \n\nTakich dw\u00f3ch, jak Ci to nie ma.\nZapraszamy w niedziel\u0119 o godz: 10:oo \nna premierowy odcinek zupe\u0142nie nies\u0142ychanej serii.\n\nzdj\u0119cia, d\u017awi\u0119k, monta\u017c: Marcin Jo\u0144czyk\ngrafika, produkcja serii: Sylwia Smoczy\u0144ska\n________________________________________\nAby nas wesprze\u0107 kliknij tu \n\u2192 https://patronite.pl/langustanapalmie\n\u2192 http://bit.ly/Subskrybuj_Languste\n\n\u2661 Historie pot\u0142uczone\nAnchor \u2192 https://anchor.fm/langusta-na-palmie\nSpreaker \u2192 https://www.spreaker.com/show/historie-potluczone\nSpotify \u2192 https://spoti.fi/2NVIRHb\nApple \u2192 https://apple.co/2ZIPQZv\nGoogle Podcasts \u2192 https://bit.ly/2OlBWH\n\n\u2661  Pismo \u015awi\u0119te: \nAnchor \u2192 https://anchor.fm/langusta-na-palmie\nSpreaker \u2192 https://www.spreaker.com/show/przeczytaj-pismo-swiete-z-langusta\nSpotify \u2192  https://spoti.fi/34nZwLr\nApple \u2192  https://apple.co/33zdwCV\nGoogle Podcasts \u2192 https://bit.ly/3nmaZUc\n\nStrona z kalendarzem o. Adama: \n\u2192 http://www.langustanapalmie.pl\nMo\u017cna nas r\u00f3wnie\u017c znale\u017a\u0107 na Facebooku: \n\u2192 https://www.facebook.com/LangustaNaPalmie\nTwitterze: \n\u2192 https://twitter.com/LangustaPalmowa\nInstagramie: \n\u2192 https://www.instagram.com/langustanapalmie/\n\nZapraszamy.", "link": "https://www.youtube.com/watch?v=tA2pxcWoYXw", "date_published": "2021-06-20 00:00:00+00:00", "persistent": false, "user": null, "language": "pl-PL"}, {"source": "https://www.youtube.com/feeds/videos.xml?channel_id=UCme4ZOv65uzGADXuvtHkSvA", "title": "Niezniszczalni [#01] Aprowizacja i Przytulaki", "description": "@Langustanapalmie \n\nTego jeszcze nie by\u0142o! Dw\u00f3ch \u017conatych i ksi\u0105dz. Po m\u0119sku. Przy kawie. W p\u00f3\u0142mroku. Zapraszamy na now\u0105 seri\u0119 o m\u0119\u017cczyznach - nie tylko dla m\u0119\u017cczyzn...\n\nPROWADZ\u0104CY: \n\u279c o. Adam Szustak OP - https://www.instagram.com/langustanapalmie/ \n\u279c Micha\u0142 Szczepanek - https://www.instagram.com/michalszczepanek.pl/ \n\u279c Piotr Piwowar - https://www.instagram.com/_piotrpiwowar \n\nPREZENT dla \"Langustowicz\u00f3w\" od RTCK: \nOdbierz ZA DARMO jedn\u0105 z trzech NAJLEPSZYCH audiokonferencji RTCK: ks. Piotra Pawlukiewicza, o. Adama Szustaka, lub ks. Jana Kaczkowskiego i ROZWI\u0143 swoje powo\u0142anie, aby mie\u0107 WI\u0118CEJ satysfakcji z PRACY, RODZINY i \u017bYCIA. \nTutaj LINK \u27a1\ufe0f https://www.rtck.pl/?ref=17/ \n\nwideo: Jakub Kosakowski i Krzysztof Og\u00f3rek \nd\u017awi\u0119k: Maksymilian Zi\u0119ba i Bart\u0142omiej (Wacek) Wawrzyniak \nczo\u0142\u00f3wka: Krzysztof Og\u00f3rek \nfotografie: Dorota Czoch \nmonta\u017c i koncepcja czo\u0142\u00f3wki: Micha\u0142 Szczepanek i Piotr Piwowar\n\nseri\u0119 nagrano i wyprodukowano w studio RTCK - R\u00f3b to co kochasz\nINSTAGRAM \u2192 https://www.instagram.com/rtck.pl/\n________________________________________\nAby nas wesprze\u0107 kliknij tu \n\u2192 https://patronite.pl/langustanapalmie\n\u2192 http://bit.ly/Subskrybuj_Languste\n\n\u2661 Historie pot\u0142uczone\nAnchor \u2192 https://anchor.fm/langusta-na-palmie\nSpreaker \u2192 https://www.spreaker.com/show/historie-potluczone\nSpotify \u2192 https://spoti.fi/2NVIRHb\nApple \u2192 https://apple.co/2ZIPQZv\nGoogle Podcasts \u2192 https://bit.ly/2OlBWH\n\n\u2661  Pismo \u015awi\u0119te: \nAnchor \u2192 https://anchor.fm/langusta-na-palmie\nSpreaker \u2192 https://www.spreaker.com/show/przeczytaj-pismo-swiete-z-langusta\nSpotify \u2192  https://spoti.fi/34nZwLr\nApple \u2192  https://apple.co/33zdwCV\nGoogle Podcasts \u2192 https://bit.ly/3nmaZUc\n\nStrona z kalendarzem o. Adama: \n\u2192 http://www.langustanapalmie.pl\nMo\u017cna nas r\u00f3wnie\u017c znale\u017a\u0107 na Facebooku: \n\u2192 https://www.facebook.com/LangustaNaPalmie\nTwitterze: \n\u2192 https://twitter.com/LangustaPalmowa\nInstagramie: \n\u2192 https://www.instagram.com/langustanapalmie/\n\nZapraszamy.", "link": "https://www.youtube.com/watch?v=bUJxSAt1M8o", "date_published": "2021-06-20 00:00:00+00:00", "persistent": false, "user": null, "language": "pl-PL"}, {"source": "https://www.youtube.com/feeds/videos.xml?channel_id=UCme4ZOv65uzGADXuvtHkSvA", "title": "CNN [#239] Ja tu gine\u0328, a Ty s\u0301pisz?!", "description": "@Langustanapalmie\n\nXII Niedziela Zwyk\u0142a, Rok B\n\n1. czytanie (Hi 38, 1. 8-11)\n\nZ wichru Pan zwr\u00f3ci\u0142 si\u0119 do Hioba i rzek\u0142: \u00abKto bram\u0105 zamkn\u0105\u0142 morze, gdy wysz\u0142o z \u0142ona wzburzone, gdy chmury mu da\u0142em za ubranie, za pieluszki \u2013 ciemno\u015b\u0107 pierwotn\u0105? Z\u0142ama\u0142em jego wielko\u015b\u0107 mym prawem, wprawi\u0142em wrzeci\u0105dze i bram\u0119. I rzek\u0142em: A\u017c dot\u0105d, nie dalej! Tu zapora dla twoich fal nad\u0119tych\u00bb.\n\n2. czytanie (2 Kor 5, 14-17)\n\nBracia: Mi\u0142o\u015b\u0107 Chrystusa przynagla nas, pomnych na to, \u017ce skoro Jeden umar\u0142 za wszystkich, to wszyscy pomarli. A w\u0142a\u015bnie za wszystkich umar\u0142 Chrystus po to, aby ci, co \u017cyj\u0105, ju\u017c nie \u017cyli dla siebie, lecz dla Tego, kt\u00f3ry za nich umar\u0142 i zmartwychwsta\u0142. Tak wi\u0119c i my odt\u0105d ju\u017c nikogo nie znamy wed\u0142ug cia\u0142a; a je\u015bli nawet wed\u0142ug cia\u0142a poznali\u015bmy Chrystusa, to ju\u017c wi\u0119cej nie znamy Go w ten spos\u00f3b. Je\u017celi wi\u0119c kto\u015b pozostaje w Chrystusie, jest nowym stworzeniem. To, co dawne, min\u0119\u0142o, a oto wszystko sta\u0142o si\u0119 nowe.\n\nEwangelia (Mk 4, 35-41)\n\nOwego dnia, gdy zapad\u0142 wiecz\u00f3r, Jezus rzek\u0142 do swoich uczni\u00f3w: \u00abPrzeprawmy si\u0119 na drug\u0105 stron\u0119\u00bb. Zostawili wi\u0119c t\u0142um, a Jego zabrali, tak jak by\u0142 w \u0142odzi. Tak\u017ce inne \u0142odzie p\u0142yn\u0119\u0142y z Nim.\nA nagle zerwa\u0142 si\u0119 gwa\u0142towny wicher. Fale bi\u0142y w \u0142\u00f3d\u017a, tak \u017ce \u0142\u00f3d\u017a ju\u017c si\u0119 nape\u0142nia\u0142a wod\u0105. On za\u015b spa\u0142 w tyle \u0142odzi na wezg\u0142owiu. Zbudzili Go i powiedzieli do Niego: \u00abNauczycielu, nic Ci\u0119 to nie obchodzi, \u017ce giniemy?\u00bb On, powstawszy, zgromi\u0142 wicher i rzek\u0142 do jeziora: \u00abMilcz, ucisz si\u0119!\u00bb Wicher si\u0119 uspokoi\u0142 i nasta\u0142a g\u0142\u0119boka cisza. Wtedy rzek\u0142 do nich: \u00abCzemu tak boja\u017aliwi jeste\u015bcie? Jak\u017ce brak wam wiary!\u00bb Oni zl\u0119kli si\u0119 bardzo i m\u00f3wili mi\u0119dzy sob\u0105: \u00abKim On jest w\u0142a\u015bciwie, \u017ce nawet wicher i jezioro s\u0105 Mu pos\u0142uszne?\u00bb\n________________________________________\nAby nas wesprze\u0107 kliknij tu \n\u2192 https://patronite.pl/langustanapalmie\n\u2192 http://bit.ly/Subskrybuj_Languste\n\n\u2661 Historie pot\u0142uczone\nAnchor \u2192 https://anchor.fm/langusta-na-palmie\nSpreaker \u2192 https://www.spreaker.com/show/historie-potluczone\nSpotify \u2192 https://spoti.fi/2NVIRHb\nApple \u2192 https://apple.co/2ZIPQZv\nGoogle Podcasts \u2192 https://bit.ly/2OlBWH\n\n\u2661  Pismo \u015awi\u0119te: \nAnchor \u2192 https://anchor.fm/langusta-na-palmie\nSpreaker \u2192 https://www.spreaker.com/show/przeczytaj-pismo-swiete-z-langusta\nSpotify \u2192  https://spoti.fi/34nZwLr\nApple \u2192  https://apple.co/33zdwCV\nGoogle Podcasts \u2192 https://bit.ly/3nmaZUc\n\nStrona z kalendarzem o. Adama: \n\u2192 http://www.langustanapalmie.pl\nMo\u017cna nas r\u00f3wnie\u017c znale\u017a\u0107 na Facebooku: \n\u2192 https://www.facebook.com/LangustaNaPalmie\nTwitterze: \n\u2192 https://twitter.com/LangustaPalmowa\nInstagramie: \n\u2192 https://www.instagram.com/langustanapalmie/\n\nZapraszamy.", "link": "https://www.youtube.com/watch?v=xErnJAw74Zc", "date_published": "2021-06-19 00:00:00+00:00", "persistent": false, "user": null, "language": "pl-PL"}, {"source": "https://www.youtube.com/feeds/videos.xml?channel_id=UCme4ZOv65uzGADXuvtHkSvA", "title": "Historie pot\u0142uczone [#39] O powszednio\u015bci, co demona mia\u0142a na plecach", "description": "@Langustanapalmie \n\nHistorie pot\u0142uczone to opowie\u015bci o c\u00f3rkach i synach Boga, pi\u0119knych i brzydkich, \u015bwi\u0119tych i grzesznych, szcz\u0119\u015bliwych i na skraju rozpaczy. To opowie\u015bci o drodze, kt\u00f3r\u0105 idzie si\u0119 do nieba i o zakr\u0119tach i chaszczach, kt\u00f3re spychaj\u0105 do piek\u0142a. To opowie\u015bci o ludziach po prostu. Czyli o nas.\n\nMuzyka: Kai Engel: Brand New World, https://freemusicarchive.org/music/Kai_Engel/Sustains/Kai_Engel_-_Sustains_-_01_Brand_New_World\n________________________________________\nAby nas wesprze\u0107 kliknij tu \n\u2192 https://patronite.pl/langustanapalmie\n\u2192 http://bit.ly/Subskrybuj_Languste\n\n\u2661 Historie pot\u0142uczone\nAnchor \u2192 https://anchor.fm/langusta-na-palmie\nSpreaker \u2192 https://www.spreaker.com/show/historie-potluczone\nSpotify \u2192 https://spoti.fi/2NVIRHb\nApple \u2192 https://apple.co/2ZIPQZv\nGoogle Podcasts \u2192 https://bit.ly/2OlBWH\n\n\u2661  Pismo \u015awi\u0119te: \nAnchor \u2192 https://anchor.fm/langusta-na-palmie\nSpreaker \u2192 https://www.spreaker.com/show/przeczytaj-pismo-swiete-z-langusta\nSpotify \u2192  https://spoti.fi/34nZwLr\nApple \u2192  https://apple.co/33zdwCV\nGoogle Podcasts \u2192 https://bit.ly/3nmaZUc\n\nStrona z kalendarzem o. Adama: \n\u2192 http://www.langustanapalmie.pl\nMo\u017cna nas r\u00f3wnie\u017c znale\u017a\u0107 na Facebooku: \n\u2192 https://www.facebook.com/LangustaNaPalmie\nTwitterze: \n\u2192 https://twitter.com/LangustaPalmowa\nInstagramie: \n\u2192 https://www.instagram.com/langustanapalmie/\n\nZapraszamy.", "link": "https://www.youtube.com/watch?v=R1tGYYA7WRg", "date_published": "2021-06-19 00:00:00+00:00", "persistent": false, "user": null, "language": "pl-PL"}, {"source": "https://www.youtube.com/feeds/videos.xml?channel_id=UCme4ZOv65uzGADXuvtHkSvA", "title": "Ksi\u0105dz gra w gr\u0119: Ghost of Tsushima [29] Po swojemu i z pokor\u0105", "description": "@langustanapalmie #ksiadzgrawgre #GhostOfTsushima\n________________________________________\nAby nas wesprze\u0107 kliknij tu \n\u2192 https://patronite.pl/langustanapalmie\n\u2192 http://bit.ly/Subskrybuj_Languste\n\n\u2661 Historie pot\u0142uczone\nAnchor \u2192 https://anchor.fm/langusta-na-palmie\nSpreaker \u2192 https://www.spreaker.com/show/historie-potluczone\nSpotify \u2192 https://spoti.fi/2NVIRHb\nApple \u2192 https://apple.co/2ZIPQZv\nGoogle Podcasts \u2192 https://bit.ly/2OlBWH\n\n\u2661  Pismo \u015awi\u0119te: \nAnchor \u2192 https://anchor.fm/langusta-na-palmie\nSpreaker \u2192 https://www.spreaker.com/show/przeczytaj-pismo-swiete-z-langusta\nSpotify \u2192  https://spoti.fi/34nZwLr\nApple \u2192  https://apple.co/33zdwCV\nGoogle Podcasts \u2192 https://bit.ly/3nmaZUc\n\nStrona z kalendarzem o. Adama: \n\u2192 http://www.langustanapalmie.pl\nMo\u017cna nas r\u00f3wnie\u017c znale\u017a\u0107 na Facebooku: \n\u2192 https://www.facebook.com/LangustaNaPalmie\nTwitterze: \n\u2192 https://twitter.com/LangustaPalmowa\nInstagramie: \n\u2192 https://www.instagram.com/langustanapalmie/\n\nZapraszamy.", "link": "https://www.youtube.com/watch?v=X_HtcAJQmrc", "date_published": "2021-06-19 00:00:00+00:00", "persistent": false, "user": null, "language": "pl-PL"}, {"source": "https://www.youtube.com/feeds/videos.xml?channel_id=UCme4ZOv65uzGADXuvtHkSvA", "title": "Ksi\u0119ga Wyj\u015bcia || Rozdzia\u0142 03", "description": "UWAGA WYZWANIE i to \u017cyciodajne!\nCodziennie razem czytamy 1 rozdzia\u0142 \u017cyciodajnego S\u0141OWA BOGA. \nDo\u0142\u0105cz do nas! Razem przeczytamy ca\u0142e Pismo \u015awi\u0119te!\n\nWykorzystano Najnowszy przek\u0142ad Pisma \u015awi\u0119tego z komentarzem opracowany przez Zesp\u00f3\u0142 Biblist\u00f3w Polskich z inicjatywy Towarzystwa \u015awi\u0119tego Paw\u0142a (Edycja \u015awi\u0119tego Paw\u0142a). Pierwszy przek\u0142ad w trzecim tysi\u0105cleciu.\n________________________________________\nAby nas wesprze\u0107 kliknij tu \n\u2192 https://patronite.pl/langustanapalmie\n\u2192 http://bit.ly/Subskrybuj_Languste\n\n\u2661 Historie pot\u0142uczone\nAnchor \u2192 https://anchor.fm/langusta-na-palmie\nSpreaker \u2192 https://www.spreaker.com/show/historie-potluczone\nSpotify \u2192 https://spoti.fi/2NVIRHb\nApple \u2192 https://apple.co/2ZIPQZv\nGoogle Podcasts \u2192 https://bit.ly/2OlBWH\n\n\u2661  Pismo \u015awi\u0119te: \nAnchor \u2192 https://anchor.fm/langusta-na-palmie\nSpreaker \u2192 https://www.spreaker.com/show/przeczytaj-pismo-swiete-z-langusta\nSpotify \u2192  https://spoti.fi/34nZwLr\nApple \u2192  https://apple.co/33zdwCV\nGoogle Podcasts \u2192 https://bit.ly/3nmaZUc\n\nStrona z kalendarzem o. Adama: \n\u2192 http://www.langustanapalmie.pl\nMo\u017cna nas r\u00f3wnie\u017c znale\u017a\u0107 na Facebooku: \n\u2192 https://www.facebook.com/LangustaNaPalmie\nTwitterze: \n\u2192 https://twitter.com/LangustaPalmowa\nInstagramie: \n\u2192 https://www.instagram.com/langustanapalmie/\n\nZapraszamy.", "link": "https://www.youtube.com/watch?v=DR9hTq_XDuE", "date_published": "2021-06-19 00:00:00+00:00", "persistent": false, "user": null, "language": "pl-PL"}, {"source": "https://www.youtube.com/feeds/videos.xml?channel_id=UCme4ZOv65uzGADXuvtHkSvA", "title": "Wstawaki [#815] Obok", "description": "#Wstawaki #zr\u00f3bmydobrydzie\u0144 #AdamSzustakOP\nlink do zrzutki \u2192 https://zrzutka.pl/nrn554\n\"Wstawaki 2.0\" muz: Jan Smoczy\u0144ski || Agnieszka Musia\u0142\n________________________________________\nAby nas wesprze\u0107 kliknij tu \n\u2192 https://patronite.pl/langustanapalmie\n\u2192 http://bit.ly/Subskrybuj_Languste\n\n\u2661 Historie pot\u0142uczone\nAnchor \u2192 https://anchor.fm/langusta-na-palmie\nSpreaker \u2192 https://www.spreaker.com/show/historie-potluczone\nSpotify \u2192 https://spoti.fi/2NVIRHb\nApple \u2192 https://apple.co/2ZIPQZv\nGoogle Podcasts \u2192 https://bit.ly/2OlBWH\n\n\u2661  Pismo \u015awi\u0119te: \nAnchor \u2192 https://anchor.fm/langusta-na-palmie\nSpreaker \u2192 https://www.spreaker.com/show/przeczytaj-pismo-swiete-z-langusta\nSpotify \u2192  https://spoti.fi/34nZwLr\nApple \u2192  https://apple.co/33zdwCV\nGoogle Podcasts \u2192 https://bit.ly/3nmaZUc\n\nStrona z kalendarzem o. Adama: \n\u2192 http://www.langustanapalmie.pl\nMo\u017cna nas r\u00f3wnie\u017c znale\u017a\u0107 na Facebooku: \n\u2192 https://www.facebook.com/LangustaNaPalmie\nTwitterze: \n\u2192 https://twitter.com/LangustaPalmowa\nInstagramie: \n\u2192 https://www.instagram.com/langustanapalmie/\n\nZapraszamy.", "link": "https://www.youtube.com/watch?v=aQDZjboNx-Y", "date_published": "2021-06-19 00:00:00+00:00", "persistent": false, "user": null, "language": "pl-PL"}]