[{"source": "https://www.youtube.com/feeds/videos.xml?channel_id=UC_7PqixGIdE-jjoHKMPYpGA", "title": "Nie tylko Czarnobyl - cywilne wypadki radiacyjne", "description": "\ud83d\udc49 Patronite \u25ba https://patronite.pl/NaukowyBelkot \n\ud83d\udcda Moja ksi\u0105\u017cka \u25ba https://altenberg.pl/geny/\n\ud83d\udcda E-book \u25ba https://tinyurl.com/pnp-ebook\n\ud83c\udfa7 Mix audio \u25ba http://ratstudios.pl/\n\n35 lat temu Czarnobyl zmieni\u0142 my\u015blenie ludzi o energetyce j\u0105drowej. Obawiam si\u0119, \u017ce w wielu przypadkach nieodwracalnie. Wiele os\u00f3b nie zdaje sobie sprawy, \u017ce ryzyko incydentu radiacyjnego istnieje nawet w sytuacji, gdy nie mamy elektrowni w naszym kraju, a w historii zebra\u0142a ona wiele ofiar w cywilnych incydentach. Wszystko dlatego, \u017ce z promieniowania korzystamy niemal ka\u017cdego dnia i \u017cycie bez niego nie mog\u0142oby wygl\u0105da\u0107 tak, jak wygl\u0105da...\n\n\ud83c\udf9e Moja seria o Czarnobylu sprzed 5 lat\nhttps://www.youtube.com/watch?v=BmPry7Gr0-M\nhttps://www.youtube.com/watch?v=RT3TSZADe3o\nhttps://www.youtube.com/watch?v=5kCaXs-bMAU\n\n\ud83c\udf9e Vlogi Krzysztofa Gonciarza ze Strefy Wykluczenia\nhttps://www.youtube.com/watch?v=BBKTmGtVtjw\nhttps://www.youtube.com/watch?v=FMzZFQWxZo4\nhttps://www.youtube.com/watch?v=4v6uIWdDbfQ\n\n\ud83c\udf9e M\u00f3j film o dawkach promieniowania\nhttps://www.youtube.com/watch?v=6plZbmQHHaA\n\n\ud83c\udf9e Inne warto\u015bciowe tre\u015bci o Czarnobylu\nhttps://www.youtube.com/watch?v=IGFjeox3Isw\nhttps://www.youtube.com/watch?v=uk7kODGzqk8\nhttps://www.youtube.com/watch?v=RXuuLht0NQI\n\n\ud83c\udf9e Inne moje filmy o promieniowaniu\nhttps://www.youtube.com/watch?v=0Z2bi2Z7uho\nhttps://www.youtube.com/watch?v=tRrPNHMXyQI\nhttps://www.youtube.com/watch?v=3nbM5Pno9q8\nhttps://www.youtube.com/watch?v=2GWNxJ-wBSk\n\nSubskrypcja \u25ba https://youtube.com/c/UwagaNaukowyBelkot\nFacebook \u25ba https://facebook.com/UwagaNaukowyBelkot\nTwitter \u25ba https://twitter.com/NaukowyBelkot\nInstagram \u25ba https://www.instagram.com/NaukowyBelkot/\n\nWy\u0142\u0105cznie Naukowy Be\u0142kot \u25ba https://goo.gl/Do7VCc\nGrupa na facebooku \u25ba https://goo.gl/HP8J83\n\n===\nRozk\u0142ad jazdy:\n\n0:00 Wprowadzenie\n2:52 Domowa robota\n5:25 Przy ta\u015bmie z jedzeniem\n7:07 Nieudany recykling\n12:01 Medycyna gone wrong\n14:12 Materia\u0142y w stanie krytycznym\n15:15 Demoniczny rdze\u0144\n20:40 Nie ta japo\u0144ska elektrownia o kt\u00f3rej my\u015blicie\n23:59 Jeszcze jedna scena ze sterowni\n\n\n===\n#czarnobyl #promieniowanie #wypadki", "link": "https://www.youtube.com/watch?v=m2RQbSCA7-I", "date_published": "2021-04-26 00:00:00+00:00", "persistent": false, "user": null, "language": "en-US"}]