[{"source": "https://www.youtube.com/feeds/videos.xml?channel_id=UCl2mFZoRqjw_ELax4Yisf6w", "title": "Let's talk about ice cream, mcdonalds, and why it matters", "description": "https://tinyurl.com/rossmatrix\n\ud83d\udc49 https://www.wired.com/story/they-hacked-mcdonalds-ice-cream-makers-started-cold-war/\n\ud83d\udc49 https://www.youtube.com/watch?v=SrDEtSlqJC4\n\ud83d\udc49 https://www.gofundme.com/f/lets-get-right-to-repair-passed\n\ud83d\udc49 This video was recorded with the following:\n\ud83d\udd35 Camera: https://amzn.to/3eO58my\n\ud83d\udd35 Microphone: https://amzn.to/2GoiSb0\n\ud83d\udd35 HDMI capture: https://amzn.to/3cMzhRq\n\ud83d\udd35 Audio interface: https://amzn.to/2SiCG1W", "link": "https://www.youtube.com/watch?v=tl34nW9c4wo", "date_published": "2021-04-26 00:00:00+00:00", "persistent": false, "user": null, "language": "en-US"}, {"source": "https://www.youtube.com/feeds/videos.xml?channel_id=UCl2mFZoRqjw_ELax4Yisf6w", "title": "NYC DOESN'T KNOW ITS OWN LAWS!", "description": "https://tinyurl.com/rossmatrix\n3:14 is where the call starts. NYC issued my business a fine for a violation, for breaking the law. When I called to ask how to be in compliance with the law, they couldn't answer me. Welcome to NYC!\n\ud83d\udc49 https://www.youtube.com/watch?v=965BLLWv8h8\n\n\ud83d\udc49 https://www.gofundme.com/f/lets-get-right-to-repair-passed\n\ud83d\udc49 This video was recorded with the following:\n\ud83d\udd35 Camera: https://amzn.to/3eO58my\n\ud83d\udd35 Microphone: https://amzn.to/2GoiSb0\n\ud83d\udd35 HDMI capture: https://amzn.to/3cMzhRq\n\ud83d\udd35 Audio interface: https://amzn.to/2SiCG1W", "link": "https://www.youtube.com/watch?v=yi8_9WGk3Ok", "date_published": "2021-04-26 00:00:00+00:00", "persistent": false, "user": null, "language": "en-US"}, {"source": "https://www.youtube.com/feeds/videos.xml?channel_id=UCl2mFZoRqjw_ELax4Yisf6w", "title": "JOHN DEERE INSTIGATES HACKERS - GETS HACKED *AGAIN!!* \ud83e\udd23", "description": "https://tinyurl.com/rossmatrix\nCheck out sick codes here: https://twitter.com/sickcodes\n\n\ud83d\udc49 https://twitter.com/JohnDeere/status/1383925815092518918\n\ud83d\udc49 https://www.gofundme.com/f/lets-get-right-to-repair-passed\n\ud83d\udc49 https://www.youtube.com/channel/UCl2mFZoRqjw_ELax4Yisf6w\n\ud83d\udc49 https://www.youtube.com/watch?v=QSt6dgRvFig\n\ud83d\udc49 https://www.vice.com/en/article/4avy8j/bugs-allowed-hackers-to-dox-all-john-deere-owners\n\ud83d\udc49 This video was recorded with the following:\n\ud83d\udd35 Camera: https://amzn.to/3eO58my\n\ud83d\udd35 Microphone: https://amzn.to/2GoiSb0\n\ud83d\udd35 HDMI capture: https://amzn.to/3cMzhRq\n\ud83d\udd35 Audio interface: https://amzn.to/2SiCG1W", "link": "https://www.youtube.com/watch?v=rB_SleNKBus", "date_published": "2021-04-25 00:00:00+00:00", "persistent": false, "user": null, "language": "en-US"}]