[{"source": "https://www.youtube.com/feeds/videos.xml?channel_id=UCQDhxkSxZA6lxdeXE19aoRA", "title": "Hidden iPhone 12 Hardware Upgrade Apple Never Told You About.", "description": "Creating an iPhone 12 model Apple wont sell you.\n--------------------------------------Socials-------------------------------------\nWebsite: https://www.hughjeffreys.com\nStore: https://www.hughjeffreys.com/store\nInstagram: http://instagram.com/hughjeffreys\n---------------------------------------Links---------------------------------------\nTools I Use: https://www.hughjeffreys.com/tools\n\nGet parts, tools, and thousands of free repair guides from iFixit at:\u00a0\n                               https://iFixit.com/hughjeffreys\nAustralian Store: https://ifix.gd/2FPxhKy\n---------------------------------------------------------------------------------------\n\n\n(DISCLAIMER: This description contains affiliate links, which means that if you click on one of the product links, l will receive a small commission.)", "link": "https://www.youtube.com/watch?v=MgK4-RB35do", "date_published": "2021-06-12 00:00:00+00:00", "persistent": false, "user": null, "language": "en-US"}]