[{"source": "http://feeds.bbci.co.uk/news/rss.xml", "title": "Joe Biden: Unearthing the president's unsung English roots", "description": "An English link has been added to the president's famed Irish ancestry. But is it meaningful to him?", "link": "https://www.bbc.co.uk/news/world-us-canada-57394351", "date_published": "2021-06-11 23:49:52+00:00", "persistent": false, "user": null, "language": "en-US"}, {"source": "http://feeds.bbci.co.uk/news/rss.xml", "title": "Playwright revives 1920s football team for dramatic new fixture", "description": "A short-lived club from a brief golden age of women's football is brought back to life on stage.", "link": "https://www.bbc.co.uk/news/entertainment-arts-57427065", "date_published": "2021-06-11 23:48:10+00:00", "persistent": false, "user": null, "language": "en-US"}, {"source": "http://feeds.bbci.co.uk/news/rss.xml", "title": "Week in pictures: 5 - 11 June 2021", "description": "A selection of powerful images taken around the world this week.", "link": "https://www.bbc.co.uk/news/in-pictures-57415615", "date_published": "2021-06-11 23:40:40+00:00", "persistent": false, "user": null, "language": "en-US"}, {"source": "http://feeds.bbci.co.uk/news/rss.xml", "title": "'I could be with people and still feel alone'", "description": "It's been a difficult year for US college students. This is Ana Carmona's story.", "link": "https://www.bbc.co.uk/news/world-us-canada-57434784", "date_published": "2021-06-11 23:37:21+00:00", "persistent": false, "user": null, "language": "en-US"}, {"source": "http://feeds.bbci.co.uk/news/rss.xml", "title": "MH17 plane crash: Horror and hope for families as trial starts", "description": "Four people are on trial for shooting down flight MH17 over eastern Ukraine, but none are in court.", "link": "https://www.bbc.co.uk/news/world-europe-57443467", "date_published": "2021-06-11 23:32:29+00:00", "persistent": false, "user": null, "language": "en-US"}, {"source": "http://feeds.bbci.co.uk/news/rss.xml", "title": "Covid: Is there a limit to how much worse variants can get?", "description": "The coronavirus has changed and changed again, getting more transmissible each time.", "link": "https://www.bbc.co.uk/news/health-57431420", "date_published": "2021-06-11 23:16:01+00:00", "persistent": false, "user": null, "language": "en-US"}, {"source": "http://feeds.bbci.co.uk/news/rss.xml", "title": "Tokyo Olympics: Why people are afraid to show support for the Games", "description": "Some Japanese - including athletes - are afraid to come forward and show support for the Olympics.", "link": "https://www.bbc.co.uk/news/world-asia-57395010", "date_published": "2021-06-11 23:06:12+00:00", "persistent": false, "user": null, "language": "en-US"}, {"source": "http://feeds.bbci.co.uk/news/rss.xml", "title": "Milton Keynes girl, 6, cheered by classmates on first 100m walk", "description": "Bea's mum calls it a \"massive achievement,\" after two heart operations due to a rare disorder.", "link": "https://www.bbc.co.uk/news/uk-england-beds-bucks-herts-57448365", "date_published": "2021-06-11 23:02:06+00:00", "persistent": false, "user": null, "language": "en-US"}, {"source": "http://feeds.bbci.co.uk/news/rss.xml", "title": "Vaccinating children against Covid-19", "description": "Ros Atkins on the debate about giving Pfizer vaccine to children aged 12-15.", "link": "https://www.bbc.co.uk/news/uk-57441662", "date_published": "2021-06-11 23:00:43+00:00", "persistent": false, "user": null, "language": "en-US"}, {"source": "http://feeds.bbci.co.uk/news/rss.xml", "title": "'They sent out a message' - perfect night on and off the pitch for Italy", "description": "The evening in Rome started with a spine-tingling rendition of Nessun Dorma and ended with the Italy team celebrating a defensive block as they beat Turkey 3-0.", "link": "https://www.bbc.co.uk/sport/football/57446207", "date_published": "2021-06-11 22:58:12+00:00", "persistent": false, "user": null, "language": "en-US"}, {"source": "http://feeds.bbci.co.uk/news/rss.xml", "title": "\u2018One of the top three matches in my life\u2019 \u2013 Djokovic on stunning win over Nadal", "description": "Novak Djokovic ends Rafael Nadal's reign at the French Open in a classic semi-final which will be ranked among the all-time great matches.", "link": "https://www.bbc.co.uk/sport/tennis/57448562", "date_published": "2021-06-11 22:26:30+00:00", "persistent": false, "user": null, "language": "en-US"}, {"source": "http://feeds.bbci.co.uk/news/rss.xml", "title": "Birthday Honours 2021: Covid vaccine heroes recognised by Queen", "description": "The Queen's Birthday Honours also recognise Prue Leith, Arlene Phillips and Jonathan Pryce.", "link": "https://www.bbc.co.uk/news/uk-57427788", "date_published": "2021-06-11 21:30:14+00:00", "persistent": false, "user": null, "language": "en-US"}, {"source": "http://feeds.bbci.co.uk/news/rss.xml", "title": "Leading Wales out at Euros will be career highlight - Bale", "description": "Gareth Bale says captaining Wales in their opening match of Euro 2020 against Switzerland on Saturday will be a career highlight.", "link": "https://www.bbc.co.uk/sport/football/51197446", "date_published": "2021-06-11 21:27:18+00:00", "persistent": false, "user": null, "language": "en-US"}, {"source": "http://feeds.bbci.co.uk/news/rss.xml", "title": "From garden chairs to boxes: Five items in short supply", "description": "A combination of Covid, Brexit and the Suez Canal delays threaten to disrupt supplies this summer.", "link": "https://www.bbc.co.uk/news/business-57433224", "date_published": "2021-06-11 21:09:46+00:00", "persistent": false, "user": null, "language": "en-US"}, {"source": "http://feeds.bbci.co.uk/news/rss.xml", "title": "The Queen: \u2018Are you supposed to be looking as if you\u2019re enjoying yourself?\u2019", "description": "The Queen was not afraid to lighten the mood at the G7 'family photo' taken at the Cornwall summit.", "link": "https://www.bbc.co.uk/news/uk-57447066", "date_published": "2021-06-11 20:30:29+00:00", "persistent": false, "user": null, "language": "en-US"}, {"source": "http://feeds.bbci.co.uk/news/rss.xml", "title": "Boaters have a close call with a Texas dam", "description": "The four passengers were rescued after their boat got stuck at the top of the dam.", "link": "https://www.bbc.co.uk/news/world-us-canada-57448375", "date_published": "2021-06-11 16:58:32+00:00", "persistent": false, "user": null, "language": "en-US"}, {"source": "http://feeds.bbci.co.uk/news/rss.xml", "title": "Pavlyuchenkova & Krejcikova target first Grand Slam singles title", "description": "A new Grand Slam singles champion will be crowned when Anastasia Pavlyuchenkova takes on Barbora Krejcikova in the French Open final.", "link": "https://www.bbc.co.uk/sport/tennis/57443727", "date_published": "2021-06-11 16:22:49+00:00", "persistent": false, "user": null, "language": "en-US"}, {"source": "http://feeds.bbci.co.uk/news/rss.xml", "title": "Fact-checking Matt Hancock's Covid claims", "description": "We go over the evidence given by the health secretary on the government's pandemic response.", "link": "https://www.bbc.co.uk/news/57427777", "date_published": "2021-06-11 15:33:29+00:00", "persistent": false, "user": null, "language": "en-US"}, {"source": "http://feeds.bbci.co.uk/news/rss.xml", "title": "PM gifts photo of Edinburgh anti-slavery mural to Biden", "description": "A framed photograph of an Edinburgh mural of Frederick Douglass was among gifts exchanged by the leaders.", "link": "https://www.bbc.co.uk/news/uk-scotland-edinburgh-east-fife-57441825", "date_published": "2021-06-11 15:18:58+00:00", "persistent": false, "user": null, "language": "en-US"}, {"source": "http://feeds.bbci.co.uk/news/rss.xml", "title": "G7: Climate protesters target Cornish summit", "description": "At least 500 people joined a parade in St Ives, chanting \"act now\" and \"sound the alarm\".", "link": "https://www.bbc.co.uk/news/uk-england-cornwall-57445814", "date_published": "2021-06-11 15:17:40+00:00", "persistent": false, "user": null, "language": "en-US"}, {"source": "http://feeds.bbci.co.uk/news/rss.xml", "title": "Euro 2020: A football-hater's guide to surviving the tournament", "description": "Millions of people will be glued to the Euros, but spare a thought for those who can't stand sport.", "link": "https://www.bbc.co.uk/news/newsbeat-57443234", "date_published": "2021-06-11 14:57:59+00:00", "persistent": false, "user": null, "language": "en-US"}, {"source": "http://feeds.bbci.co.uk/news/rss.xml", "title": "Andrew Dymock: The neo-Nazi exposed by the BBC", "description": "Raised in a privileged academic background, Andrew Dymock led two banned neo-Nazi terror groups.", "link": "https://www.bbc.co.uk/news/uk-57406673", "date_published": "2021-06-11 14:35:09+00:00", "persistent": false, "user": null, "language": "en-US"}, {"source": "http://feeds.bbci.co.uk/news/rss.xml", "title": "G7: Carrie Johnson treats spouses to steak, firepits and brie on the beach", "description": "Guide to the G7 spouses, as Carrie Johnson hosts a beach party for the world leaders' other halves.", "link": "https://www.bbc.co.uk/news/uk-politics-57384801", "date_published": "2021-06-11 11:51:46+00:00", "persistent": false, "user": null, "language": "en-US"}, {"source": "http://feeds.bbci.co.uk/news/rss.xml", "title": "England v New Zealand: Mark Wood cameo thrills Edgbaston crowd", "description": "England bowler Mark Wood whips up the crowd with six fours in the morning session of the second Test against New Zealand at Edgbaston before being bowled by Matt Henry for 41.", "link": "https://www.bbc.co.uk/sport/av/cricket/57442074", "date_published": "2021-06-11 11:18:35+00:00", "persistent": false, "user": null, "language": "en-US"}, {"source": "http://feeds.bbci.co.uk/news/rss.xml", "title": "Delay 21 June lockdown lifting, urge local health leaders", "description": "The government is warned that unlocking in England on 21 June risks the country \"going backwards\".", "link": "https://www.bbc.co.uk/news/uk-57438745", "date_published": "2021-06-11 11:00:37+00:00", "persistent": false, "user": null, "language": "en-US"}, {"source": "http://feeds.bbci.co.uk/news/rss.xml", "title": "Manchester Arena Inquiry: Bomber's brother denied immunity", "description": "Salman Abedi's brother has refused to co-operate with the Manchester Arena Inquiry without immunity.", "link": "https://www.bbc.co.uk/news/uk-england-manchester-57442609", "date_published": "2021-06-11 10:45:05+00:00", "persistent": false, "user": null, "language": "en-US"}, {"source": "http://feeds.bbci.co.uk/news/rss.xml", "title": "Covid: Unvaccinated most at risk from Delta variant", "description": "There have been nearly 30,000 new cases of the variant in the UK in the past week.", "link": "https://www.bbc.co.uk/news/health-57441677", "date_published": "2021-06-11 10:43:02+00:00", "persistent": false, "user": null, "language": "en-US"}, {"source": "http://feeds.bbci.co.uk/news/rss.xml", "title": "Jail for rapist who faked his death at 'Mortuary Beach'", "description": "Kim Avis tried to evade justice by fleeing Scotland then faking his death at one of California's most dangerous beaches.", "link": "https://www.bbc.co.uk/news/uk-scotland-highlands-islands-57430215", "date_published": "2021-06-11 10:25:41+00:00", "persistent": false, "user": null, "language": "en-US"}, {"source": "http://feeds.bbci.co.uk/news/rss.xml", "title": "Euro 2020: Johnson must back Rashford taking the knee - Gordon Brown", "description": "Ex-PM tells BBC the England team are \"bringing together the whole country\", despite recent booing.", "link": "https://www.bbc.co.uk/news/uk-politics-57439088", "date_published": "2021-06-11 10:14:06+00:00", "persistent": false, "user": null, "language": "en-US"}, {"source": "http://feeds.bbci.co.uk/news/rss.xml", "title": "Assisted dying campaigner dies", "description": "Noel Conway's wife says her husband had a \"painless and dignified death\" at home.", "link": "https://www.bbc.co.uk/news/uk-england-shropshire-57441095", "date_published": "2021-06-11 10:08:21+00:00", "persistent": false, "user": null, "language": "en-US"}, {"source": "http://feeds.bbci.co.uk/news/rss.xml", "title": "G7: UK and US have an 'indestructible relationship', PM says", "description": "Boris Johnson tells the BBC he has coined a new term for the so-called special relationship.", "link": "https://www.bbc.co.uk/news/uk-politics-57436035", "date_published": "2021-06-11 10:00:48+00:00", "persistent": false, "user": null, "language": "en-US"}, {"source": "http://feeds.bbci.co.uk/news/rss.xml", "title": "Covax: How many Covid vaccines have the US and the other G7 countries pledged?", "description": "The US is set to confirm it will give 500m doses of the Pfizer vaccine to the international Covax scheme.", "link": "https://www.bbc.co.uk/news/world-55795297", "date_published": "2021-06-11 09:39:10+00:00", "persistent": false, "user": null, "language": "en-US"}, {"source": "http://feeds.bbci.co.uk/news/rss.xml", "title": "G7 tax deal: What is it and are Amazon and Facebook included?", "description": "A deal has been agreed by the world's richest nations to tax global companies more.", "link": "https://www.bbc.co.uk/news/business-57384352", "date_published": "2021-06-11 09:19:51+00:00", "persistent": false, "user": null, "language": "en-US"}, {"source": "http://feeds.bbci.co.uk/news/rss.xml", "title": "Harry Dunn death: Biden sympathetic over case, says PM", "description": "Mr Dunn's mother says she \"couldn't be more grateful\" the PM raised the case with Joe Biden.", "link": "https://www.bbc.co.uk/news/uk-57435843", "date_published": "2021-06-11 08:58:00+00:00", "persistent": false, "user": null, "language": "en-US"}, {"source": "http://feeds.bbci.co.uk/news/rss.xml", "title": "G7 summit: What is it and why is it in Cornwall?", "description": "World leaders will descend on the Cornish coast for face-to-face meetings on Friday 11 June.", "link": "https://www.bbc.co.uk/news/world-49434667", "date_published": "2021-06-11 08:45:57+00:00", "persistent": false, "user": null, "language": "en-US"}, {"source": "http://feeds.bbci.co.uk/news/rss.xml", "title": "Claressa Shields: Double Olympic boxing champion wins on MMA debut", "description": "Two-time Olympic boxing champion Claressa Shields wins on her professional mixed martial arts debut.", "link": "https://www.bbc.co.uk/sport/mixed-martial-arts/57438148", "date_published": "2021-06-11 06:44:20+00:00", "persistent": false, "user": null, "language": "en-US"}, {"source": "http://feeds.bbci.co.uk/news/rss.xml", "title": "Harry Dunn and the complex world of diplomatic immunity", "description": "The death of British teenager Harry Dunn became a diplomatic struggle between the UK and US.", "link": "https://www.bbc.co.uk/news/uk-57436513", "date_published": "2021-06-11 05:28:01+00:00", "persistent": false, "user": null, "language": "en-US"}, {"source": "http://feeds.bbci.co.uk/news/rss.xml", "title": "Quiz: How well do you know the Euros? Take our bumper quiz", "description": "Ten rounds, 125 possible answers - take on our quiz and test your Euros knowledge.", "link": "https://www.bbc.co.uk/sport/football/57188304", "date_published": "2021-06-11 05:17:06+00:00", "persistent": false, "user": null, "language": "en-US"}, {"source": "http://feeds.bbci.co.uk/news/rss.xml", "title": "Medieval pointy-toed shoes led to Cambridge bunion surge", "description": "About 27% of 14th and 15th Century skeletons found in Cambridge digs had bunions.", "link": "https://www.bbc.co.uk/news/uk-england-cambridgeshire-57427365", "date_published": "2021-06-11 05:11:35+00:00", "persistent": false, "user": null, "language": "en-US"}, {"source": "http://feeds.bbci.co.uk/news/rss.xml", "title": "The Papers: Johnson and Biden's 'love-in' and PM mulls 21 June delay", "description": "Johnson and Biden's first meeting and a possible delay to ending England lockdown are in the papers.", "link": "https://www.bbc.co.uk/news/blogs-the-papers-57436753", "date_published": "2021-06-11 04:28:58+00:00", "persistent": false, "user": null, "language": "en-US"}, {"source": "http://feeds.bbci.co.uk/news/rss.xml", "title": "LGBTQ: The podcast telling Singapore's hidden gay stories", "description": "The SG Boys is one of the first LGBTQ podcasts in Singapore - where gay sex is still illegal.", "link": "https://www.bbc.co.uk/news/world-asia-57424596", "date_published": "2021-06-11 02:44:12+00:00", "persistent": false, "user": null, "language": "en-US"}, {"source": "http://feeds.bbci.co.uk/news/rss.xml", "title": "G7 summit: A cycling tour of Cornwall's G7 village", "description": "Reporter Nomia Iqbal explores the Cornish village that's hosting the G7 summit.", "link": "https://www.bbc.co.uk/news/uk-57433610", "date_published": "2021-06-11 02:22:26+00:00", "persistent": false, "user": null, "language": "en-US"}, {"source": "http://feeds.bbci.co.uk/news/rss.xml", "title": "Crocodile attack twin: 'You have to fight for the people you love'", "description": "Georgia Laurie tells us about saving her twin, Melissa, from the attack in a lagoon in Mexico.", "link": "https://www.bbc.co.uk/news/newsbeat-57437135", "date_published": "2021-06-11 01:29:26+00:00", "persistent": false, "user": null, "language": "en-US"}, {"source": "http://feeds.bbci.co.uk/news/rss.xml", "title": "Essex and London accents deemed less intelligent, researchers find", "description": "People with London and Essex accents downgrade others with London and Essex accents, a study finds.", "link": "https://www.bbc.co.uk/news/uk-england-essex-57071805", "date_published": "2021-06-11 00:48:00+00:00", "persistent": false, "user": null, "language": "en-US"}, {"source": "http://feeds.bbci.co.uk/news/rss.xml", "title": "E3 2021: What to expect at the world's most influential gaming event", "description": "Newsbeat's gaming reporter Steffan Powell looks ahead at this year's gaming convention.", "link": "https://www.bbc.co.uk/news/newsbeat-57425970", "date_published": "2021-06-11 00:43:39+00:00", "persistent": false, "user": null, "language": "en-US"}, {"source": "http://feeds.bbci.co.uk/news/rss.xml", "title": "Ethiopia's Tigray crisis: Tragedy of the man-made famine", "description": "Aid workers are still unable to reach large parts of Ethiopia\u2019s Tigray region because of the war there.", "link": "https://www.bbc.co.uk/news/world-africa-57422168", "date_published": "2021-06-11 00:36:58+00:00", "persistent": false, "user": null, "language": "en-US"}, {"source": "http://feeds.bbci.co.uk/news/rss.xml", "title": "'Huntington's disease won't stop me having a baby'", "description": "Heather and her husband are going to have a baby, even though Heather's time with the child will be limited.", "link": "https://www.bbc.co.uk/news/stories-57430859", "date_published": "2021-06-11 00:35:33+00:00", "persistent": false, "user": null, "language": "en-US"}, {"source": "http://feeds.bbci.co.uk/news/rss.xml", "title": "Peter Crouch plays Euros quiz Taller or shorter", "description": "The 6ft7in former pro joins Newsbeat presenter Ben Mundy for a must-see Euros game.", "link": "https://www.bbc.co.uk/news/newsbeat-57431175", "date_published": "2021-06-11 00:33:56+00:00", "persistent": false, "user": null, "language": "en-US"}, {"source": "http://feeds.bbci.co.uk/news/rss.xml", "title": "Crowded House's Neil Finn: The most debauched we got was water fights", "description": "Neil Finn on touring with Crowded House, playing with Fleetwood Mac and ruining hotel rooms.", "link": "https://www.bbc.co.uk/news/entertainment-arts-57419383", "date_published": "2021-06-11 00:25:14+00:00", "persistent": false, "user": null, "language": "en-US"}]