[{"source": "https://www.theguardian.com/rss", "title": "Rukmini Iyer\u2019s trio of summer salads: chicken, butter beans and feta", "description": "<p>The Roasting Tin author on three ways to add colour and crunch to your summer feasting table</p><p>These recipes highlight that a few good ingredients need little more than a simple dressing to shine.</p><p>In all three, the star ingredient \u2013 from my favourite Navarrico jarred butter beans to free-range chicken and good feta cheese \u2013 has a short stint marinating in a herby lemon and olive oil dressing before stirring it through with a handful of complementary ingredients.</p><p>Roast chicken with grapefruit, watercress and hazelnuts</p> <a href=\"https://www.theguardian.com/feasting-with-ocado/2021/jun/11/rukmini-iyers-trio-of-summer-salads-chicken-butter-beans-and-feta\">Continue reading...</a>", "link": "https://www.theguardian.com/feasting-with-ocado/2021/jun/11/rukmini-iyers-trio-of-summer-salads-chicken-butter-beans-and-feta", "date_published": "2021-06-11 10:51:39+00:00", "persistent": false, "user": null, "language": "en-UK"}]