[{"source": "https://www.youtube.com/feeds/videos.xml?channel_id=UCl2mFZoRqjw_ELax4Yisf6w", "title": "Florida is a beautiful, scary, but AWESOME place. Meet my new friend!", "description": "https://tinyurl.com/rossmatrix", "link": "https://www.youtube.com/watch?v=Ognsk4fjnmo", "date_published": "2021-06-11 00:00:00+00:00", "persistent": false, "user": null, "language": "en-US"}, {"source": "https://www.youtube.com/feeds/videos.xml?channel_id=UCl2mFZoRqjw_ELax4Yisf6w", "title": "Right to Repair bill PASSES in NY state senate! What now?", "description": "", "link": "https://www.youtube.com/watch?v=FX6BVQe6Tq4", "date_published": "2021-06-11 00:00:00+00:00", "persistent": false, "user": null, "language": "en-US"}]