[{"source": "https://www.youtube.com/feeds/videos.xml?channel_id=UCswH8ovgUp5Bdg-0_JTYFNw", "title": "Want To F*ck The System That's Been F*cking You? - WATCH THIS!", "description": "Check out this clip with activist and speaker Satish Kumar from my Luminary podcast, Under The Skin! We talk about the need for a better society and how protesting isn't enough when our social system is using us for profit!\n\nYou can listen to the full episode on Luminary, available on Apple Podcasts at http://apple.co/russell\n\n#protest #society #SatishKumar #change #russellbrand\n\nElites are taking over! Our only hope is to form our own. To learn more join my cartel here https://www.russellbrand.com/join and get weekly bulletins too incendiary for anything but your private inbox.\n*not a euphemism\n\nListen to my Luminary Original podcast, Under The Skin, to hear from guests including Edward Snowden, Jonathan Haidt, Jordan Peterson, Naomi Klein, Kehinde Andrews, Adam Curtis and Vandana Shiva.\nSubscribe to Luminary at http://apple.co/russell \n\nMy NEW weekly meditation podcast, Above the Noise, is available now only on Luminary.\n\nSEE ME LIVE! Check out my live events and buy tickets here https://www.russellbrand.com/live-dates/ \n\nMy Audible Original, \u2018Revelation', is out NOW!\nUS: http://adbl.co/revelation\nUK: http://adbl.co/revelationuk\nAU: http://adbl.co/revelationau\nCA: http://adbl.co/revelationca\n\nFor meditation and breath work, subscribe to my side-channel: \nhttps://www.youtube.com/c/AwakeningWithRussell\n\nInstagram: \nhttp://instagram.com/russellbrand/\n\nTwitter: \nhttp://twitter.com/rustyrockets", "link": "https://www.youtube.com/watch?v=7ILYgJHo9iY", "date_published": "2021-08-21 00:00:00+00:00", "persistent": false, "user": null, "language": "en-US"}, {"source": "https://www.youtube.com/feeds/videos.xml?channel_id=UCswH8ovgUp5Bdg-0_JTYFNw", "title": "Snowden UNMASKS Apple\u2019s New Ploy To SPY On You!!", "description": "Apple announced a new set of \u201cprotection for children\u201d features for US iPhones, but will it open the floodgates to a significant expansion of the surveillance state? \n#apple #iPhone #EdwardSnowden #surveillance #spying\n\nElites are taking over! Our only hope is to form our own. To learn more join my cartel here https://www.russellbrand.com/join and get weekly bulletins too incendiary for anything but your private inbox.\n*not a euphemism\n\nListen to my Luminary Original podcast, Under The Skin, to hear from guests including Edward Snowden, Jonathan Haidt, Jordan Peterson, Naomi Klein, Kehinde Andrews, Adam Curtis and Vandana Shiva.\nSubscribe to Luminary at http://apple.co/russell \n\nMy NEW weekly meditation podcast, Above the Noise, is available now only on Luminary.\n\nSEE ME LIVE! Check out my live events and buy tickets here https://www.russellbrand.com/live-dates/ \n\nMy Audible Original, \u2018Revelation', is out NOW!\nUS: http://adbl.co/revelation\nUK: http://adbl.co/revelationuk\nAU: http://adbl.co/revelationau\nCA: http://adbl.co/revelationca\n\nFor meditation and breath work, subscribe to my side-channel: \nhttps://www.youtube.com/c/AwakeningWithRussell\n\nInstagram: \nhttp://instagram.com/russellbrand/\n\nTwitter: \nhttp://twitter.com/rustyrockets", "link": "https://www.youtube.com/watch?v=VdjR2r5ty5o", "date_published": "2021-08-20 00:00:00+00:00", "persistent": false, "user": null, "language": "en-US"}]