[{"source": "https://www.youtube.com/feeds/videos.xml?channel_id=UCRG_N2uO405WO4P3Ruef9NA", "title": "Samsung is finally ditching ads in OneUI", "description": "Sponsored by Brilliant. The first 200 people to sign up get 20% off their annual premium subscription: https://brilliant.org/tfc\n\n\u25ac\u25ac\u25ac\u25ac\u25ac\u25ac\u25ac\u25ac\u25ac\u25ac\u25ac\u25ac\u25ac\u25ac\u25ac\u25ac\u25ac\u25ac\u25ac\u25ac\u25ac\u25ac\u25ac\u25ac\n\n\u25ba\u25ba\u25ba This video \u25c4\u25c4\u25c4\n\nThis week, Samsung finally decided to abandon ads in OneUI, OPPO teased fancy new camera tech, including a telephoto lens with continuous zoom, Windows 11 got a face lift and Intel spilled the beans on its ARC GPUs.\n\nEpisode 59\n\nCrrowd app & Release Monitor: https://play.google.com/store/apps/details?id=com.crrowd   \n\nQuiz: https://link.crrowd.com/quiz   \n\nThis video on Nebula: https://nebula.app/videos/the-friday-checkout-samsung-is-finally-ditching-ads\n\n\u25ac\u25ac\u25ac\u25ac\u25ac\u25ac\u25ac\u25ac\u25ac\u25ac\u25ac\u25ac\u25ac\u25ac\u25ac\u25ac\u25ac\u25ac\u25ac\u25ac\u25ac\u25ac\u25ac\u25ac\n\n\u25ba\u25ba\u25ba Other TechAltar links \u25c4\u25c4\u25c4\n\nMerch: \nhttp://enthusiast.store \n\nSocial media: \nhttps://twitter.com/TechAltar \nhttps://instagram.com/TechAltar \nhttps://discord.gg/npKQebe\n\nIf you want to support TechAltar directly: \nhttps://flattr.com/@techaltar \n\n\u25ac\u25ac\u25ac\u25ac\u25ac\u25ac\u25ac\u25ac\u25ac\u25ac\u25ac\u25ac\u25ac\u25ac\u25ac\u25ac\u25ac\u25ac\u25ac\u25ac\u25ac\u25ac\u25ac\u25ac\n\n\u25ba\u25ba\u25ba Attributions & Time stamps\u25c4\u25c4\u25c4\n\nMusic by Edemski: https://soundcloud.com/edemski \n\n0:00 Intro\n0:31 Release Monitor\n1:54 Samsung abandons ads\n3:26 OPPO's new camera tech\n4:59 Windows 11 updates\n5:42 Intel ARC GPUs detailed", "link": "https://www.youtube.com/watch?v=wqDadWihero", "date_published": "2021-08-20 00:00:00+00:00", "persistent": false, "user": null, "language": "en-US"}]