[{"source": "https://www.youtube.com/feeds/videos.xml?channel_id=UC1gVCrX5uEFc0s_8TIYGqmw", "title": "What Atomic Bomb does to City Life - [60FPS - Color - 4K]", "description": "Unidentified atomic bomb test performed by US Military.\nPlease let me know if you know name of this test, so I can update description.\n\nOriginal video was processed with Deep Learning algorithms to achieve modern look and quality. Here is the process:\n\n1. Footage stabilization and noise/dust/scratches removal with After Effects and Neat Video \u2714\ufe0f\n\ud83d\udd17 https://www.neatvideo.com/?linkID=p7845\n2. Restoration with DeepRemaster, removing scratches and film damage \u2714\ufe0f\n\ud83d\udd17 https://github.com/satoshiiizuka/siggraphasia2019_remastering\n3. Frame interpolation to get smooth look using DAIN method. Result is 60 FPS video \u2714\ufe0f\n\ud83d\udd17 https://github.com/baowenbo/DAIN\n4. Colorization using DeOldify with NoGAN. Colors are not accurate, only for ambient mood \u2714\ufe0f\n\ud83d\udd17 https://github.com/jantic/DeOldify\n5. Upscaling using Topaz Video Enhance AI, upscale preserving detail and reducing noise \u2714\ufe0f\n\ud83d\udd17 https://topazlabs.com/video-enhance-ai/ref/755/\n\u2b50\u2b50\u2b50 15% DISCOUNT CODE: oldendays15\n6. Automation with Python scripts and AWS Thinkbox Deadline as queue manager \u2714\ufe0f\n\ud83d\udd17 https://www.awsthinkbox.com/deadline\n7. RTX 2070 Super 8GB, 32GB RAM, Ryzen 9 3900X 12-core. Approx 48hrs/10min video processing.\n\nSocial Media:\nhttps://www.facebook.com/oldendayschannel\nhttps://www.twitter.com/OldenDaysYT\nhttps://www.instagram.com/oldendayschannel\nhttps://www.pinterest.ca/OldenDaysYT/old-footage-restoration\nhttps://www.patreon.com/oldendays\n\n#deoldify #colorize #upscale #topazlabs #veai #dain #60fps #4k", "link": "https://www.youtube.com/watch?v=60Gafzevil0", "date_published": "2021-08-21 00:00:00+00:00", "persistent": false, "user": null, "language": "en-US"}, {"source": "https://www.youtube.com/feeds/videos.xml?channel_id=UC1gVCrX5uEFc0s_8TIYGqmw", "title": "Most Powerful Nuclear Device Detonated by USA - [60FPS - Color - 4K]", "description": "Castle Bravo was the first in a series of high-yield thermonuclear weapon design tests conducted by the United States at Bikini Atoll, Marshall Islands, as part of Operation Castle. Detonated on March 1, 1954, the device was the most powerful nuclear device detonated by the United States and its first lithium deuteride fueled thermonuclear weapon. Castle Bravo's yield was 15 megatons of TNT, 2.5 times the predicted 6.0 megatons, due to unforeseen additional reactions involving lithium-7, which led to the unexpected radioactive contamination of areas to the east of Bikini Atoll. At the time, it was the most powerful artificial explosion in history.\n\nWikipedia:\n\ud83d\udd17 https://en.wikipedia.org/wiki/Castle_Bravo\n\nOriginal video was processed with Deep Learning algorithms to achieve modern look and quality. Here is the process:\n\n1. Footage stabilization and noise/dust/scratches removal with After Effects and Neat Video \u2714\ufe0f\n\ud83d\udd17 https://www.neatvideo.com/?linkID=p7845\n2. Restoration with DeepRemaster, removing scratches and film damage \u2714\ufe0f\n\ud83d\udd17 https://github.com/satoshiiizuka/siggraphasia2019_remastering\n3. Frame interpolation to get smooth look using DAIN method. Result is 60 FPS video \u2714\ufe0f\n\ud83d\udd17 https://github.com/baowenbo/DAIN\n4. Colorization using DeOldify with NoGAN. Colors are not accurate, only for ambient mood \u2714\ufe0f\n\ud83d\udd17 https://github.com/jantic/DeOldify\n5. Upscaling using Topaz Video Enhance AI, upscale preserving detail and reducing noise \u2714\ufe0f\n\ud83d\udd17 https://topazlabs.com/video-enhance-ai/ref/755/\n\u2b50\u2b50\u2b50 15% DISCOUNT CODE: oldendays15\n6. Automation with Python scripts and AWS Thinkbox Deadline as queue manager \u2714\ufe0f\n\ud83d\udd17 https://www.awsthinkbox.com/deadline\n7. RTX 2070 Super 8GB, 32GB RAM, Ryzen 9 3900X 12-core. Approx 48hrs/10min video processing.\n\nSocial Media:\nhttps://www.facebook.com/oldendayschannel\nhttps://www.twitter.com/OldenDaysYT\nhttps://www.instagram.com/oldendayschannel\nhttps://www.pinterest.ca/OldenDaysYT/old-footage-restoration\nhttps://www.patreon.com/oldendays\n\n#deoldify #colorize #upscale #topazlabs #veai #dain #60fps #4k", "link": "https://www.youtube.com/watch?v=TruSq_4Fcl0", "date_published": "2021-08-20 00:00:00+00:00", "persistent": false, "user": null, "language": "en-US"}]