[{"source": "https://www.youtube.com/feeds/videos.xml?channel_id=UCqg5FCR7NrpvlBWMXdt-5Vg", "title": "Almost 30 Years Late to Alone in the Dark | Behind Schedule", "description": "Join our YouTube Membership program for Early Access to videos, badges, emojis, bonus content and more. \u25ba\u25ba https://www.youtube.com/channel/UCqg5FCR7NrpvlBWMXdt-5Vg/join\n\nIn this episode of Behind Schedule, Jesse Galena gives his retro review take on Fr\u00e9d\u00e9rick Raynal and Infogrames\u2019 Alone in the Dark.\n\nSubscribe to Escapist Magazine! \u25ba\u25ba http://bit.ly/Sub2Escapist\n\nWant to see the next episode a week early? Check out http://www.escapistmagazine.com for the latest episodes of your favorite shows.\n\n---\n\n\n\n---\n\n\nZero Punctuation Merch Store \u25ba\u25bahttps://teespring.com/stores/the-escapist-store\nJoin us on Twitch \u25ba\u25ba https://www.twitch.tv/escapistmagazine \nLike us on Facebook \u25ba\u25ba http://www.facebook.com/EscapistMag\nFollow us on Twitter \u25ba\u25ba https://twitter.com/EscapistMag\n\n#AloneintheDark", "link": "https://www.youtube.com/watch?v=FebNPtsmJPU", "date_published": "2021-04-10 00:00:00+00:00", "persistent": false, "user": null, "language": "en-US"}, {"source": "https://www.youtube.com/feeds/videos.xml?channel_id=UCqg5FCR7NrpvlBWMXdt-5Vg", "title": "Remembering Dead Space with Former Visceral Games Devs | Gameumentary", "description": "**ORIGINALLY RELEASED ON GAMEUMENTARY** This mini-documentary was shot during our documentary shoot at Outpost Games, where we spoke with a number of Visceral Games developers not long after the closure of their studio to discuss their favorite memories working on the Dead Space franchise.\n\nWant to support more content like this on The Escapist? Join our YouTube Membership program at $2 / early access tier!\n\nJoin our YouTube Membership program for Early Access to videos, badges, emojis, bonus content and more. \u25ba\u25ba https://www.youtube.com/channel/UCqg5FCR7NrpvlBWMXdt-5Vg/join\n\nSubscribe to Escapist Magazine! \u25ba\u25ba http://bit.ly/Sub2Escapist\n\nWant to see the next episode a week early? Check out http://www.escapistmagazine.com for the latest episodes of your favorite shows.\n\n---\n\n\n\n---\n\n\nZero Punctuation Merch Store \u25ba\u25bahttps://teespring.com/stores/the-escapist-store\nJoin us on Twitch \u25ba\u25ba https://www.twitch.tv/escapistmagazine \nLike us on Facebook \u25ba\u25ba http://www.facebook.com/EscapistMag\nFollow us on Twitter \u25ba\u25ba https://twitter.com/EscapistMag", "link": "https://www.youtube.com/watch?v=ucG9_UA_p3U", "date_published": "2021-04-09 00:00:00+00:00", "persistent": false, "user": null, "language": "en-US"}]