[{"source": "https://www.youtube.com/feeds/videos.xml?channel_id=UCNTqu16j3F6RbtHZI-3untg", "title": "Street Performance", "description": "An interaction I had while filming on the Vegas strip\n\nJoin this channel to get access to perks:\nhttps://www.youtube.com/channel/UCNTqu16j3F6RbtHZI-3untg/join\n\nThe G-Links:\n\nhttps://twitter.com/GlinkLive\nTwitter, where I publish all my hot takes and dank memes\n\nhttps://www.reddit.com/r/glink/\nReddit, nobody uses this, but you can post memes here\n\nhttps://www.instagram.com/glink_between_worlds/\nInstagram, this is where things get real  a e s t h e t i c \n\nhttps://discord.gg/xtwYypf\nMy Discord, only for REAL gamers\n\nhttps://www.patreon.com/Glink\nSupport me on Patreon and be included in Q & As, audio updates, discord roles, and credits at the end of my videos \n\nhttps://teespring.com/stores/shop-glink\nWant to look fly while supporting my channel? Buy a T-shirt or poster here, all designs are custom made and completely original, not mention tasteful and artistic\n\nhttps://www.youtube.com/channel/UChJT4Jg89AHMyybcXFeKp_A\nMy podcast with Slush", "link": "https://www.youtube.com/watch?v=Iu5d3pVIR6w", "date_published": "2021-11-03 00:00:00+00:00", "persistent": false, "user": null, "language": "en-US"}]