[{"source": "https://www.youtube.com/feeds/videos.xml?channel_id=UC5UAwBUum7CPN5buc-_N1Fw", "title": "Photoshop on the Web, Linux bests Windows with Intel, and KDE connect on iOS - Linux News - October", "description": "Learn how to extend the life cycle of CentOS before you migrate: https://tuxcare.org/extended-lifecycle-support-centos8\n\nGet your Linux desktop or laptop here: https://slimbook.es/en/\n\n\n\ud83d\udc4f SUPPORT THE CHANNEL:\nGet access to an exclusive weekly podcast, vote on the next topics I cover, and get your name in the credits:\n\nYOUTUBE: https://www.youtube.com/channel/UC5UAwBUum7CPN5buc-_N1Fw/join\nPatreon: https://www.patreon.com/thelinuxexperiment\n\nOr, you can donate whatever you want: https://paypal.me/thelinuxexp?locale.x=fr_FR\n\n\ud83c\udfc6 FOLLOW ME ELSEWHERE:\nJoin us on our new Discord server: https://discord.gg/xK7ukavWmQ\nTwitter : http://twitter.com/thelinuxEXP\nMy Gaming on Linux Channel: https://www.youtube.com/channel/UCaw_Lz7oifDb-PZCAcZ07kw\nFollow me on ODYSEE: https://odysee.com/@TheLinuxExperiment:e\nOr join ODYSEE: https://odysee.com/$/invite/@TheLinuxExperiment:e\n\n\ud83d\udcf7 GEAR I USE:\nSony Alpha A6600 Mirrorless Camera: https://amzn.to/30zKyn7\nSigma 56mm Fixed Prime Lens: https://amzn.to/3aRvK5l\nLogitech MX Master 3 Mouse: https://amzn.to/3BVI0Od\nBluetooth Space Grey Mac Keyboard: https://amzn.to/3jcJETZ\nLogitech Brio 4K Webcam: https://amzn.to/3jgeTh9\nLG Curved Ultrawide Monitor: https://amzn.to/3pcTVDH\nLogitech White Speakers: https://amzn.to/3n6wSb0\nXbox Controller: https://amzn.to/3BWmIA3\n*Amazon Links are affiliate codes and generate small commissions to support the channel*\n\n00:00 Intro\n01:29 Linux news\n03:30 Open Source news\n06:43 Gaming News\n09:23 Hardware News\n10:16 Privacy News\n12:45 Application News\n\n\nKDE has announced that they've finished work support for running the Nvidia proprietary driver on Wayland using the GBM backend.\nhttps://pointieststick.com/2021/10/22/this-week-in-kde-fingerprint-reader-and-nvidia-gbm-support/\n\nOn the same topic, the Nvidia stable drivers that support this GBM backend are now out.\nhttps://www.gamingonlinux.com/2021/10/nvidia-49544-stable-driver-is-out-for-linux-adds-in-gbm-api-support\n\nIt looks like Linux has much better performance with Intel's 11th gen CPUs as Windows does.\nhttps://www.phoronix.com/scan.php?page=article&item=11900k-windows11-clear&num=1\n\nThe MAUI project has published a new report on their progress.\nhttps://mauikit.org/blog/maui-report-16/\n\nThe /e/ OS has finally been renamed, after a few years of deliberation, and it's now called Murena. \nhttps://gael-duval.medium.com/murena-smartphones-and-cloud-will-protect-our-privacy-357788a1e585\n\nIf you follow that kind of news, you might have heard that a former US president will launch their own social network, called \"Truth\", and that network infringes on Mastodon's license.\nhttps://talkingpointsmemo.com/muckraker/nice-start-trumps-truth-app-may-violate-terms-of-open-source-code-its-built-on\n\nSafari is quickly becoming the new Internet Explorer for the web, holding it back for everyone.\nhttps://www.theregister.com/2021/10/22/safari_risks_becoming_the_new_ie/\n\nVKD3D-proton v2.5 has been released.\nhttps://github.com/HansKristian-Work/vkd3d-proton/releases/tag/v2.5\n\nSteam has announced \"Deck Verified\", a way to know if a game will run on the Steam Deck or not.\nhttps://www.gamingonlinux.com/2021/10/valve-launches-deck-verified-to-show-off-what-games-will-work-well-on-the-steam-deck\n\nRPCS3, the PS3 emulator, has announced that all PS3 games are now at least bootable on their emulator.\nhttps://www.gamingonlinux.com/2021/10/ps3-emulator-rpcs3-can-now-boot-all-games-released-for-the-console\n\nWine 6.20 was released\nhttps://www.winehq.org/announce/6.20\n\nStarLabs, a Linux laptop manufacturer, announced their StarLite Mark 4.\nhttps://eu.starlabs.systems/pages/starlite\n\nBrave has officially removed Google search as the default, replacing it with Brave Search instead.\nhttps://www.thurrott.com/cloud/web-browsers/258380/brave-removes-google-as-its-default-search-engine\n\nLooks like the US's Internet service providers collect and sell enormous amounts of personal data.\nhttps://www.vice.com/en/article/93b9nv/internet-service-providers-collect-sell-horrifying-amount-of-sensitive-data-government-study-concludes\n\nProtonMail won a ruling in a Swiss court that means they're not considered a telecommunications operator, and as such, don't have to collect and give data to the Swiss government.\nhttps://www.theregister.com/2021/10/27/protonmail_data_victory/\n\nA new version of FreeOffice was released.\nhttps://www.omgubuntu.co.uk/2021/10/softmaker-freeoffice-2021-released\n\nKDE Connect for iOS is now available for testing, provided you're willing to add it through testflight, as it's not yet available in the AppStore.\nhttps://students.washington.edu/zxlwang/kde_list/kde_5_kde_connect_testflight_launch\n\nPhotoshop now has a web version.\nhttps://blog.adobe.com/en/publish/2021/10/26/new-creative-cloud-releases-enable-creative-collaboration-drive-innovation-empower-creative-careers.html\n\nMicrosoft Edge is now officially available for Linux.\nhttps://www.omgubuntu.co.uk/2021/10/microsoft-edge-for-linux-now-stable", "link": "https://www.youtube.com/watch?v=J8ed3jCjnJs", "date_published": "2021-11-02 00:00:00+00:00", "persistent": false, "user": null, "language": "en-US"}]