[{"source": "https://www.youtube.com/feeds/videos.xml?channel_id=UCw--xPGVVxYzRsWyV1nFqgg", "title": "Most Valuable Fantasy Franchise?", "description": "From Pokemon to Lord of the Rings, we're going to go over the income of the largest fantasy franchises of all time! \nMerch: https://teespring.com/stores/fantasy-news-2\nPatreon: https://www.patreon.com/DanielBGreene\nDiscord Server: https://discord.gg/xUzhVv4\nTwitter: https://twitter.com/DanielBGreene?lang=en\nTwitch: https://www.twitch.tv/fantasynews\nInstagram: https://www.instagram.com/dgreene101/\nSubreddit: https://www.reddit.com/r/danielgreene\nPodcast: https://afictionalconversation.podbean.com/", "link": "https://www.youtube.com/watch?v=38f3UEcxao0", "date_published": "2021-02-06 00:00:00+00:00", "persistent": false, "user": null, "language": "en-US"}, {"source": "https://www.youtube.com/feeds/videos.xml?channel_id=UCw--xPGVVxYzRsWyV1nFqgg", "title": "Lan Mandragoran Avengers Interview", "description": "Lan Mandragoran tries out for Marvel's Avengers.... because I am bored. \nMerch: https://teespring.com/stores/fantasy-news-2\nPatreon: https://www.patreon.com/DanielBGreene\nDiscord Server: https://discord.gg/xUzhVv4\nTwitter: https://twitter.com/DanielBGreene?lang=en\nTwitch: https://www.twitch.tv/fantasynews\nInstagram: https://www.instagram.com/dgreene101/\nSubreddit: https://www.reddit.com/r/danielgreene\nPodcast: https://afictionalconversation.podbean.com/", "link": "https://www.youtube.com/watch?v=j_-REwjPwFY", "date_published": "2021-02-05 00:00:00+00:00", "persistent": false, "user": null, "language": "en-US"}]