[{"source": "https://www.youtube.com/feeds/videos.xml?channel_id=UCwSv086EAByBY-Z7y-QR_cQ", "title": "Mateusz Morawiecki chce masowej produkcji mikroczip\u00f3w w Europie. Polemika z Suwerenny PL", "description": "\ud83e\udd2a Mi\u0142o, \u017ce tutaj zajrza\u0142e\u015b.  Zapraszam do ogl\u0105dania.\n\n\u2b07\ufe0fRozwi\u0144 opis\u2b07\ufe0f\n------------------------------------------------------------\n\ud83d\udc40 Uszi po godzinach: https://goo.gl/cdCFKe\n\ud83d\udc40 Hello World_: http://bit.ly/31BEhnv\n\ud83d\udc40 Tatusiek: http://bit.ly/3aSCheE\n------------------------------------------------------------\n\ud83d\udc40 twitter: http://bit.ly/2B6jTPd\n------------------------------------------------------------\n\u2709\ufe0f Ludzie listy pisz\u0105 \n\ud83d\udd8a\ufe0f uszi@protonmail.com\n------------------------------------------------------------\n\ud83d\udc7a niecenzuralne i agresywne komentarze zostan\u0105 usuni\u0119te.  Jak ju\u017c musisz zakl\u0105\u0107 dawaj znaki (&*%@%).\n------------------------------------------------------------\n\ud83d\udcb2 Donate/ Darowizna\nPLN / SMS / Blik: http://bit.ly/3bsXtJj\nBTC: 174EmE88YFtvs6fuM8ZL5yYbik8hcaY6ud\n-------------------------------------------------------------\n\u2705\u017ar\u00f3d\u0142a:\n1. https://bit.ly/3ldmzAI\n2. https://bit.ly/3vmcuGf\n3. http://bit.ly/38BRjpT\n4. http://bit.ly/3l9LViG\n5. https://bit.ly/3lcitbJ\n6. https://bit.ly/3tdGtht\n7. http://on.ft.com/3rH7tWk\n8. http://bit.ly/3et5OQy\n9. http://bit.ly/3bIVbHi\n---------------------------------------------------------------\n\ud83d\uddbcGrafika - wykorzystano elementy ze stron: \ngov.pl - http://bit.ly/2lVWjQr\n---------------------------------------------------------------\n\ud83d\udca1 Tagi: #polityka #gospodarka #Morawiecki\n--------------------------------------------------------------", "link": "https://www.youtube.com/watch?v=KnhQfSISqiI", "date_published": "2021-03-12 00:00:00+00:00", "persistent": false, "user": null, "language": "en-US"}, {"source": "https://www.youtube.com/feeds/videos.xml?channel_id=UCwSv086EAByBY-Z7y-QR_cQ", "title": "ID2020 i WFP testuj\u0105 p\u0142atno\u015bci biometryczne, oraz tworzenie to\u017csamo\u015bci suwerennej od podstaw", "description": "\ud83e\udd2a Mi\u0142o, \u017ce tutaj zajrza\u0142e\u015b.  Zapraszam do ogl\u0105dania.\n\n\u2b07\ufe0fRozwi\u0144 opis\u2b07\ufe0f\n------------------------------------------------------------\n\ud83d\udc40 Uszi po godzinach: https://goo.gl/cdCFKe\n\ud83d\udc40 Hello World_: http://bit.ly/31BEhnv\n\ud83d\udc40 Tatusiek: http://bit.ly/3aSCheE\n------------------------------------------------------------\n\ud83d\udc40 twitter: http://bit.ly/2B6jTPd\n------------------------------------------------------------\n\u2709\ufe0f Ludzie listy pisz\u0105 \n\ud83d\udd8a\ufe0f uszi@protonmail.com\n------------------------------------------------------------\n\ud83d\udc7a niecenzuralne i agresywne komentarze zostan\u0105 usuni\u0119te.  Jak ju\u017c musisz zakl\u0105\u0107 dawaj znaki (&*%@%).\n------------------------------------------------------------\n\ud83d\udcb2 Donate/ Darowizna\nPLN / SMS / Blik: http://bit.ly/3bsXtJj\nBTC: 174EmE88YFtvs6fuM8ZL5yYbik8hcaY6ud\n-------------------------------------------------------------\n\u2705\u017ar\u00f3d\u0142a:\n1. https://bit.ly/3rE5mCR\n2. https://bit.ly/30B6smU\n3. http://bit.ly/38xY8bT\n4. http://bit.ly/3cnWVFd\n5. https://bit.ly/3l8EgB5\n6. https://bit.ly/38kyMyf\n-------------------------------------------------------------\n\ud83d\udca1 Tagi: #biometria #ID2020\n--------------------------------------------------------------", "link": "https://www.youtube.com/watch?v=xc9xieG-7IA", "date_published": "2021-03-11 00:00:00+00:00", "persistent": false, "user": null, "language": "en-US"}]