[{"source": "https://www.youtube.com/feeds/videos.xml?channel_id=UCR-DXc1voovS8nhAvccRZhg", "title": "How I make YouTube videos + Studio Tour! (100K special)", "description": "I figured it was time to show how these videos are made, since enough people have been asking me about it.\n\nThank you so much to all 100,000 of you subscribers for helping me be able to spend more time doing things I love, like messing with computers and making videos about it!\n\nVideos and posts mentioned in this video:\n\n  - r/DIY Office build (Reddit): https://www.reddit.com/r/DIY/comments/2fpzrt/basement_home_office/\n  - Office build Imgur album: https://imgur.com/a/wc7wD\n  - 10K Kubernetes Pods video: https://www.youtube.com/watch?v=k5ncj3TKL1c\n  - 50K Kubernetes Jobs video: https://www.youtube.com/watch?v=O1iEBzY7-ok\n\nProducts mentioned in this video (some are affiliate links):\n\n  - Sony a6000 mirrorless camera: https://amzn.to/375jA7q\n  - Sigma 30mm Art f/1.4 lens: https://amzn.to/3aTqPk4\n  - GoPro Hero 7 Black: https://amzn.to/2Z8cgU9\n  - Canon Vixia HF R800: https://amzn.to/3d4XfL1\n  - Cam Link 4K: https://amzn.to/3qea0qp\n  - EV RE320 Microphone: https://amzn.to/3qfe1uy\n  - Behringer U-Phoria UMC202HD USB audio interface: https://amzn.to/3jGtYHH\n  - Glide Gear TMP75 Teleprompter: https://amzn.to/3rXma7F\n  - BlackMagic Video Assist 7\" 3G: https://amzn.to/3d3ThCd\n  - Manfrotto Pixi Mini Tripod (for Video Assist): https://amzn.to/3rKKr0t\n  - Cathedral Pipes Durham preamp: https://www.cathedralpipes.site/amplifiers-c-68/the-durham-mkii-mic-booster-preamp-p-208.html?zenid=164bbe3435dfbf377d2bb2787d4e1c2a\n  - Symetrix 528E Voice Processor: https://amzn.to/3d0HdSt\n  - Owens Corning 703 Acoustic Insulation: https://amzn.to/3qhZE8U\n  - Sony TOUGH Series SD cards: https://amzn.to/2Z8hOht\n  - Pro Grade USB-C CFExpress and SD card reader: https://amzn.to/2Z5C5Ek\n  - Battery powered LED mini strip light: https://amzn.to/3pewUfM\n  - Zeapon Micro 2 slider: https://amzn.to/2LIByoR\n  - Manfrotto 3001BN Tripod: https://amzn.to/3qf8HY3\n  - Manfrotto 484RC2 Ball Head: https://amzn.to/2Z5dVd4\n  - Heron 4ft Desk Overhead Camera Mount: https://amzn.to/375kOQ4\n\nRed Shirt Jeff told me to mention these:\n\n  - Dremel 200 Rotary tool: https://amzn.to/375cVdc\n  - Aven 17010 Circuit Board Holder: https://amzn.to/3jFJKmh\n\nSome of the software I mentioned in this video:\n\n  - Trello: https://trello.com/\n  - Sublime Text 3: https://www.sublimetext.com/3\n  - PromptSmart Pro: https://promptsmart.com/products/pro\n  - Final Cut Pro: https://www.apple.com/final-cut-pro/\n  - Sound Studio: http://felttip.com/ss/\n  - iShowU Instant: https://www.shinywhitebox.com/ishowu-instant\n  - Adobe Photoshop: https://www.photoshop.com/en\n\nSupport me on Patreon: https://www.patreon.com/geerlingguy\nSponsor me on GitHub: https://github.com/sponsors/geerlingguy\n\n#StudioTour #BTS #YouTubeCreatorAwards\n\nContents:\n\n00:00 - 100K Subscribers!\n00:25 - Pre-production\n01:30 - Recording Gear\n03:58 - Editing and Office Space\n05:43 - Primary Recording\n06:24 - First Edit\n07:09 - Pickup Shots\n09:49 - Red Shirt Jeff Collab\n11:01 - Final Edit\n11:40 - Creating a Thumbnail\n12:06 - A YouTube Video is Born!\n13:01 - Thanks and Bloopers", "link": "https://www.youtube.com/watch?v=Ajsq4H9zu-E", "date_published": "2021-02-12 00:00:00+00:00", "persistent": false, "user": null, "language": "en-US"}]