[{"source": "https://www.youtube.com/feeds/videos.xml?channel_id=UCAKcSON6PSG_JkTbXh2WdIg", "title": "Ellis Delaney - three songs at The Current (2020)", "description": "Last year on this date, Ellis Delaney visited The Current studio to perform a solo acoustic set for Radio Heartland. Delaney \u2014 who formerly performed under the mononym Ellis \u2014 was preparing to release her 10th album, \"Ordinary Love,\" that weekend.\n\n\"Recordings are wonderful, engaging and in many cases perfect,\" Radio Heartland's Mike Pengra wrote at the time, \"but when you actually experience someone like Ellis Delaney in person, you leave much happier than when you came.\"\n\nWatch Ellis Delaney perform three songs, including the title track, from the 2020 album, \"Ordinary Love.\"\n\nSONGS PERFORMED\n0:00 \"Ordinary Love\"\n2:53 \"Now Is The Time\"\n6:10 \"The Finest Adventure\"\n\nPERSONNEL\nEllis Delaney \u2013 vocals, ukulele, guitar\n\nCREDITS\nVideo & Photo: Nate Ryan\nAudio: Michael DeMark\nProduction: Mike Pengra\n\nFIND MORE:\n2016 studio session: https://www.thecurrent.org/feature/2016/02/05/ellis-performs-in-the-radio-heartland-studio\n2020 studio session: https://www.thecurrent.org/feature/2020/02/11/ellis-delaney-performs-at-radio-heartland\n\nSubscribe to our channel:\nhttp://www.youtube.com/user/893TheCurrent?sub_confirmation=1\nLike/Follow:\nhttps://www.facebook.com/TheCurrent/\nhttps://twitter.com/TheCurrent\nhttps://www.instagram.com/thecurrent/\n\n#ellisdelaney", "link": "https://www.youtube.com/watch?v=k1uYYKNDYGU", "date_published": "2021-02-12 00:00:00+00:00", "persistent": false, "user": null, "language": "en-US"}, {"source": "https://www.youtube.com/feeds/videos.xml?channel_id=UCAKcSON6PSG_JkTbXh2WdIg", "title": "The New Standards - Love is the Law (exclusive Valentine's Day performance)", "description": "In the spirit of Valentine's Day, the New Standards \u2014 Chan Poling, John Munson and Steve Roehm \u2014 have offered this special, quarantined performance of \"Love Is the Law.\"\n\nPenned by Poling back in 1983 and a hit for Poling's band the Suburbs in 1984, \"Love Is the Law\" enjoyed a second life in 2013 as a civil rights anthem when Minnesota legalized same-sex marriage, and again in 2015 when the U.S. Supreme Court made same-sex marriage legal in all 50 states.\n\n\"This is for all the lovers out there,\" Chan Poling says to kick off the performance in the video above. \n\nEnjoy \u2014 and have a happy Valentine's Day!\n\nPERSONNEL\nChan Poling \u2013 piano, vocals\nJohn Munson \u2013 bass, backing vocals\nSteve Roehm \u2013 vibraphone\n\n#thenewstandards #valentinesday #loveisthelaw", "link": "https://www.youtube.com/watch?v=YpOb18A7fyc", "date_published": "2021-02-12 00:00:00+00:00", "persistent": false, "user": null, "language": "en-US"}, {"source": "https://www.youtube.com/feeds/videos.xml?channel_id=UCAKcSON6PSG_JkTbXh2WdIg", "title": "Zoo Animal - three songs for The Current (2010; 2012)", "description": "This week back in 2012, Zoo Animal performed in our studio. Zoo Animal is the music project headed by Holly Hansen \u2014 or perhaps more accurately, Zoo Animal is Holly Hansen. \u201cWhen I started Zoo Animal, I thought of it as Cat Power,\u201d Hansen told writer Cecilia Johnson in 2019. \u201cWhen someone\u2019s talking about Cat Power, they\u2019re thinking about Chan Marshall. Cat Power\u2019s just her name.\u201d\n\nWatch three performances by Zoo Animal recorded for The Current \u2014 including one performance from a Caravan du Nord show in Fergus Falls, Minn., from 2012.\n\nSONGS PERFORMED\n0:00 \"Folded Hands\" (2010)\n1:58 \"Black and Charred\" (2012)\n5:22 \"Fyre\" (2012, Caravan du Nord performance)\n\nCREDITS\nVideo & Photo: Laura Gill; Erick Sudheim; Nate Ryan\nAudio: Michael DeMark\nProduction: David Campbell; Derrick Stevens\n\nFIND MORE:\n2009 studio session: https://www.thecurrent.org/feature/2009/10/15/zoo_animal\n2010 studio session:\nhttps://www.thecurrent.org/feature/2010/05/21/zoo_animal\n2012 studio session: https://www.thecurrent.org/feature/2012/02/10/zooanimal-live\n2012 Caravan du Nord performance:\nhttps://www.thecurrent.org/feature/2012/10/16/zooanimal-caravan-du-nord\n\nSubscribe to our channel:\nhttp://www.youtube.com/user/893TheCurrent?sub_confirmation=1\nLike/Follow:\nhttps://www.facebook.com/TheCurrent/\nhttps://twitter.com/TheCurrent\nhttps://www.instagram.com/thecurrent/\n\n#zooanimal #zooanimalmusic", "link": "https://www.youtube.com/watch?v=EXRPnRnSSEc", "date_published": "2021-02-11 00:00:00+00:00", "persistent": false, "user": null, "language": "en-US"}]