[{"source": "https://www.youtube.com/feeds/videos.xml?channel_id=UCNvzD7Z-g64bPXxGzaQaa4g", "title": "DIABLO 4 RELEASE DATE CHANGED, EA DETAILS BIG BATTLEFIELD 6 CHANGES, & MORE", "description": "Brought to you by Raycon. Go to https://buyraycon.com/gameranx for 15% off your order! \n\nSubscribe for more: https://www.youtube.com/gameranxTV?su\u200b...\n\n\nFollow:\n Instagram: https://goo.gl/HH6mTW\u200b\n\nTwitter: https://bit.ly/3deMHW7\u200b\n\n\n ~~~~STORIES~~~~\n\n\nBattlefield 6 news\nhttps://www.techradar.com/news/battlefield-6-will-feature-massive-immersive-battles-on-ps5-and-xbox-series-x\nhttps://wccftech.com/battlefield-6-unscripted-skyscrapers-destruction/\nTech demo: https://www.youtube.com/watch?v=jMQ4n2922qI&ab_channel=GameSpot\n\nMass Effect Legendary Edition\nhttps://youtu.be/n8i53TtQ6IQ\n\n\nWeird year for Activision blizzard\nhttps://www.pcgamer.com/overwatch-2-and-diablo-4-wont-be-out-this-year-blizzard-says/#:~:text=%22Our%20outlook%20does%20not%20include,to%20arrive%20later%20in%202021\n\n\nLeaked Goldeneye\nhttps://www.theverge.com/2021/2/5/22267913/goldeneye-007-xbox-360-live-arcade-nintendo-64-remake-remaster-rare\n\n\nI am Jesus Christ gameplay\nhttps://youtu.be/LZzT2pubnDw?t=804\n\nDestruction All Stars launch trailer\nhttps://youtu.be/-I4D7bsszsc\n\nBefore You Buy Werewolf\nhttps://youtu.be/g8nZvhHcBYE\n\nMGS3 in MGSV\nhttps://www.reddit.com/r/metalgearsolid/comments/las904/mgsv_or_mgs3/?utm_content=title&utm_medium=post_embed&utm_name=eb1db4bd265d480fb5664c4f7bdbdb93&utm_source=embedly&utm_term=las904\n\nMaking of Hitman good read\nhttps://www.gamesradar.com/the-making-of-hitman-codename-47/?utm_campaign=socialflow&utm_medium=social&utm_content=gamesradar&utm_source=facebook.com&fbclid=IwAR3cX3XUQsTShvYuBLq38CVE4DM2a0AxtqrmGsVo3I0BIXN8EcY3XBVbN0g\n\n\nStadia\nhttps://www.ft.com/content/9cd27dce-cee0-46aa-a2fa-48971c1dfe4f", "link": "https://www.youtube.com/watch?v=6DdEhA9CjmQ", "date_published": "2021-02-05 00:00:00+00:00", "persistent": false, "user": null, "language": "en-US"}, {"source": "https://www.youtube.com/feeds/videos.xml?channel_id=UCNvzD7Z-g64bPXxGzaQaa4g", "title": "Werewolf: The Apocalypse - Earthblood - Before You Buy", "description": "Werewolf: The Apocalypse - Earthblood (PC, PS5, PS4, Xbox) is a werewolf game with a unique spin and a beloved mythology backing it up. How is it? Let's talk.\n\nSubscribe for more: https://www.youtube.com/gameranxTV?su...\u200b\n\n\u200b\n\n\nWatch more 'Before You Buy': https://bit.ly/2kfdxI6\u200b", "link": "https://www.youtube.com/watch?v=g8nZvhHcBYE", "date_published": "2021-02-05 00:00:00+00:00", "persistent": false, "user": null, "language": "en-US"}, {"source": "https://www.youtube.com/feeds/videos.xml?channel_id=UCNvzD7Z-g64bPXxGzaQaa4g", "title": "PS5 Official Accessories: ARE THEY WORTH IT?", "description": "A review of the Sony branded PS5 accessories. PS5 official accessories are often more available than the console hardware itself. Many people buy them, but... do you really need them? We take a look.\nSubscribe for more: http://youtube.com/gameranxtv", "link": "https://www.youtube.com/watch?v=-m7FFXMx6Gc", "date_published": "2021-02-04 00:00:00+00:00", "persistent": false, "user": null, "language": "en-US"}]