[{"source": "https://www.youtube.com/feeds/videos.xml?channel_id=UC3I2GFN_F8WudD_2jUZbojA", "title": "BEARAXE \u2013 Shelter Fest Seattle Performance", "description": "http://KEXP.ORG presents a rebroadcast of BEARAXE performing during Shelter Fest 2020. \n\nShelter Fest Seattle (https://www.shelterfestseattle.com/) is a community-driven, live-streamed benefit music festival providing direct support to Black artists and restaurant owners in the greater Seattle area during the pandemic.\n\nWhile COVID-19 and the statewide shelter-in-place mandate disproportionately impact the arts and food service industries, Black artists and restaurant owners are some of the hardest hit. With the lack of support from the government, we believe that mutual aid and joint community efforts are some of the most critical ways we can show up for our community.\n\nSupport the Seattle Artists Relief Fund through this video or visit https://www.shelterfestseattle.com", "link": "https://www.youtube.com/watch?v=6VlNgzgM_Fg", "date_published": "2021-02-05 00:00:00+00:00", "persistent": false, "user": null, "language": "en-US"}]