[{"source": "https://www.youtube.com/feeds/videos.xml?channel_id=UCZYTClx2T1of7BRZ86-8fow", "title": "Foxes Might Use Magnetic Fields to Hunt", "description": "How do foxes know where to pounce when they can't see their prey? There's evidence they're using the Earth's magnetic field to help.\n\nHosted by: Michael Aranda\n\nSciShow has a spinoff podcast! It's called SciShow Tangents. Check it out at http://www.scishowtangents.org\n----------\nSupport SciShow by becoming a patron on Patreon: https://www.patreon.com/scishow\n----------\nHuge thanks go to the following Patreon supporters for helping us keep SciShow free for everyone forever:\n\nSilas Emrys, Jb Taishoff, Bd_Tmprd, Harrison Mills, Jeffrey Mckishen, James Knight, Christoph Schwanke, Jacob, Matt Curls, Sam Buck, Christopher R Boucher, Eric Jensen, Lehel Kovacs, Adam Brainard, Greg, Ash, Sam Lutfi, Piya Shedden, KatieMarie Magnone, Scott Satovsky Jr, charles george, Alex Hackman, Chris Peters, Kevin Bealer\n----------\nLooking for SciShow elsewhere on the internet?\nFacebook: http://www.facebook.com/scishow\nTwitter: http://www.twitter.com/scishow\nTumblr: http://scishow.tumblr.com\nInstagram: http://instagram.com/thescishow\n----------\nSources:\nhttps://royalsocietypublishing.org/doi/10.1098/rsbl.2010.1145\nhttps://physicstoday.scitation.org/doi/10.1063/1.2897947\nhttps://www.pnas.org/content/106/2/353\nhttps://www.cell.com/biophysj/fulltext/S0006-3495(00)76629-X#secd2694213e1001\nhttps://www.nature.com/articles/srep21848 \n\nImage Sources:\nhttps://www.istockphoto.com/photo/closeup-portrait-of-red-fox-in-profile-isolated-on-black-gm506508486-84247307\nhttps://www.istockphoto.com/photo/closeup-portrait-of-smiled-red-fox-isolated-on-black-gm506508326-84247157\nhttps://www.istockphoto.com/photo/red-fox-approaching-on-meadow-in-autumn-nature-gm1281242006-379330223\nhttps://www.storyblocks.com/video/stock/cool-shot-of-a-red-fox-pouncing-on-mice-in-a-field-at-sunset-h_76mpip-j68j4qmh\nhttps://www.istockphoto.com/photo/red-fox-scenting-gm1170768002-324097666\nhttps://www.istockphoto.com/vector/basic-compass-rose-gm937821298-256487860\nhttps://www.istockphoto.com/photo/red-fox-pouncing-on-prey-in-yellowstone-national-park-wyoming-gm635703686-112356359\nhttps://www.istockphoto.com/photo/red-fox-pounce-gm1220226093-357220999\nhttps://www.storyblocks.com/video/stock/futuristic-heads-up-display-n-pmwva3eilqmmmpc\nhttps://www.storyblocks.com/video/stock/birds-flying-in-slow-motion-flock-of-migrating-geese-in-flight-snm3tpznikavcwsxh\nhttps://www.storyblocks.com/video/stock/wild-fox-in-her-nature-environment-sbshyxvd7jlzlxk01\nhttps://www.storyblocks.com/video/stock/abstract-background-with-optical-fibers-seamless-loop-sh687ymqmjbr0bmmg\nhttps://www.storyblocks.com/video/stock/birds-flying-in-blue-sky-tranquil-background-nature-scene-rerolphwik8ld1d9y\nhttps://www.istockphoto.com/vector/cannabis-and-dog-brain-horizontal-infographic-gm1158605344-316547679\nhttps://www.istockphoto.com/photo/fox-in-a-autumn-mountain-gm172861233-6466469\nhttps://www.istockphoto.com/photo/red-fox-vulpes-vulpes-in-the-snow-hunting-in-yellowstone-national-park-wy-gm1215785692-354253022", "link": "https://www.youtube.com/watch?v=ia5vxCSiwm4", "date_published": "2021-02-04 00:00:00+00:00", "persistent": false, "user": null, "language": "en-US"}, {"source": "https://www.youtube.com/feeds/videos.xml?channel_id=UCZYTClx2T1of7BRZ86-8fow", "title": "Why It Actually Took 50 Years to Make COVID mRNA Vaccines", "description": "The FDA recently approved two mRNA vaccines for COVID-19, but it was a challenge to make this type of vaccine work. And it took decades of research to get us to the point where scientists could make those vaccines as quickly as they did.\n\nHosted by: Hank Green\n\nSciShow has a spinoff podcast! It's called SciShow Tangents. Check it out at http://www.scishowtangents.org\n----------\nSupport SciShow by becoming a patron on Patreon: https://www.patreon.com/scishow\n----------\nHuge thanks go to the following Patreon supporters for helping us keep SciShow free for everyone forever:\n\nSilas Emrys, Jb Taishoff, Bd_Tmprd, Harrison Mills, Jeffrey Mckishen, James Knight, Christoph Schwanke, Jacob, Matt Curls, Sam Buck, Christopher R Boucher, Eric Jensen, Lehel Kovacs, Adam Brainard, Greg, Ash, Sam Lutfi, Piya Shedden, KatieMarie Magnone, Scott Satovsky Jr, charles george, Alex Hackman, Chris Peters, Kevin Bealer\n----------\nLooking for SciShow elsewhere on the internet?\nFacebook: http://www.facebook.com/scishow\nTwitter: http://www.twitter.com/scishow\nTumblr: http://scishow.tumblr.com\nInstagram: http://instagram.com/thescishow\n----------\nSources:\nhttps://www.frontiersin.org/articles/10.3389/fimmu.2019.00594/full#h5\nhttps://www.ncbi.nlm.nih.gov/pmc/articles/PMC6936610/\nhttps://www.nature.com/articles/s41541-020-0159-8\nhttps://www.ncbi.nlm.nih.gov/pmc/articles/PMC3478238/\nhttps://www.ncbi.nlm.nih.gov/pmc/articles/PMC3597572/\nhttps://academic.oup.com/pcp/article-abstract/27/4/619/1850703\nhttps://www.ncbi.nlm.nih.gov/pmc/articles/PMC5964141/\nhttps://www.ncbi.nlm.nih.gov/pmc/articles/PMC6631684/\nhttps://www.frontiersin.org/articles/10.3389/fimmu.2018.01012/full\nhttps://pubmed.ncbi.nlm.nih.gov/22549871/\nhttps://www.sciencedirect.com/science/article/pii/S1074761305002116\nhttps://www.ncbi.nlm.nih.gov/pmc/articles/PMC5987916/\nhttps://www.ncbi.nlm.nih.gov/pmc/articles/PMC2835112/\nhttps://clincancerres.aacrjournals.org/content/13/2/540\nhttps://www.mdpi.com/1420-3049/25/1/204/htm\nhttps://www.biorxiv.org/content/10.1101/2020.09.08.280818v1.abstract\nhttps://www.nejm.org/doi/full/10.1056/NEJMoa2028436\nhttps://www.ncbi.nlm.nih.gov/pmc/articles/PMC4798869/\nhttps://www.nature.com/articles/274923a0\nhttps://www.ncbi.nlm.nih.gov/pmc/articles/PMC5439223/\nhttps://www.cell.com/cell-host-microbe/pdf/S1931-3128(20)30248-1.pdf\nhttps://www.ncbi.nlm.nih.gov/pmc/articles/PMC6901985/\nhttps://www.nature.com/articles/nrd.2017.243\nhttps://www.ncbi.nlm.nih.gov/pmc/articles/PMC7554980/\n\nImages:\nhttps://commons.wikimedia.org/wiki/File:Moderna_COVID-19_vaccine.jpg\nhttps://commons.wikimedia.org/wiki/File:PDB_1ucg_EBI.jpg\nhttps://commons.wikimedia.org/wiki/File:PDB_1bol_EBI.jpg\nhttps://commons.wikimedia.org/wiki/File:PDB_1ucd_EBI.jpg\nhttps://commons.wikimedia.org/wiki/File:PDB_2rln_EBI.jpg\nhttps://commons.wikimedia.org/wiki/File:MRNA_structure.svg\nhttps://commons.wikimedia.org/wiki/File:SolidLipidNanoparticle.jpg\nhttps://commons.wikimedia.org/wiki/File:SARS_virion.gif\nhttps://phil.cdc.gov/Details.aspx?pid=15906\nhttps://www.thingiverse.com/thing:3146686", "link": "https://www.youtube.com/watch?v=XPeeCyJReZw", "date_published": "2021-02-04 00:00:00+00:00", "persistent": false, "user": null, "language": "en-US"}]