[{"source": "https://www.youtube.com/feeds/videos.xml?channel_id=UCG2kQBVlgG7kOigXZTcKrQw", "title": "Chorwacja opustosza\u0142a! Welebit, Premu\u017eicia, Paklenica i p\u0119dzel \ud83d\udc17 Trekking z widokiem na Adriatyk", "description": "Ostatni z trzyodcinkowej serii chorwackiej film. By\u0142a Istria, by\u0142y inne ciekawe miejsca w Chorwacji, a dzi\u015b czas na Welebit. Przejdziemy si\u0119 po naprawd\u0119 widokowej (przynajmniej w po\u0142owie) trasie w  p\u00f3\u0142nocnym Welebicie, a tak\u017ce pojedziemy na po\u0142udnie do Paklenicy. Nie zabraknie te\u017c jednak roweru, bo poje\u017adzimy po wyspie Pasman i Ugljan. Zw\u0142aszcza ta pierwsza warta jest polecenia. Kapitalne okolice na rower :)\n\nZapraszam do innych odcink\u00f3w z Chorwacji, no i oczywi\u015bcie do prozasi\u0119owego dzia\u0142ania. \u0141apki, lajki, udost\u0119pnienia mile widziane :D\n\nMuzyka: Artlist, Navaeh.\n\nZapraszam te\u017c na:\nFacebook: http://bit.ly/2flU84f\nInstagram: http://bit.ly/2eTrIMc\nBlog: http://kolemsietoczy.pl/\n\nSpis tre\u015bci:\n\n0:00 Kolejne ciekawe miejsca w Chorwacji\n0:45 G\u00f3ry Welebit - trekking\n4:45 Premu\u017eicia staza - szlak w Welebicie\n9:16 Wyspa Ugljan rowerem\n9:35 Pa\u0161man - trasa rowerowa\n11:25 Park Narodowy Paklenica\n13:30 Paklenica... trekking\n15:56 Istria czy Welebit? Co wybra\u0107?", "link": "https://www.youtube.com/watch?v=nnwyMEmDD-M", "date_published": "2021-02-04 00:00:00+00:00", "persistent": false, "user": null, "language": "en-US"}]