[{"source": "https://www.youtube.com/feeds/videos.xml?channel_id=UCw--xPGVVxYzRsWyV1nFqgg", "title": "MAGIC IS OUTDATED!", "description": "Magic outdone by the pew pews. \nMerch: https://teespring.com/stores/fantasy-news-2\nPatreon: https://www.patreon.com/DanielBGreene\nDiscord Server: https://discord.gg/xUzhVv4\nTwitter: https://twitter.com/DanielBGreene?lang=en\nTwitch: https://www.twitch.tv/fantasynews\nInstagram: https://www.instagram.com/dgreene101/\nSubreddit: https://www.reddit.com/r/danielgreene\nPodcast: https://afictionalconversation.podbean.com/", "link": "https://www.youtube.com/watch?v=h7FvlsLktdM", "date_published": "2021-02-17 00:00:00+00:00", "persistent": false, "user": null, "language": "en-US"}, {"source": "https://www.youtube.com/feeds/videos.xml?channel_id=UCw--xPGVVxYzRsWyV1nFqgg", "title": "Daniel Radcliffe & Elijah Wood Empire\ud83d\udcf0 Breach of Peace Cover Reveal\ud83c\udf89 Fractalverse\ud83d\ude80-FANTASY NEWS", "description": "LET'S TALK THE FANTASY NEWS\u2026. And Breach of Peace \nCheckout campfire here: https://www.campfireblaze.com/?utm_source=youtube&utm_medium=video&utm_campaign=Greene4.20\n\n\nMerch: https://teespring.com/stores/fantasy-news-2\nPatreon: https://www.patreon.com/DanielBGreene\nDiscord Server: https://discord.gg/xUzhVv4\nTwitter: https://twitter.com/DanielBGreene?lang=en\nTwitch: https://www.twitch.tv/fantasynews\nInstagram: https://www.instagram.com/dgreene101/\nSubreddit: https://www.reddit.com/r/danielgreene\nPodcast: https://afictionalconversation.podbean.com/\n\nNEWS:\n\n00:00 Intro\n\n00:25 Fairytales from Verania: https://twitter.com/tjklune/status/1360962602248060935?s=20 \n\n00:54 The Righteous: https://twitter.com/HarperVoyagerUK/status/1360212560474222593?s=19 \n\n01:24 Naomi Novik Last Graduate: https://discord.com/channels/480406622028431373/500315229666934795 \n\n02:11 Fractalverse: https://fractalverse.net/ \n\n02:42 WandaVision and AoT Numbers success: https://www.forbes.com/sites/carlymayberry/2021/02/11/disneys-wandavision-cast-into-top-viewing-spot-worldwide/?__twitter_impression=true&sh=56cf42096133\nhttps://www.parrotanalytics.com/insights/tv-series-demand-across-all-television-platforms-for-the-us-31-january-6-february-2021/  \n\n04:00 Empire LotR HP edition: https://www.empireonline.com/movies/news/empire-elijah-wood-daniel-radcliffe-harry-potter-lord-rings-anniversary-issue/ \n\n05:54 BREACH OF PEACE Cover: https://imgur.com/a/SVj6BzQ", "link": "https://www.youtube.com/watch?v=yR0qCaBoSBI", "date_published": "2021-02-16 00:00:00+00:00", "persistent": false, "user": null, "language": "en-US"}]