[{"source": "https://www.youtube.com/feeds/videos.xml?channel_id=UCAKcSON6PSG_JkTbXh2WdIg", "title": "Craig Finn - two songs at The Current (2017)", "description": "Four years ago this week, The Current got a great treat when Craig Finn visited our studio to perform some songs from his then-forthcoming solo record, \"We All Want the Same Things.\"\n\nFinn is originally from Minnesota, and he is known for songs that contain plenty of geographical and cultural references to the North Star State, but Finn has made New York his home for more than a decade. \"I like a lot of alone time,\" he said. \"I can think better if I'm surrounded by chaos but I'm not having to deal with anyone. It also makes New York City a really good place to live.\"\n\nThat said, returning to Minnesota is always nourishing for Finn, particularly when he gets to play at in the First Avenue Mainroom. \"You know it's a sure thing \u2014 it's going to be great,\" Finn says. \"First Avenue \u2026 is my favorite place to play in the world.\"\n\nSONGS PERFORMED\n0:00 \"Preludes\"\n4:21 \"Be Honest\"\n\nPERSONNEL\nCraig Finn \u2013 guitar, vocals\nArum Bali \u2013 lead guitar\nWill Berman \u2013 bass\nFalcon Valdez \u2013 drums\n\nCREDITS\nVideo & Photo: Nate Ryan\nAudio: Michael DeMark, Elijah Deaton-Berg\nProduction: Derrick Stevens\n\nFIND MORE:\n2015 studio session: https://www.thecurrent.org/feature/2015/10/25/craig-finn-allows-himself-to-be-more-vulnerable\n2017 studio session: https://www.thecurrent.org/feature/2017/02/15/craig-finn-previews-upcoming-album-in-the-current-studio\n2017 MicroShow performance:\nhttps://www.thecurrent.org/feature/2017/05/01/craig-finn-performs-microshow-at-the-james-j-hill-house-in-st-paul\n2019 interview with Mac Wilson:\nhttps://www.thecurrent.org/feature/2019/06/10/craig-finn-interview\n2020 \n\nWith the Hold Steady:\n2005 studio session:\nhttps://www.thecurrent.org/feature/2005/03/11/hold_steady\n2008 studio session: https://www.thecurrent.org/feature/2008/07/22/the_hold_steady\n2010 studio session: https://www.thecurrent.org/feature/2010/05/20/craig-finn-hold-steady-mary-lucia\n2010 Live at First Avenue:\nhttps://www.thecurrent.org/feature/2010/12/28/hold_steady\n\nSubscribe to our channel:\nhttp://www.youtube.com/user/893TheCurrent?sub_confirmation=1\nLike/Follow:\nhttps://www.facebook.com/TheCurrent/\nhttps://twitter.com/TheCurrent\nhttps://www.instagram.com/thecurrent/\n\n#craigfinn #steadycraig", "link": "https://www.youtube.com/watch?v=Jg6ZctKe6_8", "date_published": "2021-02-17 00:00:00+00:00", "persistent": false, "user": null, "language": "en-US"}, {"source": "https://www.youtube.com/feeds/videos.xml?channel_id=UCAKcSON6PSG_JkTbXh2WdIg", "title": "Listen to Looch - 'Rock Camp' celebrates rock and roll fantasies", "description": "This week, Mary Lucia talks about a new documentary, 'Rock Camp: The Movie,' that's streaming now. 'Rock Camp' has a look at the series of events created by David Fishof to give everyday people a chance to jam with their music heroes. \"It just features a lot of regular people who just want to rock,\" Mary says, \"and it's dentists and chiropractors and accountants and mothers and people that didn't aspire maybe to have music as a career, but would take an opportunity to play with Paul Stanley seriously.\"\n\nSubscribe to our channel:\nhttp://www.youtube.com/user/893TheCurrent?sub_confirmation=1\nLike/Follow:\nhttps://www.facebook.com/TheCurrent/\nhttps://twitter.com/TheCurrent\nhttps://www.instagram.com/thecurrent/\n\n#marylucia #rocknrollfantasycamp", "link": "https://www.youtube.com/watch?v=332vEompiTc", "date_published": "2021-02-17 00:00:00+00:00", "persistent": false, "user": null, "language": "en-US"}]