[{"source": "https://www.youtube.com/feeds/videos.xml?channel_id=UC3I2GFN_F8WudD_2jUZbojA", "title": "Adia Victoria - Performance & Interview (Live on KEXP at Home)", "description": "http://KEXP.ORG presents Adia Victoria sharing a live performance recorded exclusively for KEXP and talking to Cheryl Waters. Recorded February 10, 2021.\r\n\r\nSongs:\nMortimer\u2019s Blues\nSouth Gotta Change\nThere, There (Radiohead cover)\nMexico Blues\nCarolina Bound (new, unreleased song)\n\nhttps://www.adiavictoria.com\nhttp://kexp.org", "link": "https://www.youtube.com/watch?v=wuRmx_Ywvzk", "date_published": "2021-02-17 00:00:00+00:00", "persistent": false, "user": null, "language": "en-US"}, {"source": "https://www.youtube.com/feeds/videos.xml?channel_id=UC3I2GFN_F8WudD_2jUZbojA", "title": "Amaarae - Full Performance (Live on KEXP at Home)", "description": "http://KEXP.ORG presents Amaarae performing live, recorded exclusively for KEXP, from Accra, Ghana.\n\nSongs:\nLEAVE ME ALONE\nSAD, U BROKE MY HEART\nJUMPING SHIP\nYou'll find a way (Santigold) / CRAZY WURLD\nHELLZ ANGEL\n\nSession recorded at Nanoff Gallery, Accra, Ghana\nDirector & DOP - Fotombo \nGuitarist - Joshua Moszi \n\nhttp://amaaraemusic.com\nhttp://kexp.org", "link": "https://www.youtube.com/watch?v=etkQuTWAE6w", "date_published": "2021-02-16 00:00:00+00:00", "persistent": false, "user": null, "language": "en-US"}]