[{"source": "https://www.youtube.com/feeds/videos.xml?channel_id=UCFQMnBA3CS502aghlcr0_aw", "title": "Grant Cardone & Daymond John Want Your Last $1,000 \ud83d\udcb5\ud83d\udcb5\ud83d\udcb5", "description": "Shark Tank Daymond John and Grant Cardone explain why you should spend your last $1,000 with them. \ntwitter: https://twitter.com/coffeebreak_YT\ninstagram: https://www.instagram.com/coffeebreak_yt/\nthis video is an opinion and in no way should be construed as statements of fact. scams, bad business opportunities, and fake gurus are subjective terms that mean different things to different people. I think someone who promises $100K/month for an upfront fee of $2K is a scam. Others would call it a Napolean Hill pitch.", "link": "https://www.youtube.com/watch?v=zO6kQbYZJjk", "date_published": "2021-02-16 00:00:00+00:00", "persistent": false, "user": null, "language": "en-US"}]