[{"source": "https://www.youtube.com/feeds/videos.xml?channel_id=UCBa659QWEk1AI4Tg--mrJ2A", "title": "What Color Is My Hoodie?", "description": "Grey? Blue? Purple? It can look different, depending on the context. Let's talk about color perception, color temperature, and the history of laundry.\n\nAtmospheric opacity image from ESA/Hubble (F. Granato): https://www.eso.org/public/images/atm_opacity/ - image licensed under CC by 4.0 - https://creativecommons.org/licenses/by/4.0/\n\nThe optical illusion is original, but based on the work of David Novick: https://twitter.com/novickprof/status/1139342022551191553\n\nMore on Illuminant D65: https://en.wikipedia.org/wiki/Illuminant_D65 - the references in this article go into the full technical detail\n\nI'm at https://tomscott.com\r\non Twitter at https://twitter.com/tomscott\r\non Facebook at https://facebook.com/tomscott\r\nand on Instagram as tomscottgo", "link": "https://www.youtube.com/watch?v=HeKuX063bcs", "date_published": "2021-04-12 00:00:00+00:00", "persistent": false, "user": null, "language": "en-US"}]