[{"source": "https://www.youtube.com/feeds/videos.xml?channel_id=UCNvzD7Z-g64bPXxGzaQaa4g", "title": "5 OPEN WORLD Games With INCREDIBLE Enemy AI", "description": "Some video game enemies feel super smart thanks to great design. Here are some of our favorite recent examples.\nSubscribe for more: https://www.youtube.com/gameranxTV?sub_confirmation=1\n\nShadow of Mordor/War\nhttps://www.theguardian.com/technology/2015/feb/05/shadow-of-mordor-nemesis-system#:~:text=This%20sandbox%20approach%20to%20the,beings%2C%20but%20rarely%20in%20games.\n+\nhttps://www.youtube.com/watch?v=gm7K68663rA&ab_channel=GDC\n+\nhttps://shadowofwar.fandom.com/wiki/Nemesis\n\n\nMGSV\nhttps://www.forbes.com/sites/erikkain/2015/09/03/12-incredible-things-about-metal-gear-solid-v-the-phantom-pain/?sh=1bd2025452df\n+\nhttps://metalgear.fandom.com/wiki/Revenge_System_(enemy_preparedness)\n\n\nSTALKER\nhttps://www.reddit.com/r/stalker/comments/6to9wt/the_ai_of_stalker/\n+\nhttps://www.reddit.com/r/stalker/comments/7848az/i_would_argue_that_stalker_has_the_best_ai_in/\n+\nhttps://dzone.com/articles/a-life-an-insight-into-ambitious-ai\n\n\n\nBoTW\nhttps://www.reddit.com/r/gaming/comments/5xh5lb/when_the_smart_ai_outplays_the_player_breath_of/\nhttps://www.reddit.com/r/zelda/comments/kops12/botw_i_still_find_cool_little_things_in_breath_of/\n\n\n\nRed Dead:\n\nhttps://www.thegamer.com/red-dead-redemption-2-ai-fix-scripted-scene/\n\nhttps://medium.com/the-sound-of-ai/the-reality-of-red-dead-redemption-2s-ai-part-1-c276e9da2763\n\nhttps://www.youtube.com/watch?v=cj7KnllcYzE&ab_channel=R-Type", "link": "https://www.youtube.com/watch?v=C8NLT6P9mgY", "date_published": "2021-04-13 00:00:00+00:00", "persistent": false, "user": null, "language": "en-US"}, {"source": "https://www.youtube.com/feeds/videos.xml?channel_id=UCNvzD7Z-g64bPXxGzaQaa4g", "title": "10 GTA Clones That ACTUALLY SUCKED", "description": "Many games try to capitalize on the success of Grand Theft Auto and GTA Online. Here are some of our least favorites.\nSubscribe for more: https://www.youtube.com/gameranxTV?sub_confirmation=1\n\ncancelled open world South Park game: https://youtu.be/ifgnTz1oN5I", "link": "https://www.youtube.com/watch?v=LThyyR2qrys", "date_published": "2021-04-12 00:00:00+00:00", "persistent": false, "user": null, "language": "en-US"}]