[{"source": "https://www.youtube.com/feeds/videos.xml?channel_id=UC-2JUs_G21BrJ0efehwGkUw", "title": "drivers license | Olivia Rodrigo | funk cover ft. Astyn Turr", "description": "Patreon: http://modal.scarypocketsfunk.com/patreon\nStore: https://www.scarypocketsfunk.com\nListen on Spotify: http://modal.scarypocketsfunk.com/spotify\n\nTip Jar: http://modal.scarypocketsfunk.com/tips\nInstagram: http://modal.scarypocketsfunk.com/instagram\nFacebook: http://modal.scarypocketsfunk.com/facebook\nDiscord: http://modal.scarypocketsfunk.com/discord\nSubscribe: http://modal.scarypocketsfunk.com/subscribe\n\nA funk cover of Olivia Rodrigo's \"drivers license\" by Scary Pockets & Astyn Turr.\n\nMUSICIAN CREDITS\nLead vocal: Astyn Turr\nDrums: Kristen Gleeson-Prata\nBass: JP Maramba\nGuitar: Jude Smith\nBaritone Guitar: Ryan Lerman\nKeys: Jack Conte\n\nAUDIO CREDITS\nRecording Engineer: Caleb Parker\nAssistant Engineer: Kevin Brown\nMixing/Mastering: Craig Polasko\n\nVIDEO CREDITS\nDirector: Merlin Camozzi\nDP: Marc Patterson\nCamera Operator: Nate Nguyen-Le\nEditor: Adam Kritzberg\n\nRecorded Live at Debs Park in Los Angeles, CA.\n\n#ScaryPockets #Funk #DriversLicense #OliviaRodrigo #AstynTurr", "link": "https://www.youtube.com/watch?v=590pA-PHcsI", "date_published": "2021-04-12 00:00:00+00:00", "persistent": false, "user": null, "language": "en-US"}]