[{"source": "https://www.youtube.com/feeds/videos.xml?channel_id=UCsXVk37bltHxD1rDPwtNM8Q", "title": "Do we Need Nuclear Energy to Stop Climate Change?", "description": "Get Merch designed with \u2764 from https://kgs.link/shop-140  \nJoin the Patreon Bird Army \ud83d\udc27 https://kgs.link/patreon  \n\u25bc\u25bc More infos and links are just a click away \u25bc\u25bc\n\nSources & further reading:\nhttps://sites.google.com/view/sourcesclimatenuclear/\n\nDo we need nuclear energy to stop climate change? More and more voices from science, environmental activists and the press have been saying so in recent years \u2013 but this comes as a shock to those who are fighting against nuclear energy and the problems that come with it. So who is right? Well - it is complicated.\n\nOUR CHANNELS\n\u2580\u2580\u2580\u2580\u2580\u2580\u2580\u2580\u2580\u2580\u2580\u2580\u2580\u2580\u2580\u2580\u2580\u2580\u2580\u2580\u2580\u2580\u2580\u2580\u2580\u2580\nGerman Channel: https://kgs.link/youtubeDE \nSpanish Channel: https://kgs.link/youtubeES \n\n\nHOW CAN YOU SUPPORT US?\n\u2580\u2580\u2580\u2580\u2580\u2580\u2580\u2580\u2580\u2580\u2580\u2580\u2580\u2580\u2580\u2580\u2580\u2580\u2580\u2580\u2580\u2580\u2580\u2580\u2580\u2580\nThis is how we make our living and it would be a pleasure if you support us!\n\nGet Merch designed with \u2764 https://kgs.link/shop-140  \nJoin the Patreon Bird Army \ud83d\udc27  https://kgs.link/patreon  \n\n\nDISCUSSIONS & SOCIAL MEDIA\n\u2580\u2580\u2580\u2580\u2580\u2580\u2580\u2580\u2580\u2580\u2580\u2580\u2580\u2580\u2580\u2580\u2580\u2580\u2580\u2580\u2580\u2580\u2580\u2580\u2580\u2580\nReddit:            https://kgs.link/reddit\nInstagram:     https://kgs.link/instagram\nTwitter:           https://kgs.link/twitter\nFacebook:      https://kgs.link/facebook\nDiscord:          https://kgs.link/discord\nNewsletter:    https://kgs.link/newsletter\n\n\nOUR VOICE\n\u2580\u2580\u2580\u2580\u2580\u2580\u2580\u2580\u2580\u2580\u2580\u2580\u2580\u2580\u2580\u2580\u2580\u2580\u2580\u2580\u2580\u2580\u2580\u2580\u2580\u2580\nThe Kurzgesagt voice is from \nSteve Taylor:  https://kgs.link/youtube-voice\n\n\nOUR MUSIC \u266c\u266a\n\u2580\u2580\u2580\u2580\u2580\u2580\u2580\u2580\u2580\u2580\u2580\u2580\u2580\u2580\u2580\u2580\u2580\u2580\u2580\u2580\u2580\u2580\u2580\u2580\u2580\u2580\n700+ minutes of Kurzgesagt Soundtracks by Epic Mountain:\n\nSpotify:            https://kgs.link/music-spotify\nSoundcloud:   https://kgs.link/music-soundcloud\nBandcamp:     https://kgs.link/music-bandcamp\nYoutube:          http://kgs.link/music-youtube2021\nFacebook:       https://kgs.link/music-facebook\n\nThe Soundtrack of this video:\n\nSoundcloud:   https://bit.ly/3a4Jfi8\nBandcamp:     https://bit.ly/2PNqPvr\n\n\n\ud83d\udc26\ud83d\udc27\ud83d\udc24 PATREON BIRD ARMY \ud83d\udc24\ud83d\udc27\ud83d\udc26\n\u2580\u2580\u2580\u2580\u2580\u2580\u2580\u2580\u2580\u2580\u2580\u2580\u2580\u2580\u2580\u2580\u2580\u2580\u2580\u2580\u2580\u2580\u2580\u2580\u2580\u2580\nMany Thanks to our wonderful Patreons who support us every month and made this video possible:\nHarshul Banthia, Priyadarshi Siddharth, Ethan, Chad, Mason Lagos, Zinovia, BigOlive, Edgar Galan, Lance Liu, Super Luigi Bros Animations, Nicolas Eckert, Drashya Goel, Francois, Seanskios, Alessandro Ticozzi, Cameron McPhail, Ace Sparrow, Russell Stockhammer, o+o, Alec Hogben, Mikolaj Pawlikowski, Alexandra Cheung, SubSonixx, Guillaume VIDAL, Andy Highland, Arina Maria Neculai, Jeremy Engelberg, Josh Lavine, Azreal, Jeremy Clark, Jordi Malaret, Daniel Lo, Kenna Miller, Motin, rayV, Maximo Brito, bque23, Evhen Samchuk, Riyo, Giakeimas, Sunny B\u00e4r, Alexander Utz, Gaspard Medina-Creimer, James McClelland, David Nejedl\u00fd, George-Cristian B\u00eerzan, James Ilesley, JP, Ariel Tubbs, Anon, Felicity, Prashanth Samuel, Doop a Derp, Brettyoke49, Oksana Sivchenko, Rene Duedam, Kacey Armbruster, Yu Shing Cheng, osama bin laden's cousin's white best friend, Miko Boulerice, Skyler Martin, Matt Harlow, Arash Amini, Christopher Thomas, Jo\u00e3o Pinheiro, Raj Patel, Maurizio, panic, Raghav Mahajan, Mate Serdult, Ethan (cathethanoob), Warren Price, Laiton, Drew Johnson, Cole Reid, Daniel Mayor, Vincent Str\u00fch, Gamerbot43, Jonathan Elbaz, matt yang, Nikita Ivanov, Lindsay, David, IsThisRealLife, Sam Wallick, alxpck, Aina Piera Tur, Darius Soo Lum, Happy 1 Year Will Smith", "link": "https://www.youtube.com/watch?v=EhAemz1v7dQ", "date_published": "2021-04-13 00:00:00+00:00", "persistent": true, "user": "rumpel", "language": "en-US", "tags": ["climate change"]}]