[{"source": "https://www.youtube.com/feeds/videos.xml?channel_id=UCwUizOU8pPWXdXNniXypQEQ", "title": "People Who Take Brunch Too Seriously", "description": "Check out my NEW MERCH here! - https://awakenwithjp.com\n\nTake a stand against censorship. Join my Awakened Warriors Email List - https://awakenwithjp.com/joinme\n\nSee what people are like who take brunch too seriously. Brunch Finatticz love to revolve their life around the fourth meal of the day. Brunch is the most pretentious meal in existence, find out all about it!\n\nListen and Subscribe to my Podcast here: \nhttps://apple.co/3fFTbPC\nAlso available everywhere else you get podcasts. Just search and subscribe to \"Awaken With JP Sears Show\"\n\nConnect with me at: \nhttp://www.facebook.com/AwakenWithJP\nhttp://www.Instagram.com/AwakenWithJP\nhttp://www.twitter.com/AwakenWithJP\nhttps://mewe.com/p/awakenwithjp\nhttps://parler.com/profile/AwakenWithJP\nhttp://www.AwakenWithJP.com", "link": "https://www.youtube.com/watch?v=2d_IMnWKBl4", "date_published": "2021-04-13 00:00:00+00:00", "persistent": false, "user": null, "language": "en-US"}]