[{"source": "https://www.youtube.com/feeds/videos.xml?channel_id=UCy0Pr5u-MwGXXzp_GDd4m_g", "title": "Santa's Xmas Cream on Shark Tank", "description": "As seen in my previous SNL audition. Here's a look at my full Shark Tank experience. Merry Christmas you filthy animals. \n\nAlso, check out my Patreon for behind the scenes videos, live q&as and early access to videos here: https://www.patreon.com/julienolke\n\n#snl #comedy", "link": "https://www.youtube.com/watch?v=rQOh9ar51LM", "date_published": "2021-12-19 00:00:00+00:00", "persistent": false, "user": null, "language": "en-US"}]