[{"source": "https://www.youtube.com/feeds/videos.xml?channel_id=UCQSpnDG3YsFNf5-qHocF-WQ", "title": "Ultimate Guide to Fix Almost ANY Windows Corruption (Without Reinstalling)", "description": "Thanks to Micro Center for sponsoring! Check them out:\n\u2022 New Customers Exclusive \u2013 Get a Free 240gb SSD at Micro Center \u21e8 https://micro.center/65ed1d\n\u2022 Browse Micro Center's business solutions \u21e8 https://micro.center/df6f2f\n\u2022 Micro Center\u2019s custom workstation and server builder: https://micro.center/eee5ff\n\nCommands mentioned:\n\u2022 sfc /scannow\n\u2022 DISM /Online /Cleanup-Image /RestoreHealth\n\nWindows 10 Media Creation Tool: https://www.microsoft.com/en-us/software-download/windows10\nWindows 11 Media Creation Tool: https://www.microsoft.com/software-download/windows11\n\n\u25bc Time Stamps: \u25bc\n0:00 - Intro\n1:54 - Context to Get Ready\n3:04 - Repairing With the Commands\n5:08 - Corrupted Windows Profiles\n6:43 - The 'Last Resort' Repair Upgrade\n11:00 - If Repair Upgrade Didn't Work\n11:21 - Migrating From Corrupted Profile\n12:33 - If There's No Apparent Cause\n12:59 - Fixing Corrupted Windows Updater\n15:14 - Final Useful Mentions\n\n\u25ac\u25ac\u25ac\u25ac\u25ac\u25ac\u25ac\u25ac\u25ac\u25ac\u25ac\u25ac\u25ac\u25ac\u25ac\u25ac\u25ac\u25ac\u25ac\u25ac\u25ac\u25ac\u25ac\u25ac\u25ac\u25ac\nMerch \u21e8 https://teespring.com/stores/thiojoe\n\u21e8 http://Instagram.com/ThioJoe\n\u21e8 http://Twitter.com/ThioJoe\n\u21e8 http://Facebook.com/ThioJoeTV\nMy Gear & Equipment \u21e8 https://kit.co/ThioJoe\n\u25ac\u25ac\u25ac\u25ac\u25ac\u25ac\u25ac\u25ac\u25ac\u25ac\u25ac\u25ac\u25ac\u25ac\u25ac\u25ac\u25ac\u25ac\u25ac\u25ac\u25ac\u25ac\u25ac\u25ac\u25ac\u25ac", "link": "https://www.youtube.com/watch?v=yidWdy-Xwdk", "date_published": "2021-12-18 00:00:00+00:00", "persistent": false, "user": null, "language": "en-US"}]