[{"source": "https://www.youtube.com/feeds/videos.xml?channel_id=UC7v3-2K1N84V67IF-WTRG-Q", "title": "Spider-Man: No Way Home - SPOILER Talk", "description": "Thank you to AMC+ for sponsoring! Watch their Epic Worlds Collection and take advantage of the $1.99/mo special holiday annual deal here  http://bit.ly/JeremyAMCplus\n\nHopefully you've seen Spider-Man: No Way Home, so now, here's my SPOILER TALK!\n\n#SpiderManNoWayHome", "link": "https://www.youtube.com/watch?v=4gyYWO5EYqs", "date_published": "2021-12-18 00:00:00+00:00", "persistent": false, "user": null, "language": "en-US"}]