[{"source": "https://www.youtube.com/feeds/videos.xml?channel_id=UChnxLLvzviaR5NeKOevB8iQ", "title": "Modular Techno Set: Thomann Keys & Frequencies", "description": "I was asked to play the Thomann Keys & Frequencies streaming event and decided to use the same rig I've been using for a bit. This is the final showing for this rig for a while! 124 improvised techno with a few edits to keep it under 30 minutes.\nIf you like this style, check out my album Cast in Amber: https://fanlink.to/castinamber\nRead more about this rig here: https://www.patreon.com/posts/let-me-tell-you-46839588\nWatch a video about this rig here: https://youtu.be/Hwn6Yu_cJTI\nCheck out my NYMS set with this rig here: https://youtu.be/JG3NqDSmDeA\n------------------------------------\nThank you for watching. My name is Jeremy, and this is Red Means Recording. I've been making music for a few decades now, and this channel is a place to make music and to talk about the tools and techniques to make music with. We'll use synths, drum machines, modular gear, and software. \n\nIf you'd like to support the channel, I have a Patreon:  http://bit.ly/rmrpatreon\n\nI have music as \"Jeremy Blake\" on all the major services: \nBandcamp: http://bit.ly/2Kq617o\nSoundcloud: http://bit.ly/2NOH9Is\nSpotify: https://spoti.fi/2N40SoX\nGoogle Play: http://bit.ly/33M9aG5\niTunes: https://apple.co/2pqh3SK\nAmazon Music: https://amzn.to/2O9q1fe\n\nI have some merch here: http://bit.ly/rmrshirts\n\nAnd you can connect with me here: \nTwitter: http://bit.ly/rmrtwitters\nWebsite: http://bit.ly/rmrmedia", "link": "https://www.youtube.com/watch?v=sxe6EylQt7k", "date_published": "2021-04-09 00:00:00+00:00", "persistent": false, "user": null, "language": "en-US"}, {"source": "https://www.youtube.com/feeds/videos.xml?channel_id=UChnxLLvzviaR5NeKOevB8iQ", "title": "tetris", "description": "tetris\nfeaturing noise engineering cursus iteritas\nwinterbloom castor and pollux\nand klavis twin waves\nvisualization module is a paratek G\u041b\u0418\u0422\u0427\nmidi sequencing via ableton through hermod\ndrums in ableton from native instruments byte riot expansion\ni grabbed the midi off internet, put it into ableton, broke it out into individual monophonic tracks, then re-arranged with with some extra arpeggiation and octave switching\n\nmodules in this video, via perfect circuit: \nKlavis Quadigy http://bit.ly/pc_quadigy\nKlavis Twin Waves MkII http://bit.ly/pc_twin_waves\nWinterbloom Castor and Pollux http://bit.ly/pc_castor\nIntellijel Quadrax http://bit.ly/pc_quadrax\nBubblesound HEXvca http://bit.ly/pc_hexvca\nIntellijel Quad VCA http://bit.ly/pc_quadvca\nSquarp Hermod http://bit.ly/pc_hermod\n------------------------------------\nThank you for watching. My name is Jeremy, and this is Red Means Recording. I've been making music for a few decades now, and this channel is a place to make music and to talk about the tools and techniques to make music with. We'll use synths, drum machines, modular gear, and software. \n\nIf you'd like to support the channel, I have a Patreon:  http://bit.ly/rmrpatreon\n\nI have music as \"Jeremy Blake\" on all the major services: \nBandcamp: http://bit.ly/2Kq617o\nSoundcloud: http://bit.ly/2NOH9Is\nSpotify: https://spoti.fi/2N40SoX\nGoogle Play: http://bit.ly/33M9aG5\niTunes: https://apple.co/2pqh3SK\nAmazon Music: https://amzn.to/2O9q1fe\n\nI have some merch here: http://bit.ly/rmrshirts\n\nAnd you can connect with me here: \nTwitter: http://bit.ly/rmrtwitters\nWebsite: http://bit.ly/rmrmedia", "link": "https://www.youtube.com/watch?v=uN8rMxSB1e4", "date_published": "2021-04-08 00:00:00+00:00", "persistent": false, "user": null, "language": "en-US"}]