[{"source": "https://www.youtube.com/feeds/videos.xml?channel_id=UCLr4hMhk_2KE0GUBSBrspGA", "title": "Redmi Note 10 Pro, POCO F3 i Samsung A52 5G - wcale nie takie \u015brednie", "description": "Dzi\u015b w odcinku trzy \u015bredniaki, kt\u00f3re potrafi\u0105 zaskoczy\u0107\nSamsung na Allegro: https://bit.ly/39T0tyQ\nDwa pozosta\u0142e dosta\u0142em do test\u00f3w z goboo (dystrybucja globalna):\nRedmi Note 10 Pro: https://bit.ly/39RXc2T\nPOCO F3: https://bit.ly/39SWNgl", "link": "https://www.youtube.com/watch?v=oL2noK9PZqA", "date_published": "2021-04-08 00:00:00+00:00", "persistent": false, "user": null, "language": "en-US"}]