[{"source": "https://www.youtube.com/feeds/videos.xml?channel_id=UCswH8ovgUp5Bdg-0_JTYFNw", "title": "Russell Brand Reacts To Prince Philip's Death", "description": "Today Buckingham Palace announced that Prince Philip, Queen Elizabeth II's husband, has died aged 99. Here is my reaction to the news. \n#PrincePhilip #RoyalFamily #QueenElizabeth\n\nElites are taking over! Our only hope is to form our own. To learn more join my cartel here https://www.russellbrand.com/join and get weekly bulletins too incendiary for anything but your private inbox.\n*not a euphemism\n\nListen to my Under The Skin podcast to hear from guests including Jonathan Haidt, Jordan Peterson, Naomi Klein, Kehinde Andrews, Adam Curtis and Vandana Shiva.\nGet a one month free trial at http://luminary.link/russell\n\nMy Audible Original, \u2018Revelation', is out NOW!\nUS: \nhttp://adbl.co/revelation\nUK: \nhttp://adbl.co/revelationuk\nAU: \nhttp://adbl.co/revelationau\nCA: \nhttp://adbl.co/revelationca\n\nFor meditation and breath work, subscribe to my side-channel: \nhttps://www.youtube.com/c/AwakeningWithRussell\n\nInstagram: \nhttp://instagram.com/russellbrand/\n\nTwitter: \nhttp://twitter.com/rustyrockets\n\nProduced by Gareth Roy", "link": "https://www.youtube.com/watch?v=rvY5BXKuJg0", "date_published": "2021-04-09 00:00:00+00:00", "persistent": false, "user": null, "language": "en-US"}]