[{"source": "https://www.youtube.com/feeds/videos.xml?channel_id=UCXuqSBlHAE6Xw-yeJA0Tunw", "title": "I turned my Diamond Play Button into a Gaming PC", "description": "Check out the DROP ENTR Mechanical Keyboard at https://dro.ps/ltt-entr-april21\n\nGet up to 30% off your order and free shipping at: http://vincerocollective.com/techsale\n\nWe put a PC into our Diamond Play Button - and it's sooooo sick... and of course also a bit janky.\n\nEven more machining footage! https://youtu.be/rYdJ7w6QZug \nCheck out SS CADCAM: https://www.instagram.com/sscadcam/?hl=en\n\nCheck out SimplyNUC: https://simplynuc.com/\n\nBuy Intel NUC Kit - i7-10710U (PAID LINK): https://geni.us/bRu3a3\n\nBuy ASRock DESKMINI (PAID LINK): https://geni.us/F5CI2v\n\nPurchases made through some store links may provide some compensation to Linus Media Group.\n\nDiscuss on the forum: https://linustechtips.com/topic/1324047-i-turned-my-diamond-play-button-into-a-gaming-pc/\n\n\n\u25baGET MERCH: http://www.LTTStore.com/\n\u25baSUPPORT US ON FLOATPLANE: https://www.floatplane.com/  \n\u25baLTX EXPO: https://www.ltxexpo.com/   \n\nAFFILIATES & REFERRALS\n---------------------------------------------------\n\u25baAffiliates, Sponsors & Referrals: https://lmg.gg/sponsors\n\u25baCheck out our podcast gear: https://kit.co/linustechtips/lmg-podcast-gear\n\u25baPrivate Internet Access VPN: https://lmg.gg/pialinus2\n\u25baOur Official Charging Partner Anker: https://lmg.gg/AnkerLTT\n\u25baMK Keyboards: https://lmg.gg/LyLtl\n\u25baNerd or Die Stream Overlays: https://lmg.gg/avLlO\n\u25baNEEDforSEAT Gaming Chairs: https://lmg.gg/DJQYb\n\u25baDisplate Metal Prints: https://lmg.gg/displateltt\n\u25baOfficial Game Store: https://www.nexus.gg/ltt\n\u25baEpic Games Store (LINUSMEDIAGROUP): https://lmg.gg/kRTpY\n\u25baAmazon Prime: https://lmg.gg/8KV1v\n\u25baAudible Free Trial: https://lmg.gg/8242J\n\u25baStreamlabs Prime: https://geni.us/cOHCiHh\n\u25baOur Gear on Amazon: https://geni.us/OhmF\n\nFOLLOW US ELSEWHERE\n---------------------------------------------------  \nTwitter: https://twitter.com/linustech\nFacebook: http://www.facebook.com/LinusTech\nInstagram: https://www.instagram.com/linustech\nTwitch: https://www.twitch.tv/linustech\n\nFOLLOW OUR OTHER CHANNELS\n---------------------------------------------------  \nTechquickie: https://lmg.gg/techquickieyt\nTechLinked: https://lmg.gg/techlinkedyt\nShortCircuit: https://lmg.gg/shortcircuityt\n\nLMG Clips: https://lmg.gg/lmgclipsyt\nChannel Super Fun: https://lmg.gg/channelsuperfunyt\nCarpool Critics: https://lmg.gg/carpoolcriticsyt\n\nMUSIC CREDIT\n---------------------------------------------------  \nTitle: Laszlo - Supernova\nVideo Link: https://www.youtube.com/watch?v=PKfxmFU3lWY\niTunes Download Link: https://itunes.apple.com/us/album/supernova/id936805712\nArtist Link: https://soundcloud.com/laszlomusic\n\nOutro Screen Music Credit: Approaching Nirvana - Sugar High http://www.youtube.com/approachingnirvana\n\nMonitor And Keyboard by vadimmihalkevich / CC BY 4.0  https://geni.us/PgGWp\nMechanical RGB Keyboard by BigBrotherECE / CC BY 4.0 https://geni.us/mj6pHk4\nMouse Gamer free Model By Oscar Creativo / CC BY 4.0 https://geni.us/Ps3XfE", "link": "https://www.youtube.com/watch?v=qflqUpxTZP4", "date_published": "2021-04-09 00:00:00+00:00", "persistent": false, "user": null, "language": "en-US"}, {"source": "https://www.youtube.com/feeds/videos.xml?channel_id=UCXuqSBlHAE6Xw-yeJA0Tunw", "title": "My Phone Number Leaked. Thanks Facebook. - WAN Show April 9, 2021", "description": "Take control of your end-of-life upgrade strategy with Extended Lifecycle Support services from CloudLinux at https://hubs.ly/H0JpBnj0\n\nCheck out Seasonic's PRIME 850 W Titanium on Amazon at https://lmg.gg/seasonicprime\n\nGet Private Internet Access VPN at https://lmg.gg/piawan\n\nPodcast Download: https://anchor.fm/thewanshowpodcast/episodes/My-Phone-Number-Leaked--Thanks-Facebook----WAN-Show-April-9--2021-euoo3v\n\nCheck out Carpool Critics, our new movie podcast: https://www.youtube.com/channel/UCt-oJR5teQIjOAxCmIQvcgA\n\nTimestamps (Courtesy of Noah Love)\n2:24 intro\n2:41 Sponsors \n3:00 Facebook Leak\n12:40 Intel drops prices on new gen\n16:20 Direct storage and \"future proofing\"\n19:45 Intel Xeon Ice Lake still loses to AMD \n26:15 LTT \"copies\" Austin Evans\n29:30 LTT \"copies\" Jayz2cents on \"Ghetto Neworking\n32:30 Nerd Sports and Hockey Memories\n35:40 LTT's not so legal beginnings\n36:50 Sponsors! Linux Cloud, Seasonic and PIA\n40:30 \"The Thing!\" Verified actual gamer program details (game against Linus)\n43:55 LTTstore update \n43:35 Google Pixel Watch renders \"leaked\"\n47:10 Stadia and using different cloud services and gpu pricing\n52:35 The watch is cancelled? Maybe?\n52:55 LG is out of the phone business\n58:55 Twitch monitors streamers off platform\n1:08:50 Shoutout to floatplane\n1:12:00 Shift in media reporting on streaming vs celebs\n1:15:25 Superchats!\n1:16:20 Right to repair with Louis Rossman! \n1:17:00 Sorry New Zealand\n1:17:35 \"Luke is the best\" \n1:17:40 Linus's motorcycle\n1:20:15 Linus making motorcycle noises\n1:25:05 Nathan spends $20 to send \"Steve\"\n1:26:45 Outro", "link": "https://www.youtube.com/watch?v=-qj6hkLkdYg", "date_published": "2021-04-09 00:00:00+00:00", "persistent": false, "user": null, "language": "en-US"}]