[{"source": "https://www.youtube.com/feeds/videos.xml?channel_id=UCSbdMXOI_3HGiFviLZO6kNA", "title": "HTC Vive Tracker 2.0 vs 3.0 vs Tundra Tracker VR Full Body Tracking TESTED", "description": "Hello! Here is my test of the much anticipated Vive Tracker 3.0 and Tundra Tracker VS the old faithful Vive tracker 2.0. I love full body tracking in VR and I want more people to  get into it! In case you're interested in any of these tracker or you know someone else that is interested you should send this video over to clear up any confusion.\n\nMy links: \n\n\n\n\n\n\nAffiliate Links:\nhttps://amzn.to/3oEbXw8\nhttps://amzn.to/2T0VSF5\n\nTundra Tracker links:\nhttps://www.kickstarter.com/projects/tundralabs/tundra-tracker\n\nVideo credit:\nhttps://www.youtube.com/watch?v=ok9fMhULFWg\nhttps://www.youtube.com/watch?v=J54dotTt7k0", "link": "https://www.youtube.com/watch?v=yGEDeecFIOk", "date_published": "2021-05-22 00:00:00+00:00", "persistent": false, "user": null, "language": "en-US"}]