[{"source": "https://www.youtube.com/feeds/videos.xml?channel_id=UCQDhxkSxZA6lxdeXE19aoRA", "title": "iPhone 12 Restoration - Almost Impossible", "description": "Here we go again...\n--------------------------------------Socials-------------------------------------\nWebsite: https://www.hughjeffreys.com\nStore: https://www.hughjeffreys.com/store\nInstagram: http://instagram.com/hughjeffreys\n---------------------------------------Links---------------------------------------\nTools I Use: https://www.hughjeffreys.com/tools\n\nGet parts, tools, and thousands of free repair guides from iFixit at:\u00a0\n                               https://iFixit.com/hughjeffreys\nAustralian Store: https://ifix.gd/2FPxhKy\n\nLaser Machine: https://bit.ly/2Od5OJ7\n-----------------------------------References-----------------------------------\nApple Repairs Scores: https://support.apple.com/fr-fr/circular-economy-repairability-indices\n\nFrench Repair Index: https://www.ifixit.com/News/49158/france-gave-apple-some-repairability-homework-lets-grade-it\n---------------------------------------------------------------------------------------\n\n(DISCLAIMER: This description contains affiliate links, which means that if you click on one of the product links, l will receive a small commission.)", "link": "https://www.youtube.com/watch?v=tKPQ0OFClIc", "date_published": "2021-05-22 00:00:00+00:00", "persistent": false, "user": null, "language": "en-US"}]