[{"source": "https://www.youtube.com/feeds/videos.xml?channel_id=UCLsnJt_eyqkGZ4ZEM__xCOg", "title": "ZABRA\u0141EM J\u0104 DO POLSKIEJ RESTAURACJI W MEKSYKU \ud83c\uddf5\ud83c\uddf1\ud83c\uddf2\ud83c\uddfd #30", "description": "\ud83d\uddfa\ufe0f Meksyk #30. Okazuje si\u0119, \u017ce w surferskiej miejscowo\u015bci w Meksyku mo\u017cemy znale\u017a\u0107... Polsk\u0105 restauracj\u0119 z pierogami... :D\n\n\u2757 Zosta\u0144 Patronem kana\u0142u!\nhttps://patronite.pl/vlogcasha\n\nCasa de Pierogi: https://casadepierogi.com/\nStrona Pana S\u0142awomira i Pani Basi: https://logtv.com/\n\nMuzyka z vloga pochodzi z serwisu Artlist. Skorzystaj z mojej promocji i odbierz 2 miesi\u0105ce gratis!\nArtlist: https://bit.ly/3mWjQwo\n\nMuzyka z intro by: https://instagram.com/another_unofficial_account\n\nVlogi z Meksyku (2021): http://bit.ly/3c7Jycf\nVlogi z Turcji (2019-2020): https://bit.ly/31VPCR3\nVlogi z Kolumbii: https://bit.ly/36tqlhH\n\ud83c\udf0f Vlogi z Azji P\u0142d-Wsch: https://bit.ly/2wrM9t2\n\ud83c\udde6\ud83c\uddfa Vlogi z Australii: https://bit.ly/2OJWYOy\n\ud83c\uddfa\ud83c\uddf8 Vlogi z \u017cycia i podr\u00f3\u017cy w USA: https://bit.ly/2ya73NV\n\ud83d\ude99Vlogi z autostopu 2018: https://bit.ly/2NbHzos\n\n\u25b8 Instagram: https://www.instagram.com/vlogcasha\n\u25b8 Facebook: https://www.facebook.com/vlogcasha/\n#Podr\u00f3\u017ceCasha #Meksyk", "link": "https://www.youtube.com/watch?v=RgLzrySTKy0", "date_published": "2021-05-22 00:00:00+00:00", "persistent": false, "user": null, "language": "pl-PL"}]