[{"source": "https://www.youtube.com/feeds/videos.xml?channel_id=UCswH8ovgUp5Bdg-0_JTYFNw", "title": "Covid: Leaks, Lies And Incompetence", "description": "With a report that researchers from China\u2019s Wuhan Institute of Virology became sick in 2019, and Downing Street denying that trade talks with India were the reason they waited 17 days before putting India on the travel 'red list', what aren't we being told about developments with Covid, and can we really trust those in charge? \n#Covid #Wuhan #China #India #IndianVariant #Coronavirus\n\nElites are taking over! Our only hope is to form our own. To learn more join my cartel here https://www.russellbrand.com/join and get weekly bulletins too incendiary for anything but your private inbox.\n*not a euphemism\n\nListen to my Luminary Original podcast, Under The Skin, to hear from guests including Edward Snowden, Jonathan Haidt, Jordan Peterson, Naomi Klein, Kehinde Andrews, Adam Curtis and Vandana Shiva.\nSubscribe to Luminary at http://luminary.link/russell\n\nMy NEW weekly meditation podcast, Above the Noise, is available now only on Luminary.\n\nMy Audible Original, \u2018Revelation', is out NOW!\nUS: \nhttp://adbl.co/revelation\nUK: \nhttp://adbl.co/revelationuk\nAU: \nhttp://adbl.co/revelationau\nCA: \nhttp://adbl.co/revelationca\n\nFor meditation and breath work, subscribe to my side-channel: \nhttps://www.youtube.com/c/AwakeningWithRussell\n\nInstagram: \nhttp://instagram.com/russellbrand/\n\nTwitter: \nhttp://twitter.com/rustyrockets\n\nProduced by Gareth Roy", "link": "https://www.youtube.com/watch?v=dArz2OPsGSU", "date_published": "2021-05-28 00:00:00+00:00", "persistent": false, "user": null, "language": "en-US"}, {"source": "https://www.youtube.com/feeds/videos.xml?channel_id=UCswH8ovgUp5Bdg-0_JTYFNw", "title": "Israel / Palestine - This Needs To Be Heard", "description": "Many of you wanted clarity on the subject of Palestine and the current conflict. This, from Holocaust survivor Dr. Gabor Mat\u00e9 (on my podcast Under The Skin) is the most beautiful and powerful testimony on this subject I\u2019ve ever heard. From someone with deep connections to the history of this situation.\n#Israel #Palestine\n\nElites are taking over! Our only hope is to form our own. To learn more join my cartel here https://www.russellbrand.com/join and get weekly bulletins too incendiary for anything but your private inbox.\n*not a euphemism\n\nListen to my Luminary Original podcast, Under The Skin, to hear from guests including Edward Snowden, Jonathan Haidt, Jordan Peterson, Naomi Klein, Kehinde Andrews, Adam Curtis and Vandana Shiva.\nSubscribe to Luminary at http://luminary.link/russell\n\nMy NEW weekly meditation podcast, Above the Noise, is available now only on Luminary.\n\nMy Audible Original, \u2018Revelation', is out NOW!\nUS: \nhttp://adbl.co/revelation\nUK: \nhttp://adbl.co/revelationuk\nAU: \nhttp://adbl.co/revelationau\nCA: \nhttp://adbl.co/revelationca\n\nFor meditation and breath work, subscribe to my side-channel: \nhttps://www.youtube.com/c/AwakeningWithRussell\n\nInstagram: \nhttp://instagram.com/russellbrand/\n\nTwitter: \nhttp://twitter.com/rustyrockets", "link": "https://www.youtube.com/watch?v=WdPdslOTwJU", "date_published": "2021-05-27 00:00:00+00:00", "persistent": false, "user": null, "language": "en-US"}]