[{"source": "https://www.youtube.com/feeds/videos.xml?channel_id=UCR-DXc1voovS8nhAvccRZhg", "title": "You call THAT a router?! 2 Tiny Raspberry Pi Routers", "description": "Take a look at the two smallest Raspberry Pi Routers in existence: The DFRobot IoT Router Board Mini and the Seeed Studio Routerboard!\n\nAlong the way, learn about networking, OpenWRT, and how these two routerboards stack up against each other.\n\nSupport me on Patreon: https://www.patreon.com/geerlingguy\nSponsor me on GitHub: https://github.com/sponsors/geerlingguy\n\nSee my blog post with more links and data: https://www.jeffgeerling.com/blog/2021/two-tiny-dual-gigabit-raspberry-pi-cm4-routers\n\nDFRobot's IoT Router Carrier Board Mini: https://www.dfrobot.com/product-2242.html\nSeeed's Dual Gigabit Carrier Board: https://www.seeedstudio.com/Rapberry-Pi-CM4-Dual-GbE-Carrier-Board-p-4874.html\n\nGitHub issue for DFRobot Board: https://github.com/geerlingguy/raspberry-pi-pcie-devices/issues/114\nGitHub issue for Seeed Board: https://github.com/geerlingguy/raspberry-pi-pcie-devices/issues/137\n\nSee all the PCI Express cards and CM4 boards I'm testing: https://pipci.jeffgeerling.com\n\n#RaspberryPi #HomeNetwork #Router\n\nContents:\n\n00:00 - Raspberry Pi Routers\n00:55 - Tiny Routerboards\n02:08 - Seeed Board overview\n03:25 - DFRobot Board overview\n04:24 - Getting OpenWRT working\n06:24 - DFRobot test and benchmarks\n08:54 - Seeed test and benchmarks\n12:41 - WAP and WiFi Routing\n13:28 - Verdict and 2.5 Gbps option?\n14:17 - Outtakes", "link": "https://www.youtube.com/watch?v=w7teLVwi408", "date_published": "2021-05-28 00:00:00+00:00", "persistent": false, "user": null, "language": "en-US"}]