[{"source": "https://tvn24.pl/najwazniejsze.xml", "title": "\"Kaczy\u0144ski: nasi przyjaciele z Platformy. Tusk: nasi przyjaciele z PiS\". To nie deepfake. Kiedy\u015b tak by\u0142o", "description": "<img alt=\"\" src=\"https://tvn24.pl/najnowsze/cdn-zdjecie2e4ce9747e45094d8f35845b3e09bee7-tusk-i-kaczynski-kiedys-mowili-jednym-glosem-i-byli-po-tej-samej-stronie-politycznej-barykady-3681769/alternates/LANDSCAPE_1280\" />\n    Od przyja\u017ani do dzisiejszych napi\u0119tych stosunk\u00f3w obaj przyw\u00f3dcy przeszli d\u0142ug\u0105 i kr\u0119t\u0105 drog\u0119. Reporta\u017c Dariusza Kubika.", "link": "https://tvn24.pl/go/programy,7/czarno-na-bialym-odcinki,11367/odcinek-1682,S00E1682,595354?source_id=bannernewsowy&source=rss", "date_published": "2021-09-18 03:00:00+00:00", "persistent": false, "user": null, "language": "pl-PL"}]