[{"source": "https://www.youtube.com/feeds/videos.xml?channel_id=UCl2mFZoRqjw_ELax4Yisf6w", "title": "Let's talk about the importance of following your own rules", "description": "https://tinyurl.com/rossmatrix\nhttps://abc7news.com/london-breed-masks-maskless-black-cat-tenderloin-sf/11028270/\nhttps://www.youtube.com/watch?v=3PGwnm_pNnM\nhttps://www.youtube.com/watch?v=r6rMJHcQYRU\nhttps://www.youtube.com/watch?v=jYGKuZDnIlw\nhttps://www.youtube.com/watch?v=FNMJf_VMK8o\nhttps://www.youtube.com/watch?v=-P0y3AXetS0", "link": "https://www.youtube.com/watch?v=3VPk-ojOCp4", "date_published": "2021-09-19 00:00:00+00:00", "persistent": false, "user": null, "language": "en-US"}, {"source": "https://www.youtube.com/feeds/videos.xml?channel_id=UCl2mFZoRqjw_ELax4Yisf6w", "title": "The REAL reason employees aren't returning to work in America.", "description": "https://tinyurl.com/rossmatrix\nMany people have their ideas about why workers aren't going back to work. The reality is that most employers used to sell the implication that what they were offering was a steady paycheck. 2020 made it clear that is NOT the case.", "link": "https://www.youtube.com/watch?v=52HpzZ4HT4g", "date_published": "2021-09-19 00:00:00+00:00", "persistent": false, "user": null, "language": "en-US"}, {"source": "https://www.youtube.com/feeds/videos.xml?channel_id=UCl2mFZoRqjw_ELax4Yisf6w", "title": "What makes NYC great for people starting out on their business/life journey", "description": "https://tinyurl.com/rossmatrix", "link": "https://www.youtube.com/watch?v=12pUrIZUjn0", "date_published": "2021-09-18 00:00:00+00:00", "persistent": false, "user": null, "language": "en-US"}]