[{"source": "https://www.youtube.com/feeds/videos.xml?channel_id=UC4eYXhJI4-7wSWc8UNRwD4A", "title": "Mon Laferte: Una Conversaci\u00f3n Con Alt.Latino", "description": "Mon Laferte es una vocalista din\u00e1mica con experiencia tocando y produciendo m\u00fasica en todo tipo de g\u00e9neros. Aunque es originaria de Chile, su \u00e1lbum recientemente lanzado, 'Seis,' usa sonidos de Ranchera y Banda para rendir homenaje a la cantante de Banda, de fama mundial, nacida en Costa Rica y de origen mexicano, Chavela Vargas. Chavela era ampliamente conocida por romper barreras como una presencia femenina prominente en la m\u00fasica ranchera (un espacio dominado por hombres). Mon est\u00e1 canalizando esa energ\u00eda en su nuevo \u00e1lbum, explorando estilos y temas musicales que desaf\u00edan las expectativas, rompiendo barreras en el proceso.\n\nMon Laferte is a dynamic vocalist with experience playing with and producing music in all kinds of genres. While originally from Chile, her newly released album, 'Seis,' uses Ranchera and Banda sounds to pay tribute to globally renowned Costa Rican-born, Mexican-made Banda vocalist Chavela Vargas. Chavela was widely known for breaking down barriers as a prominent female presence in Ranchera music (a male-dominated space). Mon is channeling that energy in her new album, exploring musical styles and themes that defy expectations, breaking down barriers in the process.\n\n#altlatino #monlaferte #nprmusic", "link": "https://www.youtube.com/watch?v=iyhmBMoRk-A", "date_published": "2021-09-19 00:00:00+00:00", "persistent": false, "user": null, "language": "en-US"}]