[{"source": "https://www.businessinsider.com", "title": "Mailchimp Insiders React to Employees Getting No Equity From Intuit Sale", "description": "Employees reacted with shock and anger after Intuit announced Monday it was buying Mailchimp for around $12 billion in stock and cash.", "link": "https://www.businessinsider.com/mailchimp-insiders-react-to-employees-getting-no-equity-2021-9?r=US&IR=T", "date_published": "2021-09-18 08:21:47.495630+00:00", "persistent": true, "user": "Thomas Pain", "language": "en-US"}]