[{"source": "https://www.youtube.com/feeds/videos.xml?channel_id=UCittVh8imKanO_5KohzDbpg", "title": "Europe Prepares For More Cultural Enrichment", "description": "3 million Afghan refugees on the way!\n\nINTRO MUSIC: Sagittarius V - Lucidator: http://sagittariusvmusic.bandcamp.com\n\nLOCALS (Exclusive content!): https://pauljosephwatson.locals.com/\nNEW MERCH: https://www.pjwshop.com/\nDONATE: https://www.subscribestar.com/paul-joseph-watson\nCASH APP: https://cash.app/\u00a3PaulJosephWatson\nSUMMIT NEWS: http://summit.news/newsletter\n\nBITCOIN WALLET: 3EMQG9EhPkoFbX5F19RTGZs8rPqGYm2mp9\nBITCOIN CASH WALLET: qrxhqz9ka423v68qwc7nyqc88q3mx9ea5gcpz88a0l\nLITECOIN WALLET: MSs2rWgM571WM3zUnL255gccoQAdz9L6CG\nETHEREUM WALLET: 0x21221F5da5e70F46Bbfa755f89e312daDa51f115 \n\nOdysee: https://odysee.com/@PaulJosephWatson:5\nAnything Goes: https://www.youtube.com/AnythingGoesChannel\nParler: https://parler.com/profile/PJW/posts\nBitchute: https://www.bitchute.com/pauljosephwatson\nTelegram: https://t.me/pjwnews\nTwitter: https://twitter.com/PrisonPlanet\nMinds: https://www.minds.com/PaulJosephWatson\nGab: https://gab.com/PrisonPlanet", "link": "https://www.youtube.com/watch?v=Ya6wAN3DnjE", "date_published": "2021-08-17 00:00:00+00:00", "persistent": false, "user": null, "language": "en-US"}]