[{"source": "https://www.youtube.com/feeds/videos.xml?channel_id=UCw--xPGVVxYzRsWyV1nFqgg", "title": "LotR Moving Controversy\ud83e\udd14One Piece Live Action\ud83c\udff4\u200d\u2620\ufe0fGood Reads Extortion\ud83d\ude08-FANTASY NEWS", "description": "LETS TALK ABOUT THE FANTASY NEWS!!! \nCheckout Campfire today: https://www.campfireblaze.com/?utm_source=youtube&utm_medium=video&utm_campaign=DG_Q3_21\n\nBREACH OF PEACE LINKS: \nAmazon: https://amzn.to/3kHsyNJ (physical/ebook)\nAudible: https://www.audible.com/pd/B08Z8L7D5Q/?source_code=AUDFPWS0223189MWT-BK-ACX0-245468&ref=acx_bty_BK_ACX0_245468_rh_us\nB&N: https://tinyurl.com/3df3c2p4 (physical/ebook)\nBook Depository: https://tinyurl.com/2hds7euy (physical)\nGoogle: https://tinyurl.com/abkh6mn6 (ebook)\nApple: https://tinyurl.com/rc994r8k (ebook)\nKobo: https://www.kobo.com/us/en/ebook/breach-of-peace-1 (ebook)\n\nMerch: https://teespring.com/stores/fantasy-news-2\nPatreon: https://www.patreon.com/DanielBGreene\nDiscord Server: https://discord.gg/xUzhVv4\nTwitter: https://twitter.com/DanielBGreene?lang=en\nTwitch: https://www.twitch.tv/fantasynews\nInstagram: https://www.instagram.com/dgreene101/\nSubreddit: https://www.reddit.com/r/danielgreene \nPodcast: https://afictionalconversation.podbean.com/\n\nEquipment: \nCamera: https://amzn.to/3siqgHv \nLense: https://amzn.to/3ugGxhQ \nLighting: https://amzn.to/3aI3brK \nMicrophone: https://amzn.to/3pCGtWg \nTripod: https://amzn.to/3kd9yq1 \n\nNew P.O. Box: PO Box 7874 Henrico, VA 23231\n\nNEWS: \n\n00:00 Intro\n\nBook Store Indiegogo: https://www.indiegogo.com/projects/garden-party-books#/ \n\n01:03 Toll The Hounds: https://twitter.com/kemar74/status/1425796355684028421 \n\n01:44 Good Reads Extortion: https://time.com/6078993/goodreads-review-bombing/ \n\n03:22 #LOTR Relocating: https://screenrant.com/lord-rings-amazon-production-move-uk-crew-details/amp/ \n\n05:46 #Halo Master Chief Change: https://comicbook.com/gaming/news/halo-tv-series-side-of-master-chief-not-seen-in-games/ \n\n08:54 KEEPER OF THE NIGHT: https://twitter.com/KylieYamashiro/status/1425488445909225472?s=20 \n\n09:22 #Dune 2 Main Character: https://theronin.org/2021/08/13/dune-denis-villeneuve-says-dune-part-two-will-see-zendayas-chani-as-the-protagonist/ \n\n10:37 One Piece Live Action: https://www.theilluminerdi.com/2021/08/12/one-piece-character-descriptions/ \n\n12:13 My Hero Academia Live Action Movie: https://twitter.com/DiscussingFilm/status/1426281580692185092 \n\n13:05 WoT Casting: https://redanianintelligence.com/2021/08/13/amazons-the-wheel-of-time-casts-danish-actress-for-season-2/ \n\n13:58 George R R Martin New Novel: https://www.bluemountaineagle.com/life/entertainment/george-rr-martin-stars-work-on-a-new-graphic-novel/article_f39eeaa2-a5ab-5c59-88f1-6d4d8cdda07e.html", "link": "https://www.youtube.com/watch?v=5grPKlraT-w", "date_published": "2021-08-17 00:00:00+00:00", "persistent": false, "user": null, "language": "en-US"}]