[{"source": "https://www.youtube.com/feeds/videos.xml?channel_id=UCXuqSBlHAE6Xw-yeJA0Tunw", "title": "Mom's Basement Upgrade - Intel $5,000 Extreme Tech Upgrade", "description": "Thanks to Intel for sponsoring this series! Buy an Intel Core i9-11900k CPU\nOn Amazon (PAID LINK): https://geni.us/Ruxpt\nOn Best Buy (PAID LINK): https://geni.us/5UPU\nOn Newegg (PAID LINK): https://geni.us/MH6yAl\n\nBuy EVGA FTW3 RTX 3080\nOn Amazon (PAID LINK): https://geni.us/2m1BBk\nOn Best Buy (PAID LINK): https://geni.us/dZEo7S\n\nBuy Seasonic FOCUS GX-850 PSU\nOn Amazon (PAID LINK): https://geni.us/EiUc8\nOn Best Buy (PAID LINK): https://geni.us/5g1Z0\nOn Newegg (PAID LINK): https://geni.us/xjsIa\n\nBuy ASUS TUF Gaming Z590-Plus\nOn Amazon (PAID LINK): https://geni.us/JAybsI\nOn Best Buy (PAID LINK): https://geni.us/AwXmL\nOn Newegg (PAID LINK): https://geni.us/9JvSbBA\n\nBuy AVerMedia Live Gamer Duo Capture Card\nOn Amazon (PAID LINK): https://geni.us/JzFx\nOn Best Buy (PAID LINK): https://geni.us/xrBerkA\nOn Newegg (PAID LINK): https://geni.us/wMZs4\n\nBuy Fractal Design Meshify 2 C (White):\nOn Amazon (PAID LINK): https://geni.us/CqpKl\nOn Newegg (PAID LINK): https://geni.us/ulCu\nOn B&H (PAID LINK): https://geni.us/Ko3dk\n\nBuy Western Digital 1TB WD Blue SSD\nOn Amazon (PAID LINK): https://geni.us/jNCJ5\nOn Best Buy (PAID LINK): https://geni.us/Hp85\nOn Newegg (PAID LINK): https://geni.us/8qRl\n\nBuy Noctua NH-D15 chromax.Black CPU Cooler\nOn Amazon (PAID LINK): https://geni.us/4MpN4S\nOn Newegg (PAID LINK): https://geni.us/FpU3\nOn B&H (PAID LINK): https://geni.us/NR2CF\n\nBuy Corsair Vengeance LPX 16GB (2x8GB) DDR4 RAM\nOn Amazon (PAID LINK): https://geni.us/8dZ0NW\nOn Best Buy (PAID LINK): https://geni.us/pEAeCAM\nOn Newegg (PAID LINK): https://geni.us/0lAgt\n\nBuy Samsung Odyssey G7 Gaming Monitor\nOn Samsung (PAID LINK): https://geni.us/3Pmmk\nOn Amazon (PAID LINK): https://geni.us/jPqN2d\nOn Best Buy (PAID LINK): https://geni.us/DPNf6\n\nBuy Elgato Stream Deck\nOn Amazon (PAID LINK): https://geni.us/BvLqh\nOn Best Buy (PAID LINK): https://geni.us/VFtQSc\nOn Newegg (PAID LINK): https://geni.us/xSAVx\n\nCheck out the Nanoleaf Essentials bulbs at https://lmg.gg/6cgzl\n\nBuy Audio-Technica AT2020 XLR Microphone\nOn Amazon (PAID LINK): https://geni.us/ISys\nOn Best Buy (PAID LINK): https://geni.us/yyD1kt\nOn Newegg (PAID LINK): https://geni.us/kNOkDZ7\n\nPurchases made through some store links may provide some compensation to Linus Media Group.\n\nDiscuss on the forum: https://linustechtips.com/topic/1365910-ultimate-gaming-basement-setup-intel-5000-extreme-tech-upgrade/\n\n\n\u25ba GET MERCH: https://lttstore.com\n\u25ba AFFILIATES, SPONSORS & REFERRALS: https://lmg.gg/sponsors\n\u25ba PODCAST GEAR: https://lmg.gg/podcastgear\n\u25ba SUPPORT US ON FLOATPLANE: https://www.floatplane.com/\n\nFOLLOW US ELSEWHERE\n---------------------------------------------------  \nTwitter: https://twitter.com/linustech\nFacebook: http://www.facebook.com/LinusTech\nInstagram: https://www.instagram.com/linustech\nTikTok: https://www.tiktok.com/@linustech\nTwitch: https://www.twitch.tv/linustech\n\nMUSIC CREDIT\n---------------------------------------------------\nIntro: Laszlo - Supernova\nVideo Link: https://www.youtube.com/watch?v=PKfxmFU3lWY\niTunes Download Link: https://itunes.apple.com/us/album/supernova/id936805712\nArtist Link: https://soundcloud.com/laszlomusic\n\nOutro: Approaching Nirvana - Sugar High\nVideo Link: https://www.youtube.com/watch?v=ngsGBSCDwcI\nListen on Spotify: http://spoti.fi/UxWkUw\nArtist Link: http://www.youtube.com/approachingnirvana\n\nIntro animation by MBarek Abdelwassaa https://www.instagram.com/mbarek_abdel/\nMonitor And Keyboard by vadimmihalkevich / CC BY 4.0  https://geni.us/PgGWp\nMechanical RGB Keyboard by BigBrotherECE / CC BY 4.0 https://geni.us/mj6pHk4\nMouse Gamer free Model By Oscar Creativo / CC BY 4.0 https://geni.us/Ps3XfE\n\nCHAPTERS\n---------------------------------------------------  \n0:00 Intro", "link": "https://www.youtube.com/watch?v=6oIlGhTgaKo", "date_published": "2021-08-17 00:00:00+00:00", "persistent": false, "user": null, "language": "en-US"}, {"source": "https://www.youtube.com/feeds/videos.xml?channel_id=UCXuqSBlHAE6Xw-yeJA0Tunw", "title": "How to Buy a Laptop", "description": "Check out the Drop + Infinity War Custom Keycap Set at https://dro.ps/ltt-infinity-war\n\nLearn more about MSI's CLUTCH GM41 Lightweight Wireless Gaming Mouse at https://lmg.gg/gm41\nBuy on Amazon at (PAID LINK): https://geni.us/8RPQ\n\nWe wanted to do a Back To School Buyers Guide.. but the second we recommend something in 2021 it will be sold out. So instead we're giving you the tools to figure out what laptop is best for you.\n\n\nBuy HP Envy 14: https://lmg.gg/vCI95\n\nBuy Dell XPS 15: https://geni.us/BKcV\n\nBuy HP Envy 13: https://geni.us/dkRj\n\nBuy MacBook Air M1: https://geni.us/ofdNxIK\n\nBuy Acer Nitro 5: https://geni.us/LFOO\n\nBuy Alienware m15: https://geni.us/TiBFNAM\n\nBuy HP Omen 15: https://lmg.gg/oxzSl\n\nPurchases made through some store links may provide some compensation to Linus Media Group.\n\nDiscuss on the forum: https://linustechtips.com/topic/1365637-how-to-buy-a-laptop/\n\n\u25ba GET MERCH: https://lttstore.com\n\u25ba AFFILIATES, SPONSORS & REFERRALS: https://lmg.gg/sponsors\n\u25ba PODCAST GEAR: https://lmg.gg/podcastgear\n\u25ba SUPPORT US ON FLOATPLANE: https://www.floatplane.com/\n\nFOLLOW US ELSEWHERE\n---------------------------------------------------  \nTwitter: https://twitter.com/linustech\nFacebook: http://www.facebook.com/LinusTech\nInstagram: https://www.instagram.com/linustech\nTikTok: https://www.tiktok.com/@linustech\nTwitch: https://www.twitch.tv/linustech\n\nMUSIC CREDIT\n---------------------------------------------------\nIntro: Laszlo - Supernova\nVideo Link: https://www.youtube.com/watch?v=PKfxmFU3lWY\niTunes Download Link: https://itunes.apple.com/us/album/supernova/id936805712\nArtist Link: https://soundcloud.com/laszlomusic\n\nOutro: Approaching Nirvana - Sugar High\nVideo Link: https://www.youtube.com/watch?v=ngsGBSCDwcI\nListen on Spotify: http://spoti.fi/UxWkUw\nArtist Link: http://www.youtube.com/approachingnirvana\n\nIntro animation by MBarek Abdelwassaa https://www.instagram.com/mbarek_abdel/\nMonitor And Keyboard by vadimmihalkevich / CC BY 4.0  https://geni.us/PgGWp\nMechanical RGB Keyboard by BigBrotherECE / CC BY 4.0 https://geni.us/mj6pHk4\nMouse Gamer free Model By Oscar Creativo / CC BY 4.0 https://geni.us/Ps3XfE\n\nCHAPTERS\n---------------------------------------------------  \n0:00 - Intro\n0:27 - MSI Clutch!\n0:40 - The XPS 15 is sick\n1:05 - How much performance do you need?\n1:48 - GPU Selection\n3:36 - CPU Selection\n5:30 - How much RAM?\n6:00 - How much Storage?\n6:50 - Apple M1\n7:43 - Chromebooks\n8:15 - Display Selection\n12:05 - Keyboard & Trackpad\n15:00 - Weight and Battery Life\n15:56 - Drop.com\n16:35 - Outro", "link": "https://www.youtube.com/watch?v=3sYNn9RlyOw", "date_published": "2021-08-16 00:00:00+00:00", "persistent": false, "user": null, "language": "en-US"}]