[{"source": "https://www.youtube.com/feeds/videos.xml?channel_id=UC-2JUs_G21BrJ0efehwGkUw", "title": "My Girl | The Temptations | funk cover ft. Casey Abrams", "description": "Patreon: http://modal.scarypocketsfunk.com/patreon\nStore: https://www.scarypocketsfunk.com\nListen on Spotify: http://modal.scarypocketsfunk.com/spotify\n\nTip Jar: http://modal.scarypocketsfunk.com/tips\nInstagram: http://modal.scarypocketsfunk.com/instagram\nFacebook: http://modal.scarypocketsfunk.com/facebook\nDiscord: http://modal.scarypocketsfunk.com/discord\nSubscribe: http://modal.scarypocketsfunk.com/subscribe\n\nA funk cover of The Temptations' \"My Girl\" by Scary Pockets & Casey Abrams.\n\nMUSICIAN CREDITS\nLead vocal: Casey Abrams\nDrums: Darren King\nBass: Joe Ayoub\nWurlitzer + Prophet: Jack Conte\nGuitar: Ryan Lerman\n\nAUDIO CREDITS\nRecording Engineer: Caleb Parker\nMixing/Mastering: Caleb Parker\n\nVIDEO CREDITS\nDP: Alejandro Echevarria\nEditor: Adam Kritzberg\n\nRecorded Live at Sunset Sound in Los Angeles, CA.\n\n#ScaryPockets #Funk #MyGirl #TheTemptations #CaseyAbrams", "link": "https://www.youtube.com/watch?v=L1xj8Dm7BH4", "date_published": "2021-08-16 00:00:00+00:00", "persistent": false, "user": null, "language": "en-US"}]