[{"source": "https://www.youtube.com/feeds/videos.xml?channel_id=UCLsnJt_eyqkGZ4ZEM__xCOg", "title": "PRAWDZIWY DZIKI ZACH\u00d3D - RODEO. Park Narodowy Glacier - Kamperem po USA #20", "description": "\ud83d\uddfa\ufe0f USA #20. B\u0119d\u0105c w Montanie, nie da si\u0119 oprze\u0107 wra\u017ceniu, \u017ce jeste\u015bmy na prawdziwym dzikim zachodzie. Po dniu sp\u0119dzonym w Glacier, postanowili\u015bmy p\u00f3j\u015b\u0107 na rodeo.\n\n\u2757 Zosta\u0144 Patronem kana\u0142u!\nhttps://patronite.pl/vlogcasha\n\n5% zni\u017cki na wynajem KUGA CAMPERVAN od Travellers Autobarn na kod \"vlogcasha\"!\nhttps://www.travellers-autobarnrv.com/\n\nMuzyka z intro by: https://instagram.com/another_unofficial_account\nMuzyka z vloga pochodzi z serwisu Artlist. Skorzystaj z mojej promocji i odbierz 2 miesi\u0105ce gratis!\nArtlist: https://bit.ly/3mWjQwo\n\nVlogi z Meksyku (2021): http://bit.ly/3c7Jycf\nVlogi z Turcji (2019-2020): https://bit.ly/31VPCR3\nVlogi z Kolumbii: https://bit.ly/36tqlhH\n\ud83c\udf0f Vlogi z Azji P\u0142d-Wsch: https://bit.ly/2wrM9t2\n\ud83c\udde6\ud83c\uddfa Vlogi z Australii: https://bit.ly/2OJWYOy\n\ud83c\uddfa\ud83c\uddf8 Vlogi z \u017cycia i podr\u00f3\u017cy w USA: https://bit.ly/2ya73NV\n\ud83d\ude99Vlogi z autostopu 2018: https://bit.ly/2NbHzos\n\n\u25b8 Instagram: https://www.instagram.com/vlogcasha\n\u25b8 Facebook: https://www.facebook.com/vlogcasha/\n#Podr\u00f3\u017ceCasha #USA", "link": "https://www.youtube.com/watch?v=qwbIlIhKKx8", "date_published": "2021-08-17 00:00:00+00:00", "persistent": false, "user": null, "language": "pl-PL"}]