[{"source": "https://www.youtube.com/feeds/videos.xml?channel_id=UCBa659QWEk1AI4Tg--mrJ2A", "title": "I helped cover a 5,000-year-old monument with worn-out tires", "description": "Ness of Brodgar, in Orkney, is one of the most important archaeological sites in western Europe. This week, it was covered by old, worn-out tires. Here's why. \u25a0 Thanks to the Ness team! More about them, volunteering, and donating: https://www.nessofbrodgar.co.uk/\n\nI'm at https://tomscott.com\r\non Twitter at https://twitter.com/tomscott\r\non Facebook at https://facebook.com/tomscott\r\nand on Instagram as tomscottgo", "link": "https://www.youtube.com/watch?v=hUyvk_hdMNs", "date_published": "2021-08-16 00:00:00+00:00", "persistent": false, "user": null, "language": "en-US"}]