[{"source": "https://www.youtube.com/feeds/videos.xml?channel_id=UC2eYFnH61tmytImy1mTYvhA", "title": "What is \"\"\"Freedom\"\"\" Anyway?", "description": "\"Freedom\" as a buzzword doesn't mean much of anything anymore. In fact, it is almost a very bad thing to have modern \"freedom.\" Here I discuss the contrast between this superficial freedom or license with how people in the classical and Christian worlds defined freedom.\n\nVideo based on what I wrote here:\nhttps://lukesmith.xyz/articles/modern-freedom-means-being-a-slave-to-impulses\nMy website: https://lukesmith.xyz\nPlease donate: https://donate.lukesmith.xyz\nGet all my videos off YouTube: https://videos.lukesmith.xyz\nor Odysee: https://odysee.com/$/invite/@Luke:7\n\nXMR: 48jewbtxe4jU3MnzJFjTs3gVFWh2nRrAMWdUuUd7Ubo375LL4SjLTnMRKBrXburvEh38QSNLrJy3EateykVCypnm6gcT9bh\n\nOR affiliate links to things l use:\nhttps://www.vultr.com/?ref=8384069-6G Get a VPS and host a website or server for anything else.\nhttps://www.epik.com/?affid=we2ro7sa6 Get a cheap and reliable domain name with Epik.\nhttps://brave.com/luk005 Get the Brave browser.\nhttps://odysee.com/$/invite/@Luke:7 View my videos on Odysee and get a bonus for joining.\nhttps://www.coinex.com/register?refer_code=ndf87 Get crypto-rich on Coinex. Get reduced exchange fees for 3 months.\nhttps://www.coinbase.com/join/smith_5to1 Get crypto-rich on Coinbase. We both get $10 in Bitcoin when you buy or sell $100 in cryptocurrencies.", "link": "https://www.youtube.com/watch?v=eJMU0kMqsDA", "date_published": "2021-05-29 00:00:00+00:00", "persistent": false, "user": null, "language": "en-US"}]