[{"source": "https://www.youtube.com/feeds/videos.xml?channel_id=UCHnyfMqiRRG1u-2MsSQLbXA", "title": "Risking My Life To Settle A Physics Debate", "description": "Even some physics professors say this craft breaks the laws of physics. This video is sponsored by Kiwico, For 50% off your first month of any subscription crate from KiwiCo (available in 40 countries!) head to https://www.kiwico.com/Veritasium50 \n\n \u2580\u2580\u2580\u2580\u2580\u2580\u2580\u2580\u2580\u2580\u2580\u2580\u2580\u2580\u2580\u2580\u2580\u2580\u2580\u2580\u2580\u2580\u2580\u2580\u2580\u2580 \nA HUGE thanks to Rick and Neil for letting me drive Blackbird. Check out Rick's YouTube Channel for more in depth videos and explanations on going faster than the wind downwind -- https://ve42.co/Rick \n\nGene Nagata made the shoot possible. If you\u2019re a video nerd like me, check out his channel, Potato Jet: https://www.youtube.com/c/PotatoJet/featured. \n\nXyla Foxlin for made the model cart used in this video. Xyla builds amazing things like rockets and canoes, check it out!  https://www.youtube.com/c/xylafoxlin/\n\n\u2580\u2580\u2580\u2580\u2580\u2580\u2580\u2580\u2580\u2580\u2580\u2580\u2580\u2580\u2580\u2580\u2580\u2580\u2580\u2580\u2580\u2580\u2580\u2580\u2580\u2580 \nReferences\nJack Goodman's YouTube video -- https://ve42.co/Goodman\nRick's treadmill footage -- https://ve42.co/Treadmill\nRick's multiple explanations of how Blackbird works -- https://ve42.co/DDWFTTW\nForum discussions -- https://ve42.co/forum Blog -- https://ve42.co/blog1 and retraction https://ve42.co/BlogRetraction\n\nGaunaa, M., \u00d8ye, S., & Mikkelsen, R. F. (2009). Theory and design of flow driven vehicles using rotors for energy conversion. In EWEC 2009 Proceedings online EWEC  \n\nMd. Sadak Ali Khan, Syed Ali Sufiyan, Jibu Thomas George, Md. Nizamuddin Ahmed. Analysis of Down-Wind Propeller Vehicle. International Journal of Scientific and Research Publications, 3, 4. (April 2013) ISSN 2250-3153. (www.ijsrp.org)\n\n \u2580\u2580\u2580\u2580\u2580\u2580\u2580\u2580\u2580\u2580\u2580\u2580\u2580\u2580\u2580\u2580\u2580\u2580\u2580\u2580\u2580\u2580\u2580\u2580\u2580\u2580 \nSpecial thanks to Patreon supporters: Bill Linder, Paul Peijzel, Crated Comments, Anna, Mac Malkawi, Michael Schneider, Oleksii Leonov, Jim Osmun, Tyson McDowell, Ludovic Robillard, Jim buckmaster, fanime96, Juan Benet, Ruslan Khroma, Robert Blum, Richard Sundvall, Lee Redden, Vincent, Marinus Kuivenhoven, Alfred Wallace, Arjun Chakroborty, Joar Wandborg, Clayton Greenwell, Pindex, Michael Krugman, Cy 'kkm' K'Nelson, Sam Lutfi, Ron Neal\n\n \u2580\u2580\u2580\u2580\u2580\u2580\u2580\u2580\u2580\u2580\u2580\u2580\u2580\u2580\u2580\u2580\u2580\u2580\u2580\u2580\u2580\u2580\u2580\u2580\u2580\u2580 \nThanks to James Lincoln for building the initial prototypes for a model blackbird.\n\nWritten by Derek Muller, James Lincoln, and Petr Lebedev\nAnimation by Mike Radjabov and Ivy Tello\nFilmed by Gene Nagata, Derek Muller, Trenton Oliver, AJ Fillo and Emily Zhang\nEdited by Trenton Oliver \nMusic from Epidemic Sound https://epidemicsound.com\nAdditional video supplied by Getty Images \nProduced by AJ Fillo", "link": "https://www.youtube.com/watch?v=jyQwgBAaBag", "date_published": "2021-05-29 00:00:00+00:00", "persistent": false, "user": null, "language": "en-US"}]