[{"source": "https://www.youtube.com/feeds/videos.xml?channel_id=UCXuqSBlHAE6Xw-yeJA0Tunw", "title": "Building an Upside Down Gaming PC", "description": "Check out NZXT BLD today at: https://nzxt.co/LttBLD1221\n\nCheck out the Lian Li O11 Dynamic EVO Case at https://geni.us/DVFE\n\nBuy ASUS ROG Z690 Hero\nOn Amazon: https://geni.us/tZOS\nOn Best Buy: https://geni.us/IsCYV\nOn Newegg: https://geni.us/LcDZ\n\nBuy Intel Core i9 12900k CPU\nOn Amazon: https://geni.us/LGvR7\nOn Best Buy: https://geni.us/0kgCoL\nOn Newegg: https://geni.us/qOJnCpO\n\nBuy Corsair Dominator Platinum 2x32GB kit\nOn Amazon: https://geni.us/IVbKv\nOn Best Buy: https://geni.us/xBRd7\nOn Newegg: https://geni.us/kAuZ\n\nBuy Sabrent Gen4+ 4TB NVMe SSD\nOn Amazon: https://geni.us/v29qkl\nOn Newegg: https://geni.us/QkmbVV\nOn B&H: https://geni.us/GTsJ\n\nBuy Corsair H150i Elite Capellix AIO CPU Cooler\nOn Amazon: https://geni.us/MBBVa7\nOn Best Buy: https://geni.us/JVfZ\n\nBuy EVGA RTX 3090 FTW3 Ultra GPU\nOn Amazon: https://geni.us/I6lg\nOn Best Buy: https://geni.us/vOGkv\nOn Newegg: https://geni.us/IKt51Rv\n\nBuy Seasonic 1000W Platinum PSU\nOn Amazon: https://geni.us/QOsIt\nOn Newegg: https://geni.us/UfUT02o\nOn B&H: https://geni.us/JOD5\n\nCheck out the WAN Show & Podcast Gear: https://lmg.gg/podcastgear\nCheck out the They're Just Movies Podcast: https://lmg.gg/tjmpodcast\n\nTimestamps: TBD", "link": "https://www.youtube.com/watch?v=JmWfngXmST4", "date_published": "2021-12-21 00:00:00+00:00", "persistent": false, "user": null, "language": "en-US"}, {"source": "https://www.youtube.com/feeds/videos.xml?channel_id=UCXuqSBlHAE6Xw-yeJA0Tunw", "title": "2 extra inches of Mac is a BIG difference! - 16 inch M1 MacBook Pro", "description": "Give the gift of repair this holiday season at: https://www.iFixit.com/LTT\n\nThe 14 inch MacBook Pro has remade Apple\u2019s iconic notebook, but the 16 inch may be what many professionals reach for. Are they getting a more powerful laptop, or simply a larger one? \n\nBuy Macbook Pro 16' 2021\nOn Amazon: https://geni.us/B95GJ\nOn Best Buy: https://geni.us/PwXyG\nOn B&H: https://geni.us/rTf4\n\nBuy Macbook Pro 14' 2021\nOn Amazon: https://geni.us/sXGm\nOn Best Buy: https://geni.us/ODTC17\nOn B&H: https://geni.us/6b4DjEA\n\nPurchases made through some store links may provide some compensation to Linus Media Group.\n\nDiscuss on the forum: https://linustechtips.com/topic/1397476-the-16%E2%80%9D-macbook-does-a-lot-with-2-extra-inches/\n\n\n\u25baGET MERCH: http://www.LTTStore.com/\n\u25baSUPPORT US ON FLOATPLANE: https://www.floatplane.com/  \n\u25baLTX EXPO: https://www.ltxexpo.com/   \n\nAFFILIATES & REFERRALS\n---------------------------------------------------\n\u25baAffiliates, Sponsors & Referrals: https://lmg.gg/sponsors\n\u25baOur WAN Show & Podcast Gear: https://lmg.gg/podcastgear\n\u25baPrivate Internet Access VPN: https://lmg.gg/pialinus2\n\u25baOur Official Charging Partner Anker: https://lmg.gg/AnkerLTT\n\u25baSecretlabs Gaming Chairs: https://lmg.gg/SecretlabLTT\n\u25baMK Keyboards: https://lmg.gg/LyLtl\n\u25baNerd or Die Stream Overlays: https://lmg.gg/avLlO\n\u25baGreen Man Gaming https://lmg.gg/GMGLTT\n\u25baAmazon Prime: https://lmg.gg/8KV1v\n\u25baAudible Free Trial: https://lmg.gg/8242J\n\u25baOur Gear on Amazon: https://geni.us/OhmF\n\nFOLLOW US ELSEWHERE\n---------------------------------------------------  \nTwitter: https://twitter.com/linustech\nFacebook: http://www.facebook.com/LinusTech\nInstagram: https://www.instagram.com/linustech\nTwitch: https://www.twitch.tv/linustech\n\nFOLLOW OUR OTHER CHANNELS\n---------------------------------------------------  \nMac Address: https://lmg.gg/macaddress\nTechquickie: https://lmg.gg/techquickieyt\nTechLinked: https://lmg.gg/techlinkedyt\nShortCircuit: https://lmg.gg/shortcircuityt\n\nLMG Clips: https://lmg.gg/lmgclipsyt\nChannel Super Fun: https://lmg.gg/channelsuperfunyt\nThey're Just Movies: https://lmg.gg/TheyreJustMoviesYT\n\nMUSIC CREDIT\n---------------------------------------------------  \nTitle: Laszlo - Supernova\nVideo Link: https://www.youtube.com/watch?v=PKfxmFU3lWY\niTunes Download Link: https://itunes.apple.com/us/album/supernova/id936805712\nArtist Link: https://soundcloud.com/laszlomusic\n\nOutro Screen Music Credit: Approaching Nirvana - Sugar High http://www.youtube.com/approachingnirvana\n\nIntro animation by MBarek Abdelwassaa https://www.instagram.com/mbarek_abdel/\nMonitor And Keyboard by vadimmihalkevich / CC BY 4.0  https://geni.us/PgGWp\nMechanical RGB Keyboard by BigBrotherECE / CC BY 4.0 https://geni.us/mj6pHk4\nMouse Gamer free Model By Oscar Creativo / CC BY 4.0 https://geni.us/Ps3XfE\n\nCHAPTERS\n---------------------------------------------------  \n0:00 Intro\n0:50 Externals\n1:25 The Display\n3:15 Cooling and Benchmarks\n5:59 Future Anthony \n7:32 Gaming\n8:52 Thermals \n11:23 Synopsis", "link": "https://www.youtube.com/watch?v=Cw_0tBl11bY", "date_published": "2021-12-20 00:00:00+00:00", "persistent": false, "user": null, "language": "en-US"}]