[{"source": "https://www.youtube.com/feeds/videos.xml?channel_id=UCSJPFQdZwrOutnmSFYtbstA", "title": "The Drinker Recommends... Spider-Man: No Way Home", "description": "Did Spider-Man: No Way Home live up to everyone's expectations? Yes. Yes, it did. In fact, it puts every other superhero movie this year to shame. Join me for my (mostly) spoiler free review.", "link": "https://www.youtube.com/watch?v=ZQwGqKwELh8", "date_published": "2021-12-20 00:00:00+00:00", "persistent": false, "user": null, "language": "en-US"}]