[{"source": "https://www.youtube.com/feeds/videos.xml?channel_id=UCw--xPGVVxYzRsWyV1nFqgg", "title": "DOORS OF STONE PROLOGUE!\ud83e\udea8Wheel of Time Prime Success\ud83d\udcc8New Malazan\ud83e\ude84-FANTASY NEWS", "description": "Let\u2019s jump into the Fantasy News! \nCheck out Campfire here today: https://www.campfirewriting.com/write/for-novelists?utm_source=youtube&utm_medium=video&utm_campaign=DG_Q4_21  \nNew Channel: https://www.youtube.com/channel/UC9tQc_K_LtoCiVGx7_R3FRA\nPatreon: https://www.patreon.com/DanielBGreene \nAll the Me Social Links: https://linktr.ee/DanielGreene\n\nLawful Times Series: \nBreach of Peace: https://amzn.to/3CnKsfX\nRebels Creed: https://amzn.to/3Gtqt2p\n\nEquipment: \nCamera: https://amzn.to/3siqgHv  \nLense: https://amzn.to/3ugGxhQ  \nLighting: https://amzn.to/3aI3brK  \nMicrophone: https://amzn.to/3pCGtWg  \nTripod: https://amzn.to/3kd9yq1  \n\nP.O. Box: PO Box 7874 Henrico, VA 23231\n\n00:00 Intro\n\n00:35 Doors Of Stone Prologue: https://www.reddit.com/r/KingkillerChronicle/comments/rgfyv3/the_prologue_of_the_doors_of_stone/ \n\n02:11 New Stephen Erikson: https://twitter.com/erikson_steven/status/1472357178551902220?t=9wcGx0ZIt_QGcl5-9P5-Rw&s=19 \n\n02:58 Babel: https://twitter.com/kuangrf/status/1472974547569754117 \n\n03:10 Black Sun Adaptation: https://twitter.com/roanhorsebex/status/1472031116769042435?s=21 \n\n03:55 The Atlas Six: https://deadline.com/2021/12/the-atlas-six-amazon-viral-fantasy-novel-series-1234891233/ \n\n04:24 Dragonlance: https://thewertzone.blogspot.com/2021/12/new-dragonlance-novel-confirmed-for-2022.html \n\n07:01 Wheel Of Time success: https://thewertzone.blogspot.com/2021/12/wheel-of-time-become-amazons-most.html \n\n08:15 Wheel of Time New World: https://www.pcgamesn.com/new-world/wheel-of-time-event \n\n09:16 Spiderman Box Office: https://twitter.com/DiscussingFilm/status/1472611219425181709?t=Xp21sELbEjJ3NQPbswILmg&s=19", "link": "https://www.youtube.com/watch?v=sfhfDXQCg18", "date_published": "2021-12-21 00:00:00+00:00", "persistent": false, "user": null, "language": "en-US"}]