[{"source": "https://www.youtube.com/feeds/videos.xml?channel_id=UCwUizOU8pPWXdXNniXypQEQ", "title": "Advice for the Authoritarians - 9 Helpful Suggestions", "description": "Grab your Blue Light Blocking Glasses at https://blublox.com/jp\nUse Code \"JP\" for 15% Off!\n\nCheck Out My Merch Here - https://awakenwithjp.com\n\nTake a stand against censorship. Join my Awakened Warriors Email List - https://awakenwithjp.com/joinme\n\nAdvice for the authoritarians. In this video you\u2019ll learn about nine helpful suggestions that would make the authoritarians agenda more successful. Fortunately too many people have woken up to what they\u2019re doing. But in this video we get to help the underdog out a little bit.\n\nListen and Subscribe to my Podcast here: \nhttps://apple.co/3fFTbPC\nAlso available everywhere else you get podcasts. Just search and subscribe to \"Awaken With JP Sears Show\"\n\nConnect with me at: \nhttp://www.facebook.com/AwakenWithJP\nhttp://www.Instagram.com/AwakenWithJP\nhttp://www.twitter.com/AwakenWithJP\nhttps://mewe.com/p/awakenwithjp\nhttps://parler.com/profile/AwakenWithJP\nhttp://www.AwakenWithJP.com", "link": "https://www.youtube.com/watch?v=vpmSvlu4lDo", "date_published": "2021-12-21 00:00:00+00:00", "persistent": false, "user": null, "language": "en-US"}, {"source": "https://www.youtube.com/feeds/videos.xml?channel_id=UCwUizOU8pPWXdXNniXypQEQ", "title": "Christmas Shoplifting in California!", "description": "Grab your Magnesium Breakthrough at https://magnesiumbreakthrough.com/jp\nUse Code \"JP2021\" For a Deal\n\nCheck Out My Merch Here - https://awakenwithjp.com\n\nTake a stand against censorship. Join my Awakened Warriors Email List - https://awakenwithjp.com/joinme\n\nWhat it\u2019s like Christmas shoplifting in California! As California politicians and lawmakers have decriminalized crime, Christmas is more affordable than ever. Stealing items under a $950 value means you don\u2019t get prosecuted. And that means you get to take more to give more gifts. And that\u2019s the Christmas spirit. Merry Christmas!\n\nListen and Subscribe to my Podcast here: \nhttps://apple.co/3fFTbPC\nAlso available everywhere else you get podcasts. Just search and subscribe to \"Awaken With JP Sears Show\"\n\nConnect with me at: \nhttp://www.facebook.com/AwakenWithJP\nhttp://www.Instagram.com/AwakenWithJP\nhttp://www.twitter.com/AwakenWithJP\nhttps://mewe.com/p/awakenwithjp\nhttps://parler.com/profile/AwakenWithJP\nhttp://www.AwakenWithJP.com", "link": "https://www.youtube.com/watch?v=y9JHhUq65pc", "date_published": "2021-12-20 00:00:00+00:00", "persistent": false, "user": null, "language": "en-US"}]