[{"source": "https://www.youtube.com/feeds/videos.xml?channel_id=UC3I2GFN_F8WudD_2jUZbojA", "title": "Half Waif - Full Performance (Live on KEXP at Home)", "description": "http://KEXP.ORG presents Half Waif performing live, recorded exclusively for KEXP.\n\nSongs:\nTake Away the Ache \nSwimmer\nOrange Blossoms \nHorse Racing\nSodium & Cigarettes\n\nFilmed by the band at a cabin in the Catskills, Summer 2021\nMixed by Zubin Hensler\nEdited by Nandi Rose and Kenna Hynes\nWith special thanks to Chromoscope and the Levine family\n\nNandi Rose - Vocals, Keys\nZubin Hensler - Horn, Synths, Vocals\nJoanna Schubert - Vocals, Synths\nZack Levine - Drums\n\nhttps://half-waif.com\nhttp://kexp.org", "link": "https://www.youtube.com/watch?v=T2OvUxPubFA", "date_published": "2021-08-05 00:00:00+00:00", "persistent": false, "user": null, "language": "en-US"}, {"source": "https://www.youtube.com/feeds/videos.xml?channel_id=UC3I2GFN_F8WudD_2jUZbojA", "title": "Half Waif - Performance & Interview (Live on KEXP at Home)", "description": "http://KEXP.ORG presents Half Waif sharing a live performance recorded exclusively for KEXP and talking to Gabriel Teodros, host of Early. Recorded July 21, 2021.\n\nSongs:\nTake Away the Ache \nSwimmer\nOrange Blossoms \nHorse Racing\nSodium & Cigarettes\n\nFilmed by the band at a cabin in the Catskills, Summer 2021\nMixed by Zubin Hensler\nEdited by Nandi Rose and Kenna Hynes\nWith special thanks to Chromoscope and the Levine family\n\nNandi Rose - Vocals, Keys\nZubin Hensler - Horn, Synths, Vocals\nJoanna Schubert - Vocals, Synths\nZack Levine - Drums\n\nhttps://half-waif.com\nhttp://kexp.org", "link": "https://www.youtube.com/watch?v=wuPQhHEgtY0", "date_published": "2021-08-04 00:00:00+00:00", "persistent": false, "user": null, "language": "en-US"}]