[{"source": "https://www.youtube.com/feeds/videos.xml?channel_id=UCO2x-p9gg9TLKneXlibGR7w", "title": "I Modded My Tesla Model 3!", "description": "For your chance to win a Zelectic Porsche 912 and support a great cause, go to https://www.omaze.com/snazzylabs\nIn this video, Quinn disassembles his Tesla. Kinda to fix a problem, but mostly just because.\n\n\nAlibaba bumper special - https://www.alibaba.com/product-detail/Modified-Body-kits-for-Tesla-model_1600190215084.html\nAlibaba tail lights - https://www.aliexpress.com/item/1005002359118544.html?spm=a2g0o.productlist.0.0.38165c3136y3EJ&algo_pvid=314abd36-aefd-46b4-bbad-cc39dcfafc66&algo_exp_id=314abd36-aefd-46b4-bbad-cc39dcfafc66-1\nHUD screen - https://amzn.to/3fzCOpX\n\n\nSubscribe to my podcast Flashback! - http://relay.fm/flashback\nFollow me on Twitter - http://twitter.com/snazzyq\nFollow me on Instagram - http://instagram.com/snazzyq\n\n\nIn this video, Quinn rights the wrong of his $9,000 fender bender bill and adds additional features to his 2018 Tesla Model 3.", "link": "https://www.youtube.com/watch?v=-M6IcE-tQJM", "date_published": "2021-08-05 00:00:00+00:00", "persistent": false, "user": null, "language": "en-US"}]