[{"source": "https://www.youtube.com/feeds/videos.xml?channel_id=UC4QZ_LsYcvcq7qOsOhpAX4A", "title": "How a 28 Year Old Man Destroyed England\u2019s Oldest Bank", "description": "--- About ColdFusion ---\nColdFusion is an Australian based online media company independently run by Dagogo Altraide since 2009. Topics cover anything in science, technology, history and business in a calm and relaxed environment. \n\nColdFusion Discord:  https://discord.gg/coldfusion\n\nColdFusion Music Channel: https://www.youtube.com/channel/UCGkpFfEMF0eMJlh9xXj2lMw\n\nColdFusion Merch:\nINTERNATIONAL: https://store.coldfusioncollective.com/\nAUSTRALIA: https://shop.coldfusioncollective.com/\n\nIf you enjoy my content, please consider subscribing!\nI'm also on Patreon: https://www.patreon.com/ColdFusion_TV\nBitcoin address: 13SjyCXPB9o3iN4LitYQ2wYKeqYTShPub8\n\n--- \"New Thinking\" written by Dagogo Altraide ---\nThis book was rated the 9th best technology history book by book authority.\nIn the book you\u2019ll learn the stories of those who invented the things we use everyday and how it all fits together to form our modern world.\nGet the book on Amazon: http://bit.ly/NewThinkingbook\nGet the book on Google Play: http://bit.ly/NewThinkingGooglePlay\nhttps://newthinkingbook.squarespace.com/about/\n\n--- ColdFusion Social Media ---\n\u00bb Twitter | @ColdFusion_TV\n\u00bb Instagram | coldfusiontv\n\u00bb Facebook | https://www.facebook.com/ColdFusionTV\n\nSources:\n\nhttps://ethicsunwrapped.utexas.edu/case-study/collapse-barings-bank\n\nhttps://www.nationalgeographic.org/thisday/jan17/kobe-earthquake/#:~:text=On%20January%2017%2C%201995%2C%20a%20major%20earthquake%20struck%20near%20the,more%20than%2045%2C000%20people%20homeless.&text=The%20Kobe%20quake%20was%20a,Eurasian%20and%20Philippine%20plates%20interact.\n\nhttps://www.cnbc.com/2020/02/26/barings-collapse-25-years-on-what-the-industry-learned-after-one-man-broke-a-bank.html\n\nhttps://www.youtube.com/watch?v=uhrIAnbl5XE&ab_channel=JohnMusicman\n\nMy Music Channel:  https://www.youtube.com/channel/UCGkpFfEMF0eMJlh9xXj2lMw\n\n//Soundtrack//\n\nSublab - So In Love\n\nCody G - With You\n\nSangam & Cholombian - Shelter Me\n\nWorking Men's Club - Valleys (Confidence Man Remix)\n\nAleksandir - Between Summers\n\nCatching Flies - The Long Journey Home\n\nNanobyte - Lost Time\n\nSWOOSE - MEMBRANE THEORY\n\nMogwai - Take Me Somewhere Nice\n\nEx-Re - Romance\n\nIn Frames - Calm Wisdom\n\nJulianna Barwick - Look Into Your Own Mind\n\nBurn Water - Youth\n\n\u00bb Music I produce | http://burnwater.bandcamp.com or \n\u00bb http://www.soundcloud.com/burnwater\n\u00bb https://www.patreon.com/ColdFusion_TV\n\u00bb Collection of music used in videos: https://www.youtube.com/watch?v=YOrJJKW31OA\n\nProducer: Dagogo Altraide", "link": "https://www.youtube.com/watch?v=avMbu6cc4Eo", "date_published": "2021-08-04 00:00:00+00:00", "persistent": false, "user": null, "language": "en-US"}]