[{"source": "https://www.youtube.com/feeds/videos.xml?channel_id=UCwSv086EAByBY-Z7y-QR_cQ", "title": "Pfizer przyznaje: szczepionki to za ma\u0142o! Wkr\u00f3tce terapia wspomagaj\u0105ca szczepienia przeciw Covid-19!", "description": "\ud83d\udcfa Zapraszam do ogl\u0105dania\n\n\u2b07\ufe0fRozwi\u0144 opis\u2b07\ufe0f\n------------------------------------------------------------\n\ud83d\udc40 Uszi po godzinach: https://goo.gl/cdCFKe\n\ud83d\udc40 Hello World_: http://bit.ly/31BEhnv\n------------------------------------------------------------\n\u2709\ufe0f Ludzie listy pisz\u0105 \n\ud83d\udd8a\ufe0f uszi@protonmail.com\n------------------------------------------------------------\n\ud83d\udc7a Niecenzuralne i agresywne komentarze zostan\u0105 usuni\u0119te.  Jak ju\u017c musisz zakl\u0105\u0107 dawaj znaki (&*%@%).\n------------------------------------------------------------\n\ud83d\udcb2 Donate/ Darowizna\nPLN / SMS / Blik: http://bit.ly/3bsXtJj\nBTC: 174EmE88YFtvs6fuM8ZL5yYbik8hcaY6ud\n-------------------------------------------------------------\n\u2705 \u0179r\u00f3d\u0142a:\n1. https://bit.ly/2VjBG31\n2. https://bit.ly/3s07aa3\n3. https://bit.ly/2WTYfeR\n4. https://bit.ly/3AdY8sV\n5. https://bit.ly/2TWzHAN\n---------------------------------------------------------------\n\ud83c\udfb4 Do kola\u017cu wykorzystano grafik\u0119 ze strony:\ntwitter.com / Pfizer Inc. - https://bit.ly/2VjBG31\n---------------------------------------------------------------\n\ud83d\udca1 Tagi: #Covid19 #Pfizer\n--------------------------------------------------------------", "link": "https://www.youtube.com/watch?v=j7SZR0xeZzc", "date_published": "2021-08-05 00:00:00+00:00", "persistent": false, "user": null, "language": "en-US"}, {"source": "https://www.youtube.com/feeds/videos.xml?channel_id=UCwSv086EAByBY-Z7y-QR_cQ", "title": "Paszporty szczepionkowe mia\u0142y wej\u015b\u0107 w \u017cycie ju\u017c sto lat temu! Analiza dokument\u00f3w!", "description": "\ud83d\udcfa Zapraszam do ogl\u0105dania\n\n\u2b07\ufe0fRozwi\u0144 opis\u2b07\ufe0f\n------------------------------------------------------------\n\ud83d\udc40 Uszi po godzinach: https://goo.gl/cdCFKe\n\ud83d\udc40 Hello World_: http://bit.ly/31BEhnv\n------------------------------------------------------------\n\u2709\ufe0f Ludzie listy pisz\u0105 \n\ud83d\udd8a\ufe0f uszi@protonmail.com\n------------------------------------------------------------\n\ud83d\udc7a Niecenzuralne i agresywne komentarze zostan\u0105 usuni\u0119te.  Jak ju\u017c musisz zakl\u0105\u0107 dawaj znaki (&*%@%).\n------------------------------------------------------------\n\ud83d\udcb2 Donate/ Darowizna\nPLN / SMS / Blik: http://bit.ly/3bsXtJj\nBTC: 174EmE88YFtvs6fuM8ZL5yYbik8hcaY6ud\n-------------------------------------------------------------\n\u2705 \u0179r\u00f3d\u0142a:\n1. https://bit.ly/3CjJP7Z\n2. https://bit.ly/3fws6R5\n3. https://bit.ly/3gqb48l\n4. https://bit.ly/3Aa1VHJ\n5. https://bit.ly/3fz57om\n6. https://bit.ly/3xtCCi6\n7. https://bit.ly/3CgprVf\n8. https://bit.ly/2VgTj3u\n9. https://bit.ly/3xnBDQv\n10. https://bit.ly/3iluQm2\n---------------------------------------------------------------\n\ud83d\udca1 Tagi: #szczepionki #historia #polityka\n--------------------------------------------------------------", "link": "https://www.youtube.com/watch?v=XeJfmNKTNJc", "date_published": "2021-08-04 00:00:00+00:00", "persistent": false, "user": null, "language": "en-US"}]