[{"source": "https://www.youtube.com/feeds/videos.xml?channel_id=UCR-DXc1voovS8nhAvccRZhg", "title": "Myst runs at 4K on M1 Mac mini (2021 gameplay)", "description": "Nobody else made a video on it, so I figured I'd put some gameplay at 4K and upscaled 720p so you can see what the new game looks and sounds like!\n\nSupport me on Patreon: https://www.patreon.com/geerlingguy\nSponsor me on GitHub: https://github.com/sponsors/geerlingguy\nMerch: https://redshirtjeff.com\n\n#Myst #M1 #Apple\n\nContents:\n\n00:00 - Myst on an M1 Mac mini\n00:39 - Game Menus\n01:12 - 4K Gameplay\n03:30 - 720p Gameplay", "link": "https://www.youtube.com/watch?v=Uythif7gfJY", "date_published": "2021-08-27 00:00:00+00:00", "persistent": false, "user": null, "language": "en-US"}]