[{"source": "https://www.youtube.com/feeds/videos.xml?channel_id=UCZYTClx2T1of7BRZ86-8fow", "title": "This Tortoise Has a Taste for Blood | SciShow News", "description": "You're entering a world, where one of the most blood thirsty predators, is a giant tortoise\n\nHosted by: Hank Green\n\nSciShow has a spinoff podcast! It's called SciShow Tangents. Check it out at http://www.scishowtangents.org\n----------\nSupport SciShow by becoming a patron on Patreon: https://www.patreon.com/scishow\n----------\nHuge thanks go to the following Patreon supporters for helping us keep SciShow free for everyone forever:\n\nChris Peters, Matt Curls, Kevin Bealer, Jeffrey Mckishen, Jacob, Christopher R Boucher, Nazara, charles george, Christoph Schwanke, Ash, Silas Emrys, KatieMarie Magnone, Eric Jensen, Adam Brainard, Piya Shedden, Alex Hackman, James Knight, GrowingViolet, Sam Lutfi, Alisa Sherbow, Jason A Saslow, Dr. Melvin Sanicas\n\n----------\nLooking for SciShow elsewhere on the internet?\nFacebook: http://www.facebook.com/scishow\nTwitter: http://www.twitter.com/scishow\nTumblr: http://scishow.tumblr.com\nInstagram: http://instagram.com/thescishow\n----------\nSources:\nhttps://www.cell.com/current-biology/fulltext/S0960-9822(21)00917-9 \nhttps://www.eurekalert.org/news-releases/925589\nhttps://doi.org/10.1656/1528-7092-7.3.562\nhttps://doi.org/10.1111/j.1469-7998.1988.tb02451.x \nhttps://doi.org/10.1676/04-056\n\nhttps://dx.doi.org/10.1016/j.cub.2021.08.010\nhttps://www.eurekalert.org/news-releases/926020 \nhttps://doi.org/10.3390/ijerph17217827\nhttps://www.aaas.org/news/have-we-entered-second-antibiotic-era\nhttps://doi.org/10.3389/fmicb.2014.00023\nhttps://doi.org/10.1038/sj.bdj.2012.573 \n\nhttps://commons.wikimedia.org/wiki/File:Fregate_Island_3.jpg\nhttps://www.eurekalert.org/multimedia/796889\nhttps://commons.wikimedia.org/wiki/File:Anse_Victorin,_Fregate_Island,_Seychelles_-_panoramio.jpg\nhttps://www.istockphoto.com/photo/deer-fawn-gm472096009-32309546\nhttps://www.istockphoto.com/photo/brown-bear-roaring-in-forest-gm914770576-251764468\nhttps://www.istockphoto.com/photo/veterinarian-holds-syringe-with-antibiotics-gm1126701092-296728113\nhttps://en.wikipedia.org/wiki/File:Eurasian_Brown_Bear.jpg\nhttps://en.wikipedia.org/wiki/Clostridioides_difficile_(bacteria)#/media/File:Clostridium_difficile_01.jpg", "link": "https://www.youtube.com/watch?v=2b7t6kUdWhQ", "date_published": "2021-08-27 00:00:00+00:00", "persistent": false, "user": null, "language": "en-US"}]