[{"source": "https://www.youtube.com/feeds/videos.xml?channel_id=UClOGLGPOqlAiLmOvXW5lKbw", "title": "RUINER Review", "description": "RUINER is a stylish fast-paced cyberpunk action game probably inspired by Ghost in the Shell and Drive. It's very red. Also it's not Hotline Miami, stop it.\nSupport the channel at: https://www.patreon.com/mandaloregaming or https://www.paypal.me/mandaloregaming\nI take video suggestions at mandaloremovies@gmail.com\nTwitter: https://twitter.com/Lord_Mandalore\n00:00 - Intro\n01:04 - Visuals\n02:58 - Music & Sound Design\n04:38 - Gameplay Mechanics\n11:24 - Story (SPOILERS)\n14:47 - Conclusions\n15:38 - Credits\n16:54 - The Loading Hint Was Real\n#RUINER #RUINERPC #RUINERGameplay #RUINERReview #DevolverDigital #RUINERGame", "link": "https://www.youtube.com/watch?v=fXSVZDovisE", "date_published": "2021-08-26 00:00:00+00:00", "persistent": false, "user": null, "language": "en-US"}]