[{"source": "https://www.youtube.com/feeds/videos.xml?channel_id=UCJKt_QVDyUbqdm3ag_py2eQ", "title": "Amiga music: Firefox - Galaxy (A1200\ud83c\udfa7Dolbyfied)", "description": "\"Galaxy\" (1990) by Firefox/Phenomena (Jimmy Fredriksson), 1st at Phenomena & Censor Party. Art \"Lockdown - Luctor et Emergo\" by Facet/Lemon^Genesis Project, 2nd at Revision Online 2021.\n\nMade using real A1200 Rev. 1D.4 audio.\n\nVisit my channel for more Amiga music.", "link": "https://www.youtube.com/watch?v=WYCwDoyfLN4", "date_published": "2021-08-27 00:00:00+00:00", "persistent": false, "user": null, "language": "en-US"}]