[{"source": "https://www.youtube.com/feeds/videos.xml?channel_id=UCwSv086EAByBY-Z7y-QR_cQ", "title": "Szczepionka Pfizer uzyska\u0142a autoryzacj\u0119 FDA. Paszport szczepionkowy dopiero od trzeciej dawki!", "description": "\ud83d\udcfa Zapraszam do ogl\u0105dania\n\n\u2b07\ufe0fRozwi\u0144 opis\u2b07\ufe0f\n------------------------------------------------------------\n\ud83d\udc40 Uszi po godzinach: https://goo.gl/cdCFKe\n\ud83d\udc40 Hello World_: http://bit.ly/31BEhnv\n------------------------------------------------------------\n\u2709\ufe0f Ludzie listy pisz\u0105 \n\ud83d\udd8a\ufe0f uszi@protonmail.com\n------------------------------------------------------------\n\ud83d\udc7a Niecenzuralne i agresywne komentarze zostan\u0105 usuni\u0119te.  Jak ju\u017c musisz zakl\u0105\u0107 dawaj znaki (&*%@%).\n------------------------------------------------------------\n\ud83d\udcb2 Donate/ Darowizna\nPLN / SMS / Blik: http://bit.ly/3bsXtJj\nBTC: 174EmE88YFtvs6fuM8ZL5yYbik8hcaY6ud\n-------------------------------------------------------------\n\u2705 \u0179r\u00f3d\u0142a:\n1. https://bit.ly/3gG19uV\n2. https://bit.ly/3gGE6Qv\n3. https://youtu.be/YP7VkFQ45os\n4. https://bit.ly/3B9PtZ8\n5. https://bit.ly/2WzKKkF\n6. https://bit.ly/2XYcY97\n7. https://bit.ly/3B6HGLE\n8. https://bit.ly/3hn3N7O\n9. https://bit.ly/3gD9mjx\n10. https://bit.ly/38ynB4N\n11. https://cnn.it/2TZuUP3\n12. https://bit.ly/3sQLz4v\n13. https://bit.ly/3mASFcn\n14. https://bit.ly/3Biw601\n15. https://bit.ly/3Dkh4c5\n16. https://reut.rs/3BkqaDA\n---------------------------------------------------------------\n\ud83d\udca1 Tagi: #covid19 #szczepionki\n--------------------------------------------------------------", "link": "https://www.youtube.com/watch?v=YK6qVEuPx3s", "date_published": "2021-08-27 00:00:00+00:00", "persistent": false, "user": null, "language": "en-US"}, {"source": "https://www.youtube.com/feeds/videos.xml?channel_id=UCwSv086EAByBY-Z7y-QR_cQ", "title": "Ministerstwo Zdrowia zakontraktowa\u0142o 6 dawek do 2023! Analiza dokumentu", "description": "\ud83d\udcfa Zapraszam do ogl\u0105dania\n\n\u2b07\ufe0fRozwi\u0144 opis\u2b07\ufe0f\n------------------------------------------------------------\n\ud83d\udc40 Uszi po godzinach: https://goo.gl/cdCFKe\n\ud83d\udc40 Hello World_: http://bit.ly/31BEhnv\n------------------------------------------------------------\n\u2709\ufe0f Ludzie listy pisz\u0105 \n\ud83d\udd8a\ufe0f uszi@protonmail.com\n------------------------------------------------------------\n\ud83d\udc7a Niecenzuralne i agresywne komentarze zostan\u0105 usuni\u0119te.  Jak ju\u017c musisz zakl\u0105\u0107 dawaj znaki (&*%@%).\n------------------------------------------------------------\n\ud83d\udcb2 Donate/ Darowizna\nPLN / SMS / Blik: http://bit.ly/3bsXtJj\nBTC: 174EmE88YFtvs6fuM8ZL5yYbik8hcaY6ud\n-------------------------------------------------------------\n\u2705 \u0179r\u00f3d\u0142a:\n1. https://bit.ly/2WltbFa\n2. https://bit.ly/3B6HGLE\n3. https://bit.ly/3mASFcn\n---------------------------------------------------------------\n\ud83c\udfb4 Do kola\u017cu wykorzystano grafik\u0119 ze strony / autorstwa: \ngov.pl - http://bit.ly/2lVWjQr\n---------------------------------------------------------------\n\ud83d\udca1 Tagi: #covid19 #szczepionki\n--------------------------------------------------------------", "link": "https://www.youtube.com/watch?v=uZtgPpFgtEw", "date_published": "2021-08-26 00:00:00+00:00", "persistent": false, "user": null, "language": "en-US"}]