[{"source": "https://www.youtube.com/feeds/videos.xml?channel_id=UCswH8ovgUp5Bdg-0_JTYFNw", "title": "Russell Brand & Ben Shapiro \"Respectfully Disagreeing\"", "description": "I spoke with #BenShapiro on my weekly podcast Under the Skin from Luminary. Ben is a very popular US conservative political commentator - he presents a daily current affairs show called The Ben Shapiro show on YouTube. His new book \"The Authoritarian Moment\u201d will be released on July 27. In this video you can watch the first half of our conversation - if you'd like to listen to the rest (another hour) of this audio podcast you can over on Apple Podcasts here: http://apple.co/russell\n\nIf you are on Android you can listen here: http://luminary.link/russell\n\nBen's YouTube channel: https://www.youtube.com/benshapiro\n\nListen to my Luminary Original podcast, Under The Skin, to hear from guests including Edward Snowden, Jonathan Haidt, Jordan Peterson, Naomi Klein, Kehinde Andrews, Adam Curtis and Vandana Shiva. Subscribe to Luminary on Apple Podcasts here: http://apple.co/russell\n\nElites are taking over! Our only hope is to form our own. To learn more join my cartel here https://www.russellbrand.com/join and get weekly bulletins too incendiary for anything but your private inbox.\n*not a euphemism\n\nMy NEW weekly meditation podcast, Above the Noise, is available now only on Luminary too!\nhttp://apple.co/meditate \n\nSEE ME LIVE! Check out my live events and buy tickets here https://www.russellbrand.com/live-dates/ \n\nMy Audible Original, \u2018Revelation', is out NOW!\nUS: http://adbl.co/revelation\nUK: http://adbl.co/revelationuk\nAU: http://adbl.co/revelationau\nCA: http://adbl.co/revelationca\n\nFor meditation and breath work, subscribe to my side-channel: \nhttps://www.youtube.com/c/AwakeningWithRussell\n\nInstagram: \nhttp://instagram.com/russellbrand/\n\nTwitter: \nhttp://twitter.com/rustyrockets\n\nProduced by Jenny May Finn (Instagram: @jennymayfinn)\n\n#RussellBrand", "link": "https://www.youtube.com/watch?v=xMiug2sZ4Io", "date_published": "2021-07-03 00:00:00+00:00", "persistent": false, "user": null, "language": "en-US"}, {"source": "https://www.youtube.com/feeds/videos.xml?channel_id=UCswH8ovgUp5Bdg-0_JTYFNw", "title": "Why Is The Mainstream Media IGNORING the BIGGEST PROTEST for a generation???", "description": "Thousands of protesters were seen marching through the streets of central London last Saturday. What does the media's coverage tell us about their agenda? \n\n#Media #Protest #UK #Russellbrand\n\nElites are taking over! Our only hope is to form our own. To learn more join my cartel here https://www.russellbrand.com/join and get weekly bulletins too incendiary for anything but your private inbox.\n*not a euphemism\n\nListen to my Luminary Original podcast, Under The Skin, to hear from guests including Edward Snowden, Jonathan Haidt, Jordan Peterson, Naomi Klein, Kehinde Andrews, Adam Curtis and Vandana Shiva.\nSubscribe to Luminary at http://luminary.link/russell\n\nMy NEW weekly meditation podcast, Above the Noise, is available now only on Luminary.\n\nSEE ME LIVE! Check out my live events and buy tickets here https://www.russellbrand.com/live-dates/ \n\nMy Audible Original, \u2018Revelation', is out NOW!\nUS: \nhttp://adbl.co/revelation\nUK: \nhttp://adbl.co/revelationuk\nAU: \nhttp://adbl.co/revelationau\nCA: \nhttp://adbl.co/revelationca\n\nFor meditation and breath work, subscribe to my side-channel: \nhttps://www.youtube.com/c/AwakeningWithRussell\n\nInstagram: \nhttp://instagram.com/russellbrand/\n\nTwitter: \nhttp://twitter.com/rustyrockets\n\nProduced by Gareth Roy", "link": "https://www.youtube.com/watch?v=2GBcOCutzhc", "date_published": "2021-07-02 00:00:00+00:00", "persistent": false, "user": null, "language": "en-US"}]