[{"source": "https://www.youtube.com/feeds/videos.xml?channel_id=UC-91UA-Xy2Cvb98deRXuggA", "title": "IT'S WORKING! PEOPLE ARE LISTENING! | #grindreel", "description": "\u2764\ufe0f Support me because corporate sponsors rarely do! \n https://www.patreon.com/joshuafluke\n\n\ud83d\udd25 Need a resume/cover letter? Check out my templates!  \nhttps://grindreel.com/\n\n\ud83d\udc4a Join the community! \nhttps://discord.gg/Joshuafluke\n\nMy Other Socials\ud83e\udd33\nhttps://www.tiktok.com/@joshua_fluke\nhttps://www.instagram.com/joshuafluke/  \ud83d\udcf8\nhttps://twitter.com/joshuafluke  \ud83d\udc26\n\n\ud83d\udce7 Email me directly!: grindreel@gmail.com\n\ud83d\udce7 Business inquiries: Joshuafluke@thoughtleaders.io  \n\nMy Gear \u2699\ufe0f:  https://kit.co/JoshuaFluke", "link": "https://www.youtube.com/watch?v=nhhIDXq8XQU", "date_published": "2021-07-03 00:00:00+00:00", "persistent": false, "user": null, "language": "en-US"}, {"source": "https://www.youtube.com/feeds/videos.xml?channel_id=UC-91UA-Xy2Cvb98deRXuggA", "title": "REACTING TO \"The Importance of Loyalty in the Workplace\" (BIG YIKES)  #brainwashing #cult", "description": "\u2764\ufe0f Support me because corporate sponsors rarely do! \n https://www.patreon.com/joshuafluke\n\n\ud83d\udd25 Need a resume/cover letter? Check out my templates!  \nhttps://grindreel.com/\n\n\ud83d\udc4a Join the community! \nhttps://discord.gg/Joshuafluke\n\nMy Other Socials\ud83e\udd33\nhttps://www.tiktok.com/@joshua_fluke\nhttps://www.instagram.com/joshuafluke/  \ud83d\udcf8\nhttps://twitter.com/joshuafluke  \ud83d\udc26\n\n\ud83d\udce7 Email me directly!: grindreel@gmail.com\n\ud83d\udce7 Business inquiries: Joshuafluke@thoughtleaders.io  \n\nMy Gear \u2699\ufe0f:  https://kit.co/JoshuaFluke", "link": "https://www.youtube.com/watch?v=bfhKC4MZy7k", "date_published": "2021-07-02 00:00:00+00:00", "persistent": false, "user": null, "language": "en-US"}]