[{"source": "https://www.youtube.com/feeds/videos.xml?channel_id=UCqg5FCR7NrpvlBWMXdt-5Vg", "title": "Vampire: The Masquerade - Bloodhunt | Closed Alpha Livestream", "description": "We just got access to the closed alpha test for Vampire: The Masquerade - Bloodhunt, so we're gonna check it out for today's stream!\n\nJoin our YouTube Membership program for Early Access to videos, badges, emojis, bonus content and more. \u25ba\u25ba https://www.youtube.com/channel/UCqg5...\u200b\n\nSubscribe to Escapist Magazine! \u25ba\u25ba http://bit.ly/Sub2Escapist\u200b\n\nWant to see the next episode a week early? Check out http://www.escapistmagazine.com\u200b for the latest episodes of your favorite shows.\n\n---\n\n\n\n---\n\n\nZero Punctuation Merch Store \u25ba\u25bahttps://teespring.com/stores/the-esca...\u200b\nJoin us on Twitch \u25ba\u25ba https://www.twitch.tv/escapistmagazine\u200b \nLike us on Facebook \u25ba\u25ba http://www.facebook.com/EscapistMag\u200b\nFollow us on Twitter \u25ba\u25ba https://twitter.com/EscapistMag", "link": "https://www.youtube.com/watch?v=3lfa9P0cfPo", "date_published": "2021-07-02 00:00:00+00:00", "persistent": false, "user": null, "language": "en-US"}]