[{"source": "https://www.youtube.com/feeds/videos.xml?channel_id=UCAKcSON6PSG_JkTbXh2WdIg", "title": "Alice Merton - Lash Out (live performance for The Current)", "description": "@AliceMerton joins The Current to play her 2019 single, \"Lash Out\".\n\nDon't miss Alice's full virtual session, including an interview with The Current about overcoming her anxieties around performing, what makes a place \"home,\" and her thoughts on writing about heartbreak: https://youtu.be/bP0kA6cX4uM\n\nSubscribe to our channel:\nhttp://www.youtube.com/user/893TheCur...\n\nLike/Follow:\nhttps://www.facebook.com/TheCurrent/\u200b\u200b\u200b\u200b\nhttps://twitter.com/TheCurrent\u200b\u200b\u200b\u200b\nhttps://www.instagram.com/thecurrent/", "link": "https://www.youtube.com/watch?v=1gCk1NSiDLg", "date_published": "2021-07-03 00:00:00+00:00", "persistent": false, "user": null, "language": "en-US"}, {"source": "https://www.youtube.com/feeds/videos.xml?channel_id=UCAKcSON6PSG_JkTbXh2WdIg", "title": "Sunflower Bean - three songs at The Current (2016, 2018, 2019)", "description": "Three years ago this week, Sunflower Bean performed in our studio. They've visited The Current before and since, so here are three performances by Sunflower Bean, recorded live in our studio over the past several years.\n\nSONGS PERFORMED\n0:00 \"Easier Said\" (2016)\n3:18 \"I Was A Fool\" (2018)\n8:07 \"Come For Me\" (2019)\n\nPERSONNEL\nJulia Cumming \u2013 vocals, bass \nNick Kivlen \u2013 guitar, backing vocals \nDanny Ayala \u2013 guitar, keys, backing vocals\nJacob Faber \u2013 drums \n\nCREDITS\nVideo & Photo: Nate Ryan; Mary Mathis\nAudio: Michael DeMark; John Miller; Cameron Wiley\nProduction: Derrick Stevens\n\nFIND MORE:\n2016 studio session: https://www.thecurrent.org/feature/2016/04/06/sunflower-bean-perform-in-the-current-studio\n2018 session during SXSW:\nhttps://www.thecurrent.org/feature/2018/03/13/sunflower-bean-take-the-stage-at-our-sxsw-day-party\n2018 studio session: https://www.thecurrent.org/feature/2018/06/29/sunflower-bean-perform-in-the-current-studio\n2019 studio session:\nhttps://www.thecurrent.org/feature/2019/02/15/sunflower-bean-perform-in-the-current-studio\n\nSubscribe to our channel:\nhttp://www.youtube.com/user/893TheCurrent?sub_confirmation=1\nLike/Follow:\nhttps://www.facebook.com/TheCurrent/\nhttps://twitter.com/TheCurrent\nhttps://www.instagram.com/thecurrent/\n\n#thecurrent #sunflowerbean", "link": "https://www.youtube.com/watch?v=Rt10cX75bpI", "date_published": "2021-07-03 00:00:00+00:00", "persistent": false, "user": null, "language": "en-US"}, {"source": "https://www.youtube.com/feeds/videos.xml?channel_id=UCAKcSON6PSG_JkTbXh2WdIg", "title": "Alice Merton - No Roots (live performance for The Current)", "description": "@AliceMerton joins The Current to play her 2016 hit song, \"No Roots\".\n\nDon't miss Alice's full virtual session, including an interview with The Current about overcoming her anxieties around performing, what makes a place \"home,\" and her thoughts on writing about heartbreak: https://youtu.be/bP0kA6cX4uM\n\nSubscribe to our channel:\nhttp://www.youtube.com/user/893TheCur...\n\nLike/Follow:\nhttps://www.facebook.com/TheCurrent/\u200b\u200b\u200b\u200b\nhttps://twitter.com/TheCurrent\u200b\u200b\u200b\u200b\nhttps://www.instagram.com/thecurrent/", "link": "https://www.youtube.com/watch?v=bUMa51Qu0js", "date_published": "2021-07-02 00:00:00+00:00", "persistent": false, "user": null, "language": "en-US"}, {"source": "https://www.youtube.com/feeds/videos.xml?channel_id=UCAKcSON6PSG_JkTbXh2WdIg", "title": "Alice Merton - Vertigo (live performance for The Current)", "description": "@AliceMerton joins The Current to play her latest single, \"Vertigo\".\n\nDon't miss Alice's full virtual session, including an interview with The Current about overcoming her anxieties around performing, what makes a place \"home,\" and her thoughts on writing about heartbreak: https://youtu.be/bP0kA6cX4uM\n\nSubscribe to our channel:\nhttp://www.youtube.com/user/893TheCur...\n\nLike/Follow:\nhttps://www.facebook.com/TheCurrent/\u200b\u200b\u200b\u200b\nhttps://twitter.com/TheCurrent\u200b\u200b\u200b\u200b\nhttps://www.instagram.com/thecurrent/", "link": "https://www.youtube.com/watch?v=XMIKckPRI6g", "date_published": "2021-07-02 00:00:00+00:00", "persistent": false, "user": null, "language": "en-US"}]