[{"source": "https://www.youtube.com/feeds/videos.xml?channel_id=UCXuqSBlHAE6Xw-yeJA0Tunw", "title": "You can buy Intel's Unreleased CPU RIGHT NOW - WAN Show March 5, 2021", "description": "Visit https://www.squarespace.com/WAN and use offer code WAN for 10% off\n\nSave 10% at Ridge Wallet with offer code WAN at https://www.ridge.com/WAN\n\nStart your build today at https://www.buildredux.com/linus\n\nPodcast Download: https://anchor.fm/thewanshowpodcast/episodes/You-can-buy-Intels-Unreleased-CPU-RIGHT-NOW---WAN-Show-March-5--2021-es0d9v\n\nCheck out Carpool Critics, our new movie podcast: https://www.youtube.com/channel/UCt-oJR5teQIjOAxCmIQvcgA\n\nTimestamps (Courtesy of MMAPSFAWNMR)\n00:00:09 ----- Synopsis of Topics (AnandTechs 11700K review, Verified Actual Gamer Program, Google is a privacy company now, Arizona House Bill).\n00:01:45 ----- Intro.\n00:02:17 ----- Luke feels robbed and asks Linus where the new WAN Show intro is.\n00:02:40 ----- How AnandTech published their full review of the Intel Core i7-11700K nearly two weeks early and how NDAs work.\n00:03:14 ----- Quick sponsor announcement: Redux, Ridge Wallet, and Square Space.\n00:15:03 ----- Tech specs of the Intel Core i7-11700K.\n00:23:32 ----- Nvidia is working with GPU miners. The 3060 ATH mining limiter rumored to be on the 3080 Ti as well.\n00:32:26 ----- Big Reveal: Sometime next week, Linus Media Group will be launching the Verified Actual Gamer Program (not a giveaway).\n00:44:59 ----- Sponsor spot: Redux.\n00:45:54 ----- Sponsor spot: Ridge Wallet.\n00:46:32 ----- Sponsor spot: Square Space.\n00:48:53 ----- Questions about the Verified Actual Gamer Program.\n00:49:40 ----- Google is now a privacy company.\n00:55:01 ----- LTT Store new shirt.\n00:56:53 ----- AMDs 6700XT paper launcher.\n01:00:02 ----- 8-year-old Fortnite pro (Joseph Dean).\n01:02:19 ----- LTT Store desk pad update.\n01:02:51 ----- Arizona House Bill that would require an allowance for third party payment on app platforms.\n01:09:58 ----- Super Chats.", "link": "https://www.youtube.com/watch?v=5A-gkT2uOeM", "date_published": "2021-03-05 00:00:00+00:00", "persistent": false, "user": null, "language": "en-US"}, {"source": "https://www.youtube.com/feeds/videos.xml?channel_id=UCXuqSBlHAE6Xw-yeJA0Tunw", "title": "These are TOTALLY Different - Let me Explain. (U.3 Storage Comparison)", "description": "Thanks to KIOXIA for sponsoring today's video! Check out their U.3 CM6 Enterprise SSD drives at https://lmg.gg/X9myK\n\nU.3 is an interface that combines the power of NVMe, SAS, and SATA drives into one controller, but how does that work?\n\nCheck out Broadcom's GBA 9500-16i Tri-Mode Storage Adapter at https://lmg.gg/2zSY2\nCheck out the Super Micro Server A+ Server 1124US-TNRP at https://lmg.gg/YVzPP\n\nBuy AMD Epyc 7702 Processor On Amazon (PAID LINK): https://geni.us/a0tN2di\n\nBuy Toshiba HDD\nOn Amazon (PAID LINK): https://geni.us/uvrpdBS   \nOn NewEgg (PAID LINK): https://geni.us/UIoiKP7 \n\nPurchases made through some store links may provide some compensation to Linus Media Group.\n\nDiscuss on the forum: https://linustechtips.com/topic/1312068-these-are-totally-different-let-me-explain-sponsored/\n\n\u25baGET MERCH: http://www.LTTStore.com/\n\u25baSUPPORT US ON FLOATPLANE: https://www.floatplane.com/  \n\u25baLTX EXPO: https://www.ltxexpo.com/   \n\nAFFILIATES & REFERRALS\n---------------------------------------------------\n\u25baAffiliates, Sponsors & Referrals: https://lmg.gg/sponsors\n\u25baCheck out our podcast gear: https://kit.co/linustechtips/lmg-podcast-gear\n\u25baPrivate Internet Access VPN: https://lmg.gg/pialinus2\n\u25baOur Official Charging Partner Anker: https://lmg.gg/AnkerLTT\n\u25baMK Keyboards: https://lmg.gg/LyLtl\n\u25baNerd or Die Stream Overlays: https://lmg.gg/avLlO\n\u25baNEEDforSEAT Gaming Chairs: https://lmg.gg/DJQYb\n\u25baDisplate Metal Prints: https://lmg.gg/displateltt\n\u25baOfficial Game Store: https://www.nexus.gg/ltt\n\u25baEpic Games Store (LINUSMEDIAGROUP): https://lmg.gg/kRTpY\n\u25baAmazon Prime: https://lmg.gg/8KV1v\n\u25baAudible Free Trial: https://lmg.gg/8242J\n\u25baStreamlabs Prime: https://geni.us/cOHCiHh\n\u25baOur Gear on Amazon: https://geni.us/OhmF\n\nFOLLOW US ELSEWHERE\n---------------------------------------------------  \nTwitter: https://twitter.com/linustech\nFacebook: http://www.facebook.com/LinusTech\nInstagram: https://www.instagram.com/linustech\nTwitch: https://www.twitch.tv/linustech\n\nFOLLOW OUR OTHER CHANNELS\n---------------------------------------------------  \nTechquickie: https://lmg.gg/techquickieyt\nTechLinked: https://lmg.gg/techlinkedyt\nShortCircuit: https://lmg.gg/shortcircuityt\n\nLMG Clips: https://lmg.gg/lmgclipsyt\nChannel Super Fun: https://lmg.gg/channelsuperfunyt\nCarpool Critics: https://lmg.gg/carpoolcriticsyt\n\nMUSIC CREDIT\n---------------------------------------------------  \nTitle: Laszlo - Supernova\nVideo Link: https://www.youtube.com/watch?v=PKfxmFU3lWY\niTunes Download Link: https://itunes.apple.com/us/album/supernova/id936805712\nArtist Link: https://soundcloud.com/laszlomusic\n\nOutro Screen Music Credit: Approaching Nirvana - Sugar High http://www.youtube.com/approachingnirvana\n\nMonitor And Keyboard by vadimmihalkevich / CC BY 4.0  https://geni.us/PgGWp\nMechanical RGB Keyboard by BigBrotherECE / CC BY 4.0 https://geni.us/mj6pHk4\nMouse Gamer free Model By Oscar Creativo / CC BY 4.0 https://geni.us/Ps3XfE", "link": "https://www.youtube.com/watch?v=uCXcqV31iZ8", "date_published": "2021-03-04 00:00:00+00:00", "persistent": false, "user": null, "language": "en-US"}]