[{"source": "https://www.youtube.com/feeds/videos.xml?channel_id=UCFQMnBA3CS502aghlcr0_aw", "title": "Jay Mazini's $1,000,000 Scam Has Victims FURIOUS and Chasing Him", "description": "The man who can't stop digging himself into a hole, Jay Mazini. \nJay Mazini has not only ran a giveaway scam, halal capital scam, but now he is running a bitcoin scam that is ongoing. Two of Jay Mazini's Victims who accuse him of being a huge scam allege that they were defrauded for $190,000 and $750,000 apiece. \n\nThat's only the victims of Jay Mazini that have reached out to me. I would guess that there are many others still out there.  Watch the full Jay Mazini saga playlist here \n\n\u25ba Twitter: https://twitter.com/coffeebreak_YT\n\u25ba Instagram: https://www.instagram.com/coffeebreak_yt/\n\ud83c\udfb6 Music: https://www.youtube.com/watch?v=nMSQ1yoPT2c&list=PL4qw3AkxFDSNhEgawXD1j6r0iN1072XIB&index=1\nThis video is an opinion and in no way should be construed as statements of fact. Scams, bad business opportunities, and fake gurus are subjective terms that mean different things to different people. I think someone who promises $100K/month for an upfront fee of $2K is a scam. Others would call it a Napolean Hill pitch.", "link": "https://www.youtube.com/watch?v=hls3yHrV8uk", "date_published": "2021-03-04 00:00:00+00:00", "persistent": false, "user": null, "language": "en-US"}]