[{"source": "https://www.youtube.com/feeds/videos.xml?channel_id=UC3I2GFN_F8WudD_2jUZbojA", "title": "Y La Bamba - Full Performance (Live on KEXP at Home)", "description": "http://KEXP.ORG presents Y La Bamba performing live, recorded exclusively for KEXP.\r\n\r\nSongs:\nBruja de Brujas\nPerder\nBoca Llena\nRios Sueltos\n\nMusic:\nLuz Elena Mendoza - Vocals, Songwriting, Composition\nIsabeau Waia'u Walker - Vocals\nRyan Oxford - Guitar, Backing Vocals\nZack Teran - Bass, Backing Vocals\nMiguel Jim\u00e9nez-Cr\u00f9z - Drums, Backing Vocals\nand of course Primo\n\nRecorded and mixed at The Center for Sound, Light, and Color by Ryan Oxford\nVideo Director/DP/Editor - Madison Rowley\nAdditional Camera & Lighting - Rodrigo Melgarejo \nVisual FX created on ATARI VIDEO MUSIC\n\nhttp://www.ylabamba.com\nhttp://kexp.org", "link": "https://www.youtube.com/watch?v=XY5qVuLvyhU", "date_published": "2021-03-05 00:00:00+00:00", "persistent": false, "user": null, "language": "en-US"}]