[{"source": "https://www.youtube.com/feeds/videos.xml?channel_id=UCXuqSBlHAE6Xw-yeJA0Tunw", "title": "This is NOT a Soundbar - Sony HT-A9 Home Theater System", "description": "Thanks to Sony for sponsoring this video! Check out the HT-A9 sound system at https://lmg.gg/HAbjH\n\nSony has been well known for its home entertainment products; Playstation, TVs, and home theatre sounds systems. The HT-A9 is a reasonably robust system that doesn't replace a full-fledged speaker setup, but when you need something simple, easy, and performs almost as well, you should check this out!\n\nBuy Sony A90J TV\nOn Amazon (PAID LINK): https://geni.us/0GQ4B\nOn Best Buy (PAID LINK): https://geni.us/AHiAj\nOn Newegg (PAID LINK): https://geni.us/fEUE\n\nBuy Sony SA-SW5 Wireless Subwoofer\nOn Amazon (PAID LINK): https://geni.us/g2BJ\nOn B&H (PAID LINK): https://geni.us/Q0wvDk\n\nPurchases made through some store links may provide some compensation to Linus Media Group.\n\nDiscuss on the forum: https://linustechtips.com/topic/1389433-the-invisible-soundbar-sponsored/\n\n\u25baGET MERCH: http://www.LTTStore.com/\n\u25baSUPPORT US ON FLOATPLANE: https://www.floatplane.com/  \n\u25baLTX EXPO: https://www.ltxexpo.com/   \n\nAFFILIATES & REFERRALS\n---------------------------------------------------\n\u25baAffiliates, Sponsors & Referrals: https://lmg.gg/sponsors\n\u25baCheck out our podcast gear: https://kit.co/linustechtips/lmg-podcast-gear\n\u25baPrivate Internet Access VPN: https://lmg.gg/pialinus2\n\u25baOur Official Charging Partner Anker: https://lmg.gg/AnkerLTT\n\u25baSecretlabs Gaming Chairs: https://lmg.gg/SecretlabLTT\n\u25baMK Keyboards: https://lmg.gg/LyLtl\n\u25baNerd or Die Stream Overlays: https://lmg.gg/avLlO\n\u25baGreen Man Gaming https://lmg.gg/GMGLTT\n\u25baAmazon Prime: https://lmg.gg/8KV1v\n\u25baAudible Free Trial: https://lmg.gg/8242J\n\u25baOur Gear on Amazon: https://geni.us/OhmF\n\nFOLLOW US ELSEWHERE\n---------------------------------------------------  \nTwitter: https://twitter.com/linustech\nFacebook: http://www.facebook.com/LinusTech\nInstagram: https://www.instagram.com/linustech\nTwitch: https://www.twitch.tv/linustech\n\nFOLLOW OUR OTHER CHANNELS\n---------------------------------------------------  \nMac Address: https://lmg.gg/macaddress\nTechquickie: https://lmg.gg/techquickieyt\nTechLinked: https://lmg.gg/techlinkedyt\nShortCircuit: https://lmg.gg/shortcircuityt\n\nLMG Clips: https://lmg.gg/lmgclipsyt\nChannel Super Fun: https://lmg.gg/channelsuperfunyt\nThey're Just Movies: https://lmg.gg/TheyreJustMoviesYT\n\nMUSIC CREDIT\n---------------------------------------------------  \nTitle: Laszlo - Supernova\nVideo Link: https://www.youtube.com/watch?v=PKfxmFU3lWY\niTunes Download Link: https://itunes.apple.com/us/album/supernova/id936805712\nArtist Link: https://soundcloud.com/laszlomusic\n\nOutro Screen Music Credit: Approaching Nirvana - Sugar High http://www.youtube.com/approachingnirvana\n\nIntro animation by MBarek Abdelwassaa https://www.instagram.com/mbarek_abdel/\nMonitor And Keyboard by vadimmihalkevich / CC BY 4.0  https://geni.us/PgGWp\nMechanical RGB Keyboard by BigBrotherECE / CC BY 4.0 https://geni.us/mj6pHk4\nMouse Gamer free Model By Oscar Creativo / CC BY 4.0 https://geni.us/Ps3XfE\n\nCHAPTERS\n---------------------------------------------------  \n0:00 Intro\n1:05 HT-A9 Unboxing and overview\n4:40 Furniture setup\n7:00 Sony A90J TV setup\n9:05 Setting up the speakers\n13:20 Trying the speakers\n14:07 Initial impressions\n15:08 Further test\n15:38 Movie test\n16:40 Closing thoughts", "link": "https://www.youtube.com/watch?v=BPcrpFjw4X8", "date_published": "2021-11-18 00:00:00+00:00", "persistent": false, "user": null, "language": "en-US"}, {"source": "https://www.youtube.com/feeds/videos.xml?channel_id=UCXuqSBlHAE6Xw-yeJA0Tunw", "title": "LTT is About to Change.", "description": "Get 10% off all Jackery products with code LinusTechTips at https://www.jackery.com?aff=27\n\nGet your custom pre-built PC with NZXT BLD: https://nzxt.co/LinusBLDNov21\n\nIn this video, Linus outlines his plan to increase LMG's testing capabilities with new tools, a new space, and new people. That's right: WE'RE HIRING.\n\nCheck out the available positions at https://lmg.gg/lmgjobs\n\nBuy Xbox Series X\nOn Amazon (PAID LINK): https://geni.us/yjCi\nOn Best Buy (PAID LINK): https://geni.us/4XMo\nOn Newegg (PAID LINK): https://geni.us/BAobwq9\n\nBuy NVIDIA SHIELD Pro\nOn Amazon (PAID LINK): https://geni.us/XaFV\nOn Best Buy (PAID LINK): https://geni.us/AQlAGm\nOn Newegg (PAID LINK): https://geni.us/tYRQlI\n\nPurchases made through some store links may provide some compensation to Linus Media Group.\n\nDiscuss on the forum: https://linustechtips.com/topic/1389194-ltt-is-about-to-change/\n\n\u25baGET MERCH: http://www.LTTStore.com/\n\u25baSUPPORT US ON FLOATPLANE: https://www.floatplane.com/  \n\u25baLTX EXPO: https://www.ltxexpo.com/   \n\nAFFILIATES & REFERRALS\n---------------------------------------------------\n\u25baAffiliates, Sponsors & Referrals: https://lmg.gg/sponsors\n\u25baCheck out our podcast gear: https://kit.co/linustechtips/lmg-podcast-gear\n\u25baPrivate Internet Access VPN: https://lmg.gg/pialinus2\n\u25baOur Official Charging Partner Anker: https://lmg.gg/AnkerLTT\n\u25baSecretlabs Gaming Chairs: https://lmg.gg/SecretlabLTT\n\u25baMK Keyboards: https://lmg.gg/LyLtl\n\u25baNerd or Die Stream Overlays: https://lmg.gg/avLlO\n\u25baGreen Man Gaming https://lmg.gg/GMGLTT\n\u25baAmazon Prime: https://lmg.gg/8KV1v\n\u25baAudible Free Trial: https://lmg.gg/8242J\n\u25baOur Gear on Amazon: https://geni.us/OhmF\n\nFOLLOW US ELSEWHERE\n---------------------------------------------------  \nTwitter: https://twitter.com/linustech\nFacebook: http://www.facebook.com/LinusTech\nInstagram: https://www.instagram.com/linustech\nTwitch: https://www.twitch.tv/linustech\n\nFOLLOW OUR OTHER CHANNELS\n---------------------------------------------------  \nMac Address: https://lmg.gg/macaddress\nTechquickie: https://lmg.gg/techquickieyt\nTechLinked: https://lmg.gg/techlinkedyt\nShortCircuit: https://lmg.gg/shortcircuityt\n\nLMG Clips: https://lmg.gg/lmgclipsyt\nChannel Super Fun: https://lmg.gg/channelsuperfunyt\nThey're Just Movies: https://lmg.gg/TheyreJustMoviesYT\n\nMUSIC CREDIT\n---------------------------------------------------  \nTitle: Laszlo - Supernova\nVideo Link: https://www.youtube.com/watch?v=PKfxmFU3lWY\niTunes Download Link: https://itunes.apple.com/us/album/supernova/id936805712\nArtist Link: https://soundcloud.com/laszlomusic\n\nOutro Screen Music Credit: Approaching Nirvana - Sugar High http://www.youtube.com/approachingnirvana\n\nIntro animation by MBarek Abdelwassaa https://www.instagram.com/mbarek_abdel/\nMonitor And Keyboard by vadimmihalkevich / CC BY 4.0  https://geni.us/PgGWp\nMechanical RGB Keyboard by BigBrotherECE / CC BY 4.0 https://geni.us/mj6pHk4\nMouse Gamer free Model By Oscar Creativo / CC BY 4.0 https://geni.us/Ps3XfE\n\nCHAPTERS\n---------------------------------------------------  \n0:00 Intro\n0:51 The Vision\n2:15  Floatplane Hiring\n3:22 Potential Equipment\n6:16 More Nerd Stuff\n8:06 Phone Testing\n8:53 Display Testing\n9:37 LTTstore.com\n10:56 Who should apply?\n12:08 Outro", "link": "https://www.youtube.com/watch?v=pt3-6BsWlPk", "date_published": "2021-11-17 00:00:00+00:00", "persistent": false, "user": null, "language": "en-US"}]