[{"source": "https://www.reuters.com", "title": "Biden nominates Ghislaine Maxwell's judge, Memphis litigator to appeals courts | Reuters", "description": "Biden nominates Ghislaine Maxwell's judge, Memphis litigator to appeals courts | Reuters", "link": "https://www.reuters.com/legal/government/biden-nominates-ghislaine-maxwells-judge-memphis-litigator-appeals-courts-2021-11-17/", "date_published": "2021-11-17 21:11:58+00:00", "persistent": true, "user": "rumpel", "language": "en", "tags": ["jeffrey epstein", "ghislaine maxwell"]}]