[{"source": "https://www.youtube.com/feeds/videos.xml?channel_id=UCLr4hMhk_2KE0GUBSBrspGA", "title": "Pixel 6 - Co my\u015bl\u0119?", "description": "NIe tylko o Pixelu zreszt\u0105. Wpad\u0142em na pomys\u0142 podzielenia si\u0119 z Wami r\u00f3wnie\u017c innymi my\u015blami, kt\u00f3re prawdopodobnie w og\u00f3le Was nie interesuj\u0105, wi\u0119c zapraszam!\nOdcinek zawiera lokowanie aplikacji ZEN. Z kodem \"KlawyZen\" mo\u017cecie jej u\u017cywa\u0107 przez 4 miesi\u0105ce za darmo: https://bit.ly/3rklh8W\nEDIT z dnia 29.09.2022 - w zwi\u0105zku ze zmian\u0105 plan\u00f3w taryfowych ZEN, uleg\u0142a zmianie r\u00f3wnie\u017c liczba dni darmowej subskrypcji kod\u00f3w dedykowanych. Od teraz s\u0105 to 2 miesi\u0105ce zamiast 4.\n\nFilm Becci (Pixel vs iPhone): https://youtu.be/eAxbBbi_Mmw\nPor\u00f3wnanie foto video Pixeli: https://youtu.be/xLyjICSEkDc\n\nhttps://www.instagram.com/kubaklawiter/\nhttps://twitter.com/KubaKlawiter\n\nW odcinku: \n00:00 Oczekiwania\n00:39 Sk\u00f3rzany portfel od Apple\n00:52 Pixel 6 Pro i Pixel 6: wideo w 4K i Full HD - por\u00f3wnanie\n01:28 Portfel z MagSafe do iPhone\u2019a \u2013 test przyczepno\u015bci\n02:37 O byciu odpowiedzialnym w kwestii dawania prezent\u00f3w\n03:07 O ekonomii\n03:45 Fragment sponsorowany \u2013 lokowanie ZEN\n04:27 Pixel 6 x Pixel 6 Pro \u2013 wygl\u0105d\n04:54 Bateria\n05:01 Czytnik linii papilarnych\n05:33 Funkcja: magiczna gumka\n05:56 R\u00f3wnowaga i oczywiste oczywisto\u015bci\n06:25 Nowe procesory\n07:41 Co ma znaczenie? Hardware czy software?\n08:07 Aparaty: foto i wideo (Pixel 6 Pro vs. iPhone 13 Pro)\n08:50 Pixel 6 Pro vs, Samsung S21 Ultra 5G \u2013 foto wideo\n09:30 Por\u00f3wnanie iPhone\u2019a i Pixela\n10:02 Przemy\u015blenia o lotach samolotem i por\u00f3wnanie zdj\u0119\u0107\n10:43 Podsumowanie mo\u017cliwo\u015bci aparat\u00f3w iPhone\u2019a, Samsunga i Pixela\n11:33 Komentarze pod filmami innych tw\u00f3rc\u00f3w\n11:50 Ksi\u0105\u017cka \u201eYouTube Formula\u201d\n13:12 Rozmiary smartfon\u00f3w - zestawienie\n13:32 Ekrany\n13:38 Odes\u0142anie do filmu z por\u00f3wnaniem nagra\u0144 i zdj\u0119\u0107 z Pixela 6 i Pixela 6 Pro\n14:24 Nagrywanie d\u017awi\u0119ku\n14:41 R\u00f3\u017cnice mi\u0119dzy Pixelami\n14:55 Bateria c.d.\n15:24 Osi\u0105gi\n15:38 Gdzie mo\u017cna kupi\u0107 Pixela i za ile?\n16:12 5G i VoLTE niedost\u0119pne w Polsce\n16:54 Temat youtuber\u00f3w\n17:13 Do zobaczenia", "link": "https://www.youtube.com/watch?v=y5v2pLee5sY", "date_published": "2021-11-18 00:00:00+00:00", "persistent": false, "user": null, "language": "en-US"}]