[{"source": "https://www.youtube.com/feeds/videos.xml?channel_id=UCAKcSON6PSG_JkTbXh2WdIg", "title": "Interview: Colin Meloy of The Decemberists", "description": "Colin Meloy and Mac Wilson sit down for a virtual interview as The Decemberists celebrate their 20th anniversary this month. The two look back at iconic releases and memories from The Decemberists' catalog, and  discuss the craft of building a setlist in the age of streams.\n\nSubscribe to our channel:\nhttp://www.youtube.com/user/893TheCurrent\n\nLike/Follow:\nhttps://www.facebook.com/TheCurrent/\u200b\u200b\u200b\nhttps://twitter.com/TheCurrent\u200b\u200b\u200b\nhttps://www.instagram.com/thecurrent/\n\nCredits\nHost - Mac Wilson\nTechnical Director - Eric Romani\nProducer - Derrick Stevens\nDigital Producer - Jesse Wiza", "link": "https://www.youtube.com/watch?v=LQqiLFPqRQc", "date_published": "2021-04-20 00:00:00+00:00", "persistent": false, "user": null, "language": "en-US"}, {"source": "https://www.youtube.com/feeds/videos.xml?channel_id=UCAKcSON6PSG_JkTbXh2WdIg", "title": "Chris Koza - The Blackberry Moon (2011)", "description": "Back in April 2011, jeremy messersmith hosted Works for Words, an event at the Fitzgerald Theater in St. Paul, Minn., where messersmith welcomed a group of friends \u2014 including Chris Koza \u2014\u00a0for a night of the best lyrical works in song. From that night 10 years ago at the Fitz, here's a performance by Chris Koza of his band Rogue Valley's song, \"The Blackberry Moon,\" from their 2010 album, \"The Bookseller's House.\"\n\nSubscribe to our channel:\nhttp://www.youtube.com/user/893TheCurrent?sub_confirmation=1\nLike/Follow:\nhttps://www.facebook.com/TheCurrent/\nhttps://twitter.com/TheCurrent\nhttps://www.instagram.com/thecurrent/\n\n#chriskoza #roguevalley", "link": "https://www.youtube.com/watch?v=gfZG29lJkBM", "date_published": "2021-04-19 00:00:00+00:00", "persistent": false, "user": null, "language": "en-US"}]