[{"source": "https://www.youtube.com/feeds/videos.xml?channel_id=UCXuqSBlHAE6Xw-yeJA0Tunw", "title": "You Don't Need a Graphics Card! - Cloud gaming", "description": "Get a Free Pair of Wireless Bluetooth Headphones at Micro Center: https://micro.center/0cb54\n\nUse code LINUS and get 25% off GlassWire at https://lmg.gg/glasswire\n\nWe're back with a hands-on review of the most widely available cloud gaming services to help get you through the great GPU shortage of 2021\n\n\nBuy NVIDIA SHIELD: https://geni.us/DpK9m\n\nBuy Intel Core i9-10850K CPU: https://geni.us/TNe4Z8q\n\nBuy Asus ROG Maximus Hero XIII Motherboard: https://geni.us/O6Z7P\n\nBuy Asus ROG Thor 1200w 80+ Platinum PSU: https://geni.us/cIx4J4\n\nBuy Phanteks p500a Digital Case: https://geni.us/0nwMr\n\nPurchases made through some store links may provide some compensation to Linus Media Group.\n\nDiscuss on the forum: https://linustechtips.com/topic/1328911-you-dont-need-a-graphics-card-cloud-gaming-services-roundup/\n\n\u25ba GET MERCH: https://lttstore.com\n\u25ba AFFILIATES, SPONSORS & REFERRALS: https://lmg.gg/sponsors\n\u25ba PODCAST GEAR: https://lmg.gg/podcastgear\n\u25ba SUPPORT US ON FLOATPLANE: https://www.floatplane.com/\n\nFOLLOW US ELSEWHERE\n---------------------------------------------------  \nTwitter: https://twitter.com/linustech\nFacebook: http://www.facebook.com/LinusTech\nInstagram: https://www.instagram.com/linustech\nTikTok: https://www.tiktok.com/@linustech\nTwitch: https://www.twitch.tv/linustech\n\nMUSIC CREDIT\n---------------------------------------------------\nIntro: Laszlo - Supernova\nVideo Link: https://www.youtube.com/watch?v=PKfxmFU3lWY\niTunes Download Link: https://itunes.apple.com/us/album/supernova/id936805712\nArtist Link: https://soundcloud.com/laszlomusic\n\nOutro: Approaching Nirvana - Sugar High\nVideo Link: https://www.youtube.com/watch?v=ngsGBSCDwcI\nListen on Spotify: http://spoti.fi/UxWkUw\nArtist Link: http://www.youtube.com/approachingnirvana\n\nIntro animation by MBarek Abdelwassaa https://www.instagram.com/mbarek_abdel/\nMonitor And Keyboard by vadimmihalkevich / CC BY 4.0  https://geni.us/PgGWp\nMechanical RGB Keyboard by BigBrotherECE / CC BY 4.0 https://geni.us/mj6pHk4\nMouse Gamer free Model By Oscar Creativo / CC BY 4.0 https://geni.us/Ps3XfE", "link": "https://www.youtube.com/watch?v=J1z4XqEkSEU", "date_published": "2021-04-19 00:00:00+00:00", "persistent": false, "user": null, "language": "en-US"}]