[{"source": "http://feeds.bbci.co.uk/news/rss.xml", "title": "The Ugandan mum who was once ashamed of her gay son", "description": "A support group in Uganda is helping parents come to terms with their children's sexuality.", "link": "https://www.bbc.co.uk/news/world-africa-56773018", "date_published": "2021-04-19 23:26:07+00:00", "persistent": false, "user": null, "language": "en-US"}, {"source": "http://feeds.bbci.co.uk/news/rss.xml", "title": "Redonda: The Caribbean island transformed into an eco haven", "description": "After invasive rats and goats were removed from Redonda, the island's wildlife has been thriving.", "link": "https://www.bbc.co.uk/news/world-latin-america-56740670", "date_published": "2021-04-19 23:20:27+00:00", "persistent": false, "user": null, "language": "en-US"}, {"source": "http://feeds.bbci.co.uk/news/rss.xml", "title": "How a bicycle tripled one woman's income", "description": "\"You realise what a bicycle can do. It's a catalyst for unlocking so much potential.\"", "link": "https://www.bbc.co.uk/news/stories-56806444", "date_published": "2021-04-19 23:17:12+00:00", "persistent": false, "user": null, "language": "en-US"}, {"source": "http://feeds.bbci.co.uk/news/rss.xml", "title": "Oscars 2021: 19 geeky facts from Borat to Boseman", "description": "Everything you need to know ahead of the 93rd Academy Awards on Sunday.", "link": "https://www.bbc.co.uk/news/entertainment-arts-55325109", "date_published": "2021-04-19 23:13:32+00:00", "persistent": false, "user": null, "language": "en-US"}, {"source": "http://feeds.bbci.co.uk/news/rss.xml", "title": "Are black women getting enough support for mental health?", "description": "Black women are more likely than white women to experience common mental health problems.", "link": "https://www.bbc.co.uk/news/uk-56765171", "date_published": "2021-04-19 23:09:43+00:00", "persistent": false, "user": null, "language": "en-US"}, {"source": "http://feeds.bbci.co.uk/news/rss.xml", "title": "Could electric tattoos be the next step in body art?", "description": "Researchers are experimenting with thin, flexible circuits that can be transferred to the skin.", "link": "https://www.bbc.co.uk/news/business-56561708", "date_published": "2021-04-19 23:08:09+00:00", "persistent": false, "user": null, "language": "en-US"}, {"source": "http://feeds.bbci.co.uk/news/rss.xml", "title": "'I would like Russia to be more free'", "description": "The BBC's Steve Rosenberg travels 2,000 miles east of Moscow to gauge the mood of ordinary Russians.", "link": "https://www.bbc.co.uk/news/world-europe-56808468", "date_published": "2021-04-19 23:00:35+00:00", "persistent": false, "user": null, "language": "en-US"}, {"source": "http://feeds.bbci.co.uk/news/rss.xml", "title": "'The players and I were not involved' - Klopp on Liverpool's European Super League entry", "description": "Liverpool manager Jurgen Klopp says he and his players were not involved with the club's decision to join the European Super League.", "link": "https://www.bbc.co.uk/sport/av/football/56810625", "date_published": "2021-04-19 22:19:41+00:00", "persistent": false, "user": null, "language": "en-US"}, {"source": "http://feeds.bbci.co.uk/news/rss.xml", "title": "George Floyd death: Three Americans assess Derek Chauvin trial", "description": "A retired police veteran, a Minnesota resident and a black political hopeful share their thoughts.", "link": "https://www.bbc.co.uk/news/world-us-canada-56810262", "date_published": "2021-04-19 21:39:21+00:00", "persistent": false, "user": null, "language": "en-US"}, {"source": "http://feeds.bbci.co.uk/news/rss.xml", "title": "Coniston Beatrix Potter farm welcomes 'rare' triplet lambs", "description": "It is only the third time in 18 years that a ewe at Yew Tree farm has given birth to three young.", "link": "https://www.bbc.co.uk/news/uk-england-cumbria-56800852", "date_published": "2021-04-19 14:58:31+00:00", "persistent": false, "user": null, "language": "en-US"}, {"source": "http://feeds.bbci.co.uk/news/rss.xml", "title": "Fishmongers' Hall inquest: Witness thought terrorist Usman Khan was 'play-fighting'", "description": "Marc Conway describes coming face to face with terrorist Usman Khan at Fishmongers' Hall in London.", "link": "https://www.bbc.co.uk/news/uk-england-london-56802888", "date_published": "2021-04-19 12:20:41+00:00", "persistent": false, "user": null, "language": "en-US"}, {"source": "http://feeds.bbci.co.uk/news/rss.xml", "title": "England's 'big six' agree to join new European Super League", "description": "Arsenal, Chelsea, Liverpool, Manchester City, Manchester United and Tottenham are among 12 clubs who agree to join a new European Super League.", "link": "https://www.bbc.co.uk/sport/football/56795811", "date_published": "2021-04-19 12:20:29+00:00", "persistent": false, "user": null, "language": "en-US"}, {"source": "http://feeds.bbci.co.uk/news/rss.xml", "title": "Coronavirus: 'Only sensible' to cancel India trip says Johnson", "description": "The PM's visit has been cancelled amid concerns over rising Covid cases in the country.", "link": "https://www.bbc.co.uk/news/uk-politics-56800305", "date_published": "2021-04-19 12:10:08+00:00", "persistent": false, "user": null, "language": "en-US"}, {"source": "http://feeds.bbci.co.uk/news/rss.xml", "title": "The GRU: Blast puts spotlight on shadowy Russian force", "description": "The role of Russia's GRU agency in a fatal 2014 explosion raises questions about its capabilities.", "link": "https://www.bbc.co.uk/news/world-europe-56798784", "date_published": "2021-04-19 12:01:17+00:00", "persistent": false, "user": null, "language": "en-US"}, {"source": "http://feeds.bbci.co.uk/news/rss.xml", "title": "Harry Richford: East Kent NHS Trust pleads guilty over baby death", "description": "East Kent Hospitals Trust admits failings that came to light after family's campaign for \"justice\".", "link": "https://www.bbc.co.uk/news/uk-england-kent-56800977", "date_published": "2021-04-19 11:30:24+00:00", "persistent": false, "user": null, "language": "en-US"}, {"source": "http://feeds.bbci.co.uk/news/rss.xml", "title": "Amateur jockey Brooke dies in hospital after fall at Taunton", "description": "Amateur jockey Lorna Brooke dies in hospital after a fall during a race at Taunton earlier this month.", "link": "https://www.bbc.co.uk/sport/horse-racing/56798062", "date_published": "2021-04-19 11:29:13+00:00", "persistent": false, "user": null, "language": "en-US"}, {"source": "http://feeds.bbci.co.uk/news/rss.xml", "title": "HSBC boss Noel Quinn scraps executive floor at London HQ", "description": "Bank chief Noel Quinn says the \"new reality of life\" is people will not be in the office five days a week.", "link": "https://www.bbc.co.uk/news/business-56799720", "date_published": "2021-04-19 11:27:52+00:00", "persistent": false, "user": null, "language": "en-US"}, {"source": "http://feeds.bbci.co.uk/news/rss.xml", "title": "Mourinho sacked by Tottenham after 17 months in charge", "description": "Jose Mourinho is sacked by Tottenham Hotspur after just 17 months in charge.", "link": "https://www.bbc.co.uk/sport/football/56799400", "date_published": "2021-04-19 11:26:21+00:00", "persistent": false, "user": null, "language": "en-US"}, {"source": "http://feeds.bbci.co.uk/news/rss.xml", "title": "'I want everyone to feel rugby is for them' - Monye to chair new RFU advisory group", "description": "Former England wing Ugo Monye hopes that as chair of a new RFU advisory group he can help everyone feel rugby \"is a game for them\".", "link": "https://www.bbc.co.uk/sport/rugby-union/56709956", "date_published": "2021-04-19 11:10:38+00:00", "persistent": false, "user": null, "language": "en-US"}, {"source": "http://feeds.bbci.co.uk/news/rss.xml", "title": "Nasa successfully flies small helicopter on Mars", "description": "The Ingenuity drone completes the first powered, controlled flight by an aircraft on another world.", "link": "https://www.bbc.co.uk/news/science-environment-56799755", "date_published": "2021-04-19 10:53:35+00:00", "persistent": false, "user": null, "language": "en-US"}, {"source": "http://feeds.bbci.co.uk/news/rss.xml", "title": "European Super League a 'grotesque concept', says Villa chief executive Purslow", "description": "Aston Villa chief executive Christian Purslow says the European Super League would go against everything football stands for.", "link": "https://www.bbc.co.uk/sport/football/56800351", "date_published": "2021-04-19 10:53:23+00:00", "persistent": false, "user": null, "language": "en-US"}, {"source": "http://feeds.bbci.co.uk/news/rss.xml", "title": "Two men killed in Tesla car crash 'without driver' in seat", "description": "One victim was found in the front passenger seat and the other was in the back after the accident in Texas.", "link": "https://www.bbc.co.uk/news/technology-56799749", "date_published": "2021-04-19 10:23:44+00:00", "persistent": false, "user": null, "language": "en-US"}, {"source": "http://feeds.bbci.co.uk/news/rss.xml", "title": "Couple marry in hospital as son waits for transplant in Southampton", "description": "Two-year-old Romeo is unable to leave hospital because of his rare heart condition.", "link": "https://www.bbc.co.uk/news/uk-england-hampshire-56775006", "date_published": "2021-04-19 10:13:54+00:00", "persistent": false, "user": null, "language": "en-US"}, {"source": "http://feeds.bbci.co.uk/news/rss.xml", "title": "Young people to be reinfected with Covid for study", "description": "Scientists will see how the immune system copes second time round, by deliberately infecting volunteers.", "link": "https://www.bbc.co.uk/news/health-56799112", "date_published": "2021-04-19 10:06:14+00:00", "persistent": false, "user": null, "language": "en-US"}, {"source": "http://feeds.bbci.co.uk/news/rss.xml", "title": "AJ Tracey: Gig organisers fined \u00a310k for Covid rule breach in Manchester", "description": "Greater Manchester Police has warned of flouting restrictions after gathering in Platts Field Park.", "link": "https://www.bbc.co.uk/news/newsbeat-56799333", "date_published": "2021-04-19 08:22:46+00:00", "persistent": false, "user": null, "language": "en-US"}, {"source": "http://feeds.bbci.co.uk/news/rss.xml", "title": "Scottish election 2021: The voters the parties are vying to win over", "description": "We speak to five voters who have yet to make up their minds in the Scottish election.", "link": "https://www.bbc.co.uk/news/uk-scotland-56633340", "date_published": "2021-04-19 05:13:40+00:00", "persistent": false, "user": null, "language": "en-US"}, {"source": "http://feeds.bbci.co.uk/news/rss.xml", "title": "The Papers: Queen's 'loneliest birthday' and Super League fury", "description": "Many papers lead with the aftermath of Prince Philip's funeral and what the Royal Family does next.", "link": "https://www.bbc.co.uk/news/blogs-the-papers-56796272", "date_published": "2021-04-19 04:09:18+00:00", "persistent": false, "user": null, "language": "en-US"}, {"source": "http://feeds.bbci.co.uk/news/rss.xml", "title": "Election 2021: Why is turnout so low in one Hull ward?", "description": "People in a ward with one of the lowest election turnouts in England give their views on voting.", "link": "https://www.bbc.co.uk/news/uk-england-humber-56735787", "date_published": "2021-04-19 00:10:59+00:00", "persistent": false, "user": null, "language": "en-US"}, {"source": "http://feeds.bbci.co.uk/news/rss.xml", "title": "Northern Ireland: Did anyone warn about Brexit border checks?", "description": "Border checks have caused tension in Northern Ireland but were there warnings in the Brexit campaign?", "link": "https://www.bbc.co.uk/news/56763859", "date_published": "2021-04-19 00:03:41+00:00", "persistent": false, "user": null, "language": "en-US"}, {"source": "http://feeds.bbci.co.uk/news/rss.xml", "title": "Abba: Why the UK gave the Swedish band 'nul points' at Eurovision", "description": "Bj\u00f6rn Ulvaeus on the Swedish band's song contest win on British soil, and the future of streaming.", "link": "https://www.bbc.co.uk/news/entertainment-arts-56743279", "date_published": "2021-04-19 00:02:02+00:00", "persistent": false, "user": null, "language": "en-US"}]