[{"source": "https://www.youtube.com/feeds/videos.xml?channel_id=UCFQMnBA3CS502aghlcr0_aw", "title": "$600 Million Dollar Crypto Hack - POLYNETWORK Exploit!", "description": "DEFI is great until someone hacks you... then it kinda sucks...\n\nThe cybercriminals exploited a vulnerability in Poly Network, a platform that looks to connect different blockchains so that they can work together. Poly Network disclosed the attack Tuesday and asked to establish communication with the hackers, urging them to \u201creturn the hacked assets.\u201d [CNBC: https://www.cnbc.com/2021/08/11/cryptocurrency-theft-hackers-steal-600-million-in-poly-network-hack.html] \n\nFollow Coffeezilla: \n\u25ba Twitter: https://twitter.com/coffeebreak_YT\n\u25ba Instagram: https://www.instagram.com/coffeebreak_yt/\n\ud83c\udfb6 Music: https://www.youtube.com/watch?v=nMSQ1yoPT2c&list=PL4qw3AkxFDSNhEgawXD1j6r0iN1072XIB&index=1\nCredits: \n3D Artist: Ed Leszczynski https://www.instagram.com/ed_leszczynski/\nVideo Editor: Harry Bagg  https://twitter.com/HarryBagg96\n\nThis video is an opinion and in no way should be construed as statements of fact. Scams, bad business opportunities, and fake gurus are subjective terms that mean different things to different people. I think someone who promises $100K/month for an upfront fee of $2K is a scam. Others would call it a Napoleon Hill pitch.", "link": "https://www.youtube.com/watch?v=iB7hJA1Eo2I", "date_published": "2021-08-14 00:00:00+00:00", "persistent": false, "user": null, "language": "en-US"}, {"source": "https://www.youtube.com/feeds/videos.xml?channel_id=UCFQMnBA3CS502aghlcr0_aw", "title": "Kay's HORRIBLE Save The Kids Response In One Minute", "description": "Full response coming soon.\nFollow Coffeezilla: \n\u25ba Twitter: https://twitter.com/coffeebreak_YT\n\u25ba Instagram: https://www.instagram.com/coffeebreak_yt/\n\ud83c\udfb6 Music: https://www.youtube.com/watch?v=nMSQ1yoPT2c&list=PL4qw3AkxFDSNhEgawXD1j6r0iN1072XIB&index=1\nCredits: \n3D Artist: Ed Leszczynski https://www.instagram.com/ed_leszczynski/\nVideo Editor: Harry Bagg  https://twitter.com/HarryBagg96\n\nThis video is an opinion and in no way should be construed as statements of fact. Scams, bad business opportunities, and fake gurus are subjective terms that mean different things to different people. I think someone who promises $100K/month for an upfront fee of $2K is a scam. Others would call it a Napoleon Hill pitch.\n#ScamTheKids #SaveTheKay", "link": "https://www.youtube.com/watch?v=G7wwlZDTq4k", "date_published": "2021-08-14 00:00:00+00:00", "persistent": false, "user": null, "language": "en-US"}]