[{"source": "https://www.youtube.com/feeds/videos.xml?channel_id=UCNvzD7Z-g64bPXxGzaQaa4g", "title": "10 Copycat Games That Are Actually Good", "description": "Some games borrow ideas from others and it works out well. Here are our favorite examples.\nSubscribe for more: https://www.youtube.com/gameranxTV?sub_confirmation=1", "link": "https://www.youtube.com/watch?v=d9sXZv_yy1E", "date_published": "2021-08-15 00:00:00+00:00", "persistent": false, "user": null, "language": "en-US"}, {"source": "https://www.youtube.com/feeds/videos.xml?channel_id=UCNvzD7Z-g64bPXxGzaQaa4g", "title": "10 OVERPOWERED Guns That Had To Be REMOVED (Part 2)", "description": "Some video game weapons are just too much. Here are some more insanely OP guns that needed to be fixed, banned, or cut from games entirely. \nSubscribe for more: https://www.youtube.com/gameranxTV?sub_confirmation=1", "link": "https://www.youtube.com/watch?v=o0qoftK068E", "date_published": "2021-08-14 00:00:00+00:00", "persistent": false, "user": null, "language": "en-US"}]