[{"source": "https://www.youtube.com/feeds/videos.xml?channel_id=UC2eYFnH61tmytImy1mTYvhA", "title": "I installed OpenBSD. (Nothing serious)", "description": "Lincucks on sewerslide watch.\n\nI'm talking out loud here about my basic first impressions with installing and running basic commands on OpenBSD. I don't like the idea of the installer, but it worked well. Some familiar commands on GNU/Linux are lacking on BSD. Installing programs is pretty easy, but it'll probably be an issue to rebuild a familiar setup on OpenBSD. No ttys in the way I'm familiar with them and a bunch of little differences.\n\nMy website: https://lukesmith.xyz\nGet all my videos off YouTube: https://videos.lukesmith.xyz\nor Odysee: https://odysee.com/$/invite/@Luke:7\n\nPlease donate: https://donate.lukesmith.xyz\n\nOR affiliate links to things l use:\nhttps://www.vultr.com/?ref=8384069-6G Get a VPS and host a website or server for anything else.\nhttps://www.epik.com/?affid=we2ro7sa6 Get a cheap and reliable domain name with Epik.", "link": "https://www.youtube.com/watch?v=ieXax2u6_NY", "date_published": "2021-08-15 00:00:00+00:00", "persistent": false, "user": null, "language": "en-US"}, {"source": "https://www.youtube.com/feeds/videos.xml?channel_id=UC2eYFnH61tmytImy1mTYvhA", "title": "Why Most \"Serious\" Cryptos are Still Scammy", "description": "Most people in crypto are making vaporware for sick gains via buzzword smothering. Few projects actually are well-designed self-propelling incentive systems that can feasibly end up as underlying internet protocol.\n\n\"AUUUGH I'M GONNA BITCOOOOOOOIN\"\n\nMy website: https://lukesmith.xyz\nGet all my videos off YouTube: https://videos.lukesmith.xyz\nor Odysee: https://odysee.com/$/invite/@Luke:7\n\nPlease donate: https://donate.lukesmith.xyz\n\nOR affiliate links to things l use:\nhttps://www.vultr.com/?ref=8384069-6G Get a VPS and host a website or server for anything else.\nhttps://www.epik.com/?affid=we2ro7sa6 Get a cheap and reliable domain name with Epik.", "link": "https://www.youtube.com/watch?v=dHsxmoZWEw4", "date_published": "2021-08-14 00:00:00+00:00", "persistent": false, "user": null, "language": "en-US"}]