[{"source": "https://www.youtube.com/feeds/videos.xml?channel_id=UCFQMnBA3CS502aghlcr0_aw", "title": "Tai Lopez Launched a Crypto Coin \ud83d\ude02", "description": "Radioshack + Defi + Tai Lopez + Dressbarn = Success?\n\nFollow Coffeezilla: \n\u25ba Twitter: https://twitter.com/coffeebreak_YT\n\u25ba Instagram: https://www.instagram.com/coffeebreak_yt/\n\ud83c\udfb6 Music: https://www.youtube.com/watch?v=nMSQ1yoPT2c&list=PL4qw3AkxFDSNhEgawXD1j6r0iN1072XIB&index=1\nCredits: \n3D Artist: Ed Leszczynski https://www.instagram.com/ed_leszczynski/\nVideo Editor: Harry Bagg  https://twitter.com/HarryBagg96\n\nThis video is an opinion and in no way should be construed as statements of fact. Scams, bad business opportunities, and fake gurus are subjective terms that mean different things to different people. I think someone who promises $100K/month for an upfront fee of $2K is a scam. Others would call it a Napoleon Hill pitch.", "link": "https://www.youtube.com/watch?v=vANgMemKucQ", "date_published": "2021-12-23 00:00:00+00:00", "persistent": false, "user": null, "language": "en-US"}, {"source": "https://www.youtube.com/feeds/videos.xml?channel_id=UCFQMnBA3CS502aghlcr0_aw", "title": "Financial Advice That Aged Like Milk", "description": "DON'T SELL BEAR STEARNS!\nFollow Richard Coffin \"The Plain Bagel\"\nhttps://www.youtube.com/theplainbagel\n\nFollow Coffeezilla: \n\u25ba Twitter: https://twitter.com/coffeebreak_YT\n\u25ba Instagram: https://www.instagram.com/coffeebreak_yt/\n\ud83c\udfb6 Music: https://www.youtube.com/watch?v=nMSQ1yoPT2c&list=PL4qw3AkxFDSNhEgawXD1j6r0iN1072XIB&index=1\nCredits: \n3D Artist: Ed Leszczynski https://www.instagram.com/ed_leszczynski/\nVideo Editor: Harry Bagg  https://twitter.com/HarryBagg96\n\nThis video is an opinion and in no way should be construed as statements of fact. Scams, bad business opportunities, and fake gurus are subjective terms that mean different things to different people. I think someone who promises $100K/month for an upfront fee of $2K is a scam. Others would call it a Napoleon Hill pitch.", "link": "https://www.youtube.com/watch?v=gzh5FGtwQIk", "date_published": "2021-12-22 00:00:00+00:00", "persistent": false, "user": null, "language": "en-US"}]