[{"source": "https://www.youtube.com/feeds/videos.xml?channel_id=UCQSpnDG3YsFNf5-qHocF-WQ", "title": "My Anti-Spammer App Has Been UPGRADED (You Can Help Fight Too)", "description": "The App \u21e8 https://github.com/ThioJoe/YouTube-Spammer-Purge\nAPI Setup Tutorial Video \u21e8 https://www.youtube.com/watch?v=c6ebWvay8dE\n\u25bc Time Stamps: \u25bc\n0:00 - What's This Even About \ud83e\udd14\n1:51 - How YOU Can Help Report Spammers\n2:33 - Moderator Mode\n3:45 - Spread The Word\n4:11 - Download & First-Time Setup\n5:24 - Demo: Scanning Options Overview\n6:21 - Demo: The Config File\n8:05 - Demo: Other Options\n9:25  - Demo: Scanning Recent Videos\n10:01 - Demo: Filter Modes Overview\n11:25 - Demo: Scanning With Auto-Smart Mode\n12:36 - Demo: Scan Results\n14:06 - Demo: Reporting the Spammers\n15:07 - Demo: Recovery Mode\n16:22 - Demo: Sensitive Smart Mode\n17:01 - Demo: Exclude Feature\n17:27 - Demo: Removal Options\n18:15 - Demo: The Other Filtering Modes\n19:36 - Demo: ASCII and NUKE Mode\n\n\u25ac\u25ac\u25ac\u25ac\u25ac\u25ac\u25ac\u25ac\u25ac\u25ac\u25ac\u25ac\u25ac\u25ac\u25ac\u25ac\u25ac\u25ac\u25ac\u25ac\u25ac\u25ac\u25ac\u25ac\u25ac\u25ac\nMerch \u21e8 https://teespring.com/stores/thiojoe\n\u21e8 http://Instagram.com/ThioJoe\n\u21e8 http://Twitter.com/ThioJoe\n\u21e8 http://Facebook.com/ThioJoeTV\nMy Gear & Equipment \u21e8 https://kit.co/ThioJoe\n\u25ac\u25ac\u25ac\u25ac\u25ac\u25ac\u25ac\u25ac\u25ac\u25ac\u25ac\u25ac\u25ac\u25ac\u25ac\u25ac\u25ac\u25ac\u25ac\u25ac\u25ac\u25ac\u25ac\u25ac\u25ac\u25ac", "link": "https://www.youtube.com/watch?v=2tRppXW_aKo", "date_published": "2021-12-22 00:00:00+00:00", "persistent": false, "user": null, "language": "en-US"}]