[{"source": "https://www.youtube.com/feeds/videos.xml?channel_id=UCXuqSBlHAE6Xw-yeJA0Tunw", "title": "The Amazing Wooden PC", "description": "Thanks to SOLIDWORKS for sponsoring this project! Buy the SOLIDWORKS for Makers bundle (20% Off $99/yr): https://r1132100503382-eu1-my3dexperience.3dexperience.3ds.com/welcome/compass-world/3dexperience-collaborative-innovation/3d-sculptor/buy/offers/Influencer20\nLearn more about SOLIDWORKS for Makers: https://discover.solidworks.com/makers?utm_campaign=202112_glo_swks_LinusTechTips_en_XCMP1691&utm_medium=affiliate&utm_source=influencers&utm_content=yt&utm_term=linus\n\nHow difficult is designing and building a wooden PC?  Very difficult.\n\nCAD Files: https://drive.google.com/file/d/1KwbZqg3ajqLulkW-IDpFkF7Sc0CK70Vy/view?usp=sharing\n\nCheck out Wintergatan's YouTube channel: https://www.youtube.com/c/Wintergatan\n\nMusic:\n\"Marble Machine\" by Wintergatan\n\"Valentine\" by Wintergatan\n\"Paradis\" by Wintergatan\n\"Cyberbass Song\" by Wintergatan\n\"Music Machine Mondays Theme Song\" by Wintergatan\n\"Welding the Steel Frame\" by Wintergatan\nThese tracks can be downloaded for free at https://wintergatan.net/\nFree Licenses to use these tracks in your video can be downloaded at https://wintergatan.net/\n\nDiscuss on the forum: https://linustechtips.com/topic/1398166-the-amazing-wooden-pc/\n\n\u25ba GET MERCH: https://lttstore.com\n\u25ba AFFILIATES, SPONSORS & REFERRALS: https://lmg.gg/sponsors\n\u25ba PODCAST GEAR: https://lmg.gg/podcastgear\n\u25ba SUPPORT US ON FLOATPLANE: https://www.floatplane.com/\n\nFOLLOW US ELSEWHERE\n---------------------------------------------------  \nTwitter: https://twitter.com/linustech\nFacebook: http://www.facebook.com/LinusTech\nInstagram: https://www.instagram.com/linustech\nTikTok: https://www.tiktok.com/@linustech\nTwitch: https://www.twitch.tv/linustech\n\nMUSIC CREDIT\n---------------------------------------------------\nIntro: Laszlo - Supernova\nVideo Link: https://www.youtube.com/watch?v=PKfxmFU3lWY\niTunes Download Link: https://itunes.apple.com/us/album/supernova/id936805712\nArtist Link: https://soundcloud.com/laszlomusic\n\nOutro: Approaching Nirvana - Sugar High\nVideo Link: https://www.youtube.com/watch?v=ngsGBSCDwcI\nListen on Spotify: http://spoti.fi/UxWkUw\nArtist Link: http://www.youtube.com/approachingnirvana\n\nIntro animation by MBarek Abdelwassaa https://www.instagram.com/mbarek_abdel/\nMonitor And Keyboard by vadimmihalkevich / CC BY 4.0  https://geni.us/PgGWp\nMechanical RGB Keyboard by BigBrotherECE / CC BY 4.0 https://geni.us/mj6pHk4\nMouse Gamer free Model By Oscar Creativo / CC BY 4.0 https://geni.us/Ps3XfE\n\nCHAPTERS\n---------------------------------------------------  \n0:00 - The Challenge\n0:46 - LTT Intro\n0:55 - The Plan\n1:56 - Lasering is an Art\n3:13 - Putting the Workshop to use\n4:15 - Motherboard Install\n7:00 - GPU Install\n7:20 - PCIe Slot install feat. Angle Grinder\n10:22 - Nerds Woodworking\n13:13 - PC Build Resuming\n15:35 - Booting up the system\n17:17 - This was supposed to be a nice build montage but instead we only got half the things done and everything is terrible\n21:31 - The finishing touches\n22:36 - The water pump header on the board is good for 3A, so we connected the gears to that\n22:42 - Finishing touches cont.\n24:20 - Outro", "link": "https://www.youtube.com/watch?v=7J1lMn-Xr-s", "date_published": "2021-12-23 00:00:00+00:00", "persistent": false, "user": null, "language": "en-US"}, {"source": "https://www.youtube.com/feeds/videos.xml?channel_id=UCXuqSBlHAE6Xw-yeJA0Tunw", "title": "Don't Buy a Tesla... Buy This - Volvo XC40 Recharge EV Review", "description": "Visit https://www.squarespace.com/LTT and use offer code LTT for 10% off\n\nPersonalize your PC with Cablemod at https://lmg.gg/FWai3 \n\nVolvo's latest XC40 Recharge Electric vehicle has a new trick up its sleeve - Android Automotive, a full infotainment system from Google. Rather than designing the best way for your smartphone to integrate into the media system, Android Automotive can do practically everything without even needing to think about a phone - there's even a Play Store to download apps!\n\n\nBuy a Tilta Hydra Mounting System: https://geni.us/XHEjt\n\nPurchases made through some store links may provide some compensation to Linus Media Group.\n\nDiscuss on the forum: https://linustechtips.com/topic/1397946-this-car-is-basically-a-smartphone-volvo-xc40-recharge-ev-review/\n\n\u25baGET MERCH: http://www.LTTStore.com/\n\u25baSUPPORT US ON FLOATPLANE: https://www.floatplane.com/  \n\u25baLTX EXPO: https://www.ltxexpo.com/   \n\nAFFILIATES & REFERRALS\n---------------------------------------------------\n\u25baAffiliates, Sponsors & Referrals: https://lmg.gg/sponsors\n\u25baOur WAN Show & Podcast Gear: https://lmg.gg/podcastgear\n\u25baPrivate Internet Access VPN: https://lmg.gg/pialinus2\n\u25baOur Official Charging Partner Anker: https://lmg.gg/AnkerLTT\n\u25baSecretlabs Gaming Chairs: https://lmg.gg/SecretlabLTT\n\u25baMK Keyboards: https://lmg.gg/LyLtl\n\u25baNerd or Die Stream Overlays: https://lmg.gg/avLlO\n\u25baGreen Man Gaming https://lmg.gg/GMGLTT\n\u25baAmazon Prime: https://lmg.gg/8KV1v\n\u25baAudible Free Trial: https://lmg.gg/8242J\n\u25baOur Gear on Amazon: https://geni.us/OhmF\n\nFOLLOW US ELSEWHERE\n---------------------------------------------------  \nTwitter: https://twitter.com/linustech\nFacebook: http://www.facebook.com/LinusTech\nInstagram: https://www.instagram.com/linustech\nTwitch: https://www.twitch.tv/linustech\n\nFOLLOW OUR OTHER CHANNELS\n---------------------------------------------------  \nMac Address: https://lmg.gg/macaddress\nTechquickie: https://lmg.gg/techquickieyt\nTechLinked: https://lmg.gg/techlinkedyt\nShortCircuit: https://lmg.gg/shortcircuityt\n\nLMG Clips: https://lmg.gg/lmgclipsyt\nChannel Super Fun: https://lmg.gg/channelsuperfunyt\nThey're Just Movies: https://lmg.gg/TheyreJustMoviesYT\n\nMUSIC CREDIT\n---------------------------------------------------  \nTitle: Laszlo - Supernova\nVideo Link: https://www.youtube.com/watch?v=PKfxmFU3lWY\niTunes Download Link: https://itunes.apple.com/us/album/supernova/id936805712\nArtist Link: https://soundcloud.com/laszlomusic\n\nOutro Screen Music Credit: Approaching Nirvana - Sugar High http://www.youtube.com/approachingnirvana\n\nIntro animation by MBarek Abdelwassaa https://www.instagram.com/mbarek_abdel/\nMonitor And Keyboard by vadimmihalkevich / CC BY 4.0  https://geni.us/PgGWp\nMechanical RGB Keyboard by BigBrotherECE / CC BY 4.0 https://geni.us/mj6pHk4\nMouse Gamer free Model By Oscar Creativo / CC BY 4.0 https://geni.us/Ps3XfE\n\nCHAPTERS\n---------------------------------------------------  \n0:00 Intro\n1:02 lol, ford.\n1:35 exterior design, safety, and the \"furse\"\n2:24 interior\n2:40 straight rippin' it\n5:10 V10 goodness\n5:44 the BMW guys perspective\n8:45 the google goodness - android automotive\n10:50 what volvo ISN'T telling us\n10:18 driver assists / safety stuff\n11:45 safety equality\n12:25 how it stacks up to the Model Y & Taycan\n13:10 outro", "link": "https://www.youtube.com/watch?v=BMIfYprYFSI", "date_published": "2021-12-22 00:00:00+00:00", "persistent": false, "user": null, "language": "en-US"}]