[{"source": "https://www.youtube.com/feeds/videos.xml?channel_id=UC2_KC8lshtCyiLApy27raYw", "title": "NFTs are Pointless", "description": "Go to Squarespace.com for a free trial, and when you\u2019re ready to launch, go to http://www.squarespace.com/knowledgehub to save 10% off your first purchase of a website or domain.\n\nWow. A topic you all saw coming. And it's here. Congratulations. Good on you.\n\nTwitter: https://twitter.com/WhimsuTy\nSoundcloud: https://soundcloud.com/user-503704039\nPatreon: https://www.patreon.com/theknowledgehub", "link": "https://www.youtube.com/watch?v=_noey_NmZV0", "date_published": "2021-12-22 18:53:45+00:00", "persistent": false, "user": null, "language": "en-US"}]