[{"source": "https://www.youtube.com/feeds/videos.xml?channel_id=UCNvzD7Z-g64bPXxGzaQaa4g", "title": "Hitman 3 - Before You Buy", "description": "Hitman 3 (PC, PS5, PS4, Xbox, Stadia, Switch) is IO Interactive's latest assassin simulation in a trilogy. How is it? Let's dive in.\nSubscribe for more: https://www.youtube.com/gameranxTV?sub_confirmation=1\n\nBuy Hitman 3: https://amzn.to/3iutoMK\n\nWatch more 'Before You Buy': https://bit.ly/2kfdxI6", "link": "https://www.youtube.com/watch?v=7kjiGzT-sto", "date_published": "2021-01-20 00:00:00+00:00", "persistent": false, "user": null, "language": "en-US"}, {"source": "https://www.youtube.com/feeds/videos.xml?channel_id=UCNvzD7Z-g64bPXxGzaQaa4g", "title": "Will The Biggest Open World Space Game Ever Be Finished?", "description": "Star Citizen is one of the biggest crowd-funded game projects ever, but we still don't have our hands on the final version of the game. Let's take a look at why.\nSubscribe for more: https://www.youtube.com/gameranxTV?sub_confirmation=1", "link": "https://www.youtube.com/watch?v=l4mlspjuNqA", "date_published": "2021-01-20 00:00:00+00:00", "persistent": false, "user": null, "language": "en-US"}]