[{"source": "https://www.youtube.com/feeds/videos.xml?channel_id=UC4QZ_LsYcvcq7qOsOhpAX4A", "title": "Toyota Plans Revolutionary Solid State Battery for 2021", "description": "For your chance to win your own Tesla Model 3 and support a great cause, enter at http://home.omaze.com/fusion\nDiscord: https://discord.gg/r5VedvVq\n\n--- ColdFusion Social Media ---\n\u00bb Twitter | @ColdFusion_TV\n\u00bb Instagram | coldfusiontv\n\u00bb Facebook | https://www.facebook.com/ColdFusionTV\n\n--- About ColdFusion ---\nColdFusion is an Australian based online media company independently run by Dagogo Altraide since 2009. Topics cover anything in science, technology, history and business in a calm and relaxed environment. \n\nColdFusion Merch:\nINTERNATIONAL: https://store.coldfusioncollective.com/\nAUSTRALIA: https://shop.coldfusioncollective.com/\n\nIf you enjoy my content, please consider subscribing!\nI'm also on Patreon: https://www.patreon.com/ColdFusion_TV\nBitcoin address: 13SjyCXPB9o3iN4LitYQ2wYKeqYTShPub8\n\n--- \"New Thinking\" written by Dagogo Altraide ---\nThis book was rated the 9th best technology history book by book authority.\nIn the book you\u2019ll learn the stories of those who invented the things we use everyday and how it all fits together to form our modern world.\nGet the book on Amazon: http://bit.ly/NewThinkingbook\nGet the book on Google Play: http://bit.ly/NewThinkingGooglePlay\nhttps://newthinkingbook.squarespace.com/about/\n\nSources:\n\nhttps://asia.nikkei.com/Business/Technology/Toyota-s-game-changing-solid-state-battery-en-route-for-2021-debut\n\nhttps://www.researchgate.net/post/What_are_the_biggest_challenges_for_solid-state_batteries\n\nhttps://www.electrive.com/2020/12/07/145160/\n\nhttps://www.wired.com/story/quantumscape-solid-state-battery/\n\nhttps://insideevs.com/news/460244/toyota-solid-state-battery-detailed/\n\n\n//Soundtrack//\n\nLast track: Burn Water - Hold On. \n\nRest coming soon\n\n\u00bb Music I produce | http://burnwater.bandcamp.com or \n\u00bb http://www.soundcloud.com/burnwater\n\u00bb https://www.patreon.com/ColdFusion_TV\n\u00bb Collection of music used in videos: https://www.youtube.com/watch?v=YOrJJKW31OA\n\nProducer: Dagogo Altraid", "link": "https://www.youtube.com/watch?v=G01xv1RyRVw", "date_published": "2021-01-27 00:00:00+00:00", "persistent": false, "user": null, "language": "en-US"}]