[{"source": "https://www.youtube.com/feeds/videos.xml?channel_id=UCwUizOU8pPWXdXNniXypQEQ", "title": "Dictator Newsom Ends California Lockdown!?! What You Need To Know", "description": "Check out BLUblox, my favorite evidence based blue light glasses: https://www.blublox.com/jp\nTo get 15% off, use the discount code: JP\n\nTake a stand against censorship. Join my Awakened Warriors Email List - https://awakenwithjp.com/joinme\n\nCalifornia dictator Gavin Newsom in California lockdowns! What do you need to know about the great governor\u2019s decision to end the lockdowns? Obviously it\u2019s 100% in the peoples best interest and nothing to do with his political game. You can trust us on that.\n\n*For Comedy Show schedule and tickets: https://awakenwithjp.com/events/\n-My NEW Awakened Shirts are available! Claim yours here: https://awakenwithjp.com/shop\n\nListen and Subscribe to my NEW Podcast here: \nhttps://apple.co/3fFTbPC\nIt's also available everywhere else you get podcasts. Just search and subscribe to \"Awaken With JP Sears Show\"\n\nConnect with me at: \nhttp://www.facebook.com/AwakenWithJP\nhttp://www.Instagram.com/AwakenWithJP\nhttp://www.twitter.com/AwakenWithJP\nhttps://mewe.com/p/awakenwithjp\nhttps://parler.com/profile/AwakenWithJP\nhttp://www.AwakenWithJP.com", "link": "https://www.youtube.com/watch?v=WZzufBXVa-0", "date_published": "2021-01-27 00:00:00+00:00", "persistent": false, "user": null, "language": "en-US"}, {"source": "https://www.youtube.com/feeds/videos.xml?channel_id=UCwUizOU8pPWXdXNniXypQEQ", "title": "When Cancel Culture Cancels Everything", "description": "Grab your Sleep Remedy Here - https://docparsley.com/jp\n\nTake a stand against censorship. Join my Awakened Warriors Email List - https://awakenwithjp.com/joinme\n\nHere\u2019s what it will be like when cancel culture cancels everything! Society will be better when everything is canceled by cancel culture, including culture. \n\n*For Comedy Show schedule and tickets: https://awakenwithjp.com/events/\n-My NEW Awakened Shirts are available! Claim yours here: https://awakenwithjp.com/shop\n\nListen and Subscribe to my NEW Podcast here: \nhttps://apple.co/3fFTbPC\nIt's also available everywhere else you get podcasts. Just search and subscribe to \"Awaken With JP Sears Show\"\n\nConnect with me at: \nhttp://www.facebook.com/AwakenWithJP\nhttp://www.Instagram.com/AwakenWithJP\nhttp://www.twitter.com/AwakenWithJP\nhttps://mewe.com/p/awakenwithjp\nhttps://parler.com/profile/AwakenWithJP\nhttp://www.AwakenWithJP.com", "link": "https://www.youtube.com/watch?v=_sKX2Gk7eFY", "date_published": "2021-01-26 00:00:00+00:00", "persistent": false, "user": null, "language": "en-US"}]