[{"source": "https://www.youtube.com/feeds/videos.xml?channel_id=UCXuqSBlHAE6Xw-yeJA0Tunw", "title": "Let's Build a Bang-for-the-Buck AMD Gaming PC!!", "description": "Get a Free 32GB Flash Drive and 32GB Micro SD Card at Micro Center: https://rebrand.ly/v54ch\n\nGet the best prices and best selection on PC hardware at Micro Center: https://rebrand.ly/4jjez\n\nCheck out the Micro Center Custom PC Builder (This PC): https://rebrand.ly/kk65g\n\nMicro Center Custom Builds Service: https://micro.center/706bb\n\nBuild Parts:\n\nAMD Ryzen 3 3100: https://rebrand.ly/bjmg8\n\nGigabyte A520M DS3H AMD AM4 mATX Motherboard: https://rebrand.ly/m4tjh\n\nMSI Radeon RX 5700 XT Gaming X: https://rebrand.ly/5dzrm\n\nAlternative GPU Options: https://rebrand.ly/ev7l5\n\nG.Skill Trident Z RGB 16GB (2 x 8GB) DDR4-3200: https://rebrand.ly/u0erd\n\nInland Platinum 1TB SSD: https://rebrand.ly/b3pmf\n\nNZXT C750 80 Plus Gold ATX Fully Modular Power Supply: https://rebrand.ly/ywyfz\n\nNZXT H510 Tempered Glass Mid-Tower Computer Case: https://rebrand.ly/16djs", "link": "https://www.youtube.com/watch?v=emlRd643NVI", "date_published": "2021-01-27 00:00:00+00:00", "persistent": false, "user": null, "language": "en-US"}, {"source": "https://www.youtube.com/feeds/videos.xml?channel_id=UCXuqSBlHAE6Xw-yeJA0Tunw", "title": "RTX 3080 Mobile is\u2026 Complicated", "description": "Thanks to Gigabyte for sponsoring this video!\nCheck out the AERO 15 OLED XC at: https://www.newegg.com/product/34-233-374\n\nCheck out the AORUS 15G YC at: https://www.newegg.com/product/34-725-124\n\nNvidia's new RTX 3080 mobile GPU is the fastest you can get in a laptop, but Nvidia's marketing team hasn't made it easy for consumers to tell how fast each laptop will actually be.\n\nDiscuss on the forum: https://linustechtips.com/topic/1298608-rtx-3080-mobile-is%E2%80%A6-complicated/\n\n\n\u25baGET MERCH: http://www.LTTStore.com/\n\u25baSUPPORT US ON FLOATPLANE: https://www.floatplane.com/  \n\u25baLTX EXPO: https://www.ltxexpo.com/   \n\nAFFILIATES & REFERRALS\n---------------------------------------------------\n\u25baAffiliates, Sponsors & Referrals: https://lmg.gg/sponsors\n\u25baCheck out our podcast gear: https://kit.co/linustechtips/lmg-podcast-gear\n\u25baPrivate Internet Access VPN: https://lmg.gg/pialinus2\n\u25baOur Official Charging Partner Anker: https://lmg.gg/AnkerLTT\n\u25baMK Keyboards: https://lmg.gg/LyLtl\n\u25baNerd or Die Stream Overlays: https://lmg.gg/avLlO\n\u25baNEEDforSEAT Gaming Chairs: https://lmg.gg/DJQYb\n\u25baDisplate Metal Prints: https://lmg.gg/displateltt\n\u25baOfficial Game Store: https://www.nexus.gg/ltt\n\u25baEpic Games Store (LINUSMEDIAGROUP): https://lmg.gg/kRTpY\n\u25baAmazon Prime: https://lmg.gg/8KV1v\n\u25baAudible Free Trial: https://lmg.gg/8242J\n\u25baStreamlabs Prime: https://geni.us/cOHCiHh\n\u25baOur Gear on Amazon: https://geni.us/OhmF\n\nFOLLOW US ELSEWHERE\n---------------------------------------------------  \nTwitter: https://twitter.com/linustech\nFacebook: http://www.facebook.com/LinusTech\nInstagram: https://www.instagram.com/linustech\nTwitch: https://www.twitch.tv/linustech\n\nFOLLOW OUR OTHER CHANNELS\n---------------------------------------------------  \nTechquickie: https://lmg.gg/techquickieyt\nTechLinked: https://lmg.gg/techlinkedyt\nShortCircuit: https://lmg.gg/shortcircuityt\n\nLMG Clips: https://lmg.gg/lmgclipsyt\nChannel Super Fun: https://lmg.gg/channelsuperfunyt\nCarpool Critics: https://lmg.gg/carpoolcriticsyt\n\nMUSIC CREDIT\n---------------------------------------------------  \nTitle: Laszlo - Supernova\nVideo Link: https://www.youtube.com/watch?v=PKfxmFU3lWY\niTunes Download Link: https://itunes.apple.com/us/album/supernova/id936805712\nArtist Link: https://soundcloud.com/laszlomusic\n\nOutro Screen Music Credit: Approaching Nirvana - Sugar High http://www.youtube.com/approachingnirvana\n\nMonitor And Keyboard by vadimmihalkevich / CC BY 4.0  https://geni.us/PgGWp\nMechanical RGB Keyboard by BigBrotherECE / CC BY 4.0 https://geni.us/mj6pHk4\nMouse Gamer free Model By Oscar Creativo / CC BY 4.0 https://geni.us/Ps3XfE", "link": "https://www.youtube.com/watch?v=z9fk9d6pry4", "date_published": "2021-01-26 00:00:00+00:00", "persistent": false, "user": null, "language": "en-US"}]