[{"source": "https://www.youtube.com/feeds/videos.xml?channel_id=UCswH8ovgUp5Bdg-0_JTYFNw", "title": "\u201cThe real pandemic\u201d - who benefits from our breakdown?", "description": "Elites are taking over! Our only hope is to form our own. To learn more join my cartel here https://www.russellbrand.com/join/ and get weekly bulletins too incendiary for anything but your private inbox.\n*not a euphemism\n\nMy Audible Original, \u2018Revelation', is released on 25 March\nUS: http://adbl.co/revelation\nUK: http://adbl.co/revelationuk\nAU: http://adbl.co/revelationau\nCA: http://adbl.co/revelationca\n\nThe Coronavirus crisis poses the greatest threat to mental health since the second world war. But whilst mental health trusts continue to receive funding cuts, billionaires - who benefit from government wealth-friendly tax laws and loopholes - have enjoyed record profits. \n\nListen to my Under The Skin podcast here: \nhttp://luminary.link/russell\n\nSubscribe to my channel here: http://tinyurl.com/opragcg\n(make sure to hit the BELL icon to be notified of new videos!)\n\nGet my book \"Recovery\" here: https://amzn.to/2R7c810\nGet my book \"Mentors\" here (and as an audiobook!): https://amzn.to/2t0Zu9U\n\nInstagram: http://instagram.com/russellbrand/\nTwitter: http://twitter.com/rustyrockets\n\nProduced by Gareth Roy", "link": "https://www.youtube.com/watch?v=f-ZaBPnGJVY", "date_published": "2021-01-27 00:00:00+00:00", "persistent": false, "user": null, "language": "en-US"}, {"source": "https://www.youtube.com/feeds/videos.xml?channel_id=UCswH8ovgUp5Bdg-0_JTYFNw", "title": "Releasing Pain from the Body...", "description": "Elites are taking over! Our only hope is to form our own. To learn more join my cartel here https://www.russellbrand.com/join/ and get weekly bulletins too incendiary for anything but your private inbox.\n*not a euphemism\n\nMy Audible Original, \u2018Revelation', is released on 25 March\nUS: http://adbl.co/revelation\nUK: http://adbl.co/revelationuk\nAU: http://adbl.co/revelationau\nCA: http://adbl.co/revelationca\n\nA clip from my Under The Skin podcast with Nick Ortner.\nNick is CEO of The Tapping Solution and creator of the Tapping Solution app, books and events. Tapping is a natural healing method also known as Emotional Freedom Techniques. It is a healing modality that combines ancient Chinese acupressure and modern psychology\n\nYou can listen to the rest of this podcast and all of my podcasts on Luminary:\nhttp://luminary.link/russell\n\nYou can download the Tapping Solution app for free in the app store or Google Play - Nick has offered Under The Skin listeners 50% off the premium version - go to thetappingsolution.com/russell\n\nInstagram: http://instagram.com/russellbrand/\nTwitter: http://twitter.com/rustyrockets\n\nProduced by Jenny May Finn (Instagram: @jennymayfinn)", "link": "https://www.youtube.com/watch?v=h3REs7M7PuY", "date_published": "2021-01-26 00:00:00+00:00", "persistent": false, "user": null, "language": "en-US"}]