[{"source": "https://www.youtube.com/feeds/videos.xml?channel_id=UCXuqSBlHAE6Xw-yeJA0Tunw", "title": "PC Specs Are Officially Meaningless - Corsair One a200", "description": "Receive a $25 credit for Ting Mobile today when you sign up at https://linus.ting.com/\n\nUse code LINUS and get 25% off GlassWire at https://lmg.gg/glasswire\n\nWe got the new Corsair One a200 with an AMD Ryzen 9 5900x and an NVIDIA RTX 3080, but can this small form factor case handle the heat from these powerful components?\n\nCheck out the CORSAIR ONE a200 PC at https://lmg.gg/gOvN1\n\nBuy MSI MEG X570 GODLIKE\nOn Amazon (PAID LINK): https://geni.us/IVVPpR\nOn Newegg (PAID LINK): https://geni.us/6ZSPtej\n\nBuy ASUS TUF Gaming 3080 OC GPU\nOn Amazon (PAID LINK): https://geni.us/sv2h\nOn Newegg (PAID LINK): https://geni.us/TCgU\n\nBuy Phanteks Eclipse P500a Case\nOn Amazon (PAID LINK): https://geni.us/un4LDd\nOn Newegg (PAID LINK): https://geni.us/EABpGSE\n\nPurchases made through some store links may provide some compensation to Linus Media Group.\n\nDiscuss on the forum: https://linustechtips.com/topic/1353495-pc-specs-are-officially-meaningless-corsair-one-a200/\n\n\n\u25baGET MERCH: http://www.LTTStore.com/\n\u25baSUPPORT US ON FLOATPLANE: https://www.floatplane.com/  \n\u25baLTX EXPO: https://www.ltxexpo.com/   \n\nAFFILIATES & REFERRALS\n---------------------------------------------------\n\u25baAffiliates, Sponsors & Referrals: https://lmg.gg/sponsors\n\u25baCheck out our podcast gear: https://kit.co/linustechtips/lmg-podcast-gear\n\u25baPrivate Internet Access VPN: https://lmg.gg/pialinus2\n\u25baOur Official Charging Partner Anker: https://lmg.gg/AnkerLTT\n\u25baMK Keyboards: https://lmg.gg/LyLtl\n\u25baNerd or Die Stream Overlays: https://lmg.gg/avLlO\n\u25baOfficial Game Store: https://www.nexus.gg/ltt\n\u25baAmazon Prime: https://lmg.gg/8KV1v\n\u25baAudible Free Trial: https://lmg.gg/8242J\n\u25baOur Gear on Amazon: https://geni.us/OhmF\n\nFOLLOW US ELSEWHERE\n---------------------------------------------------  \nTwitter: https://twitter.com/linustech\nFacebook: http://www.facebook.com/LinusTech\nInstagram: https://www.instagram.com/linustech\nTwitch: https://www.twitch.tv/linustech\n\nFOLLOW OUR OTHER CHANNELS\n---------------------------------------------------  \nMac Address: https://lmg.gg/macaddress\nTechquickie: https://lmg.gg/techquickieyt\nTechLinked: https://lmg.gg/techlinkedyt\nShortCircuit: https://lmg.gg/shortcircuityt\n\nLMG Clips: https://lmg.gg/lmgclipsyt\nChannel Super Fun: https://lmg.gg/channelsuperfunyt\nCarpool Critics: https://lmg.gg/carpoolcriticsyt\n\nMUSIC CREDIT\n---------------------------------------------------  \nTitle: Laszlo - Supernova\nVideo Link: https://www.youtube.com/watch?v=PKfxmFU3lWY\niTunes Download Link: https://itunes.apple.com/us/album/supernova/id936805712\nArtist Link: https://soundcloud.com/laszlomusic\n\nOutro Screen Music Credit: Approaching Nirvana - Sugar High http://www.youtube.com/approachingnirvana\n\nMonitor And Keyboard by vadimmihalkevich / CC BY 4.0  https://geni.us/PgGWp\nMechanical RGB Keyboard by BigBrotherECE / CC BY 4.0 https://geni.us/mj6pHk4\nMouse Gamer free Model By Oscar Creativo / CC BY 4.0 https://geni.us/Ps3XfE\n\nCHAPTERS\n---------------------------------------------------  \n0:00 Intro\n0:55 Corsair One a200 Specs\n2:00 CPU Issues\n3:28 Corsair Clone\n4:54 GPU\n6:05 Fatal Flaw\n8:00 Cinebench\n9:23 Other Possibilities\n10:20 Conclusion\n11:53 Outro", "link": "https://www.youtube.com/watch?v=ytSByaMvGeA", "date_published": "2021-07-04 00:00:00+00:00", "persistent": false, "user": null, "language": "en-US"}, {"source": "https://www.youtube.com/feeds/videos.xml?channel_id=UCXuqSBlHAE6Xw-yeJA0Tunw", "title": "3nm CPUs Are Coming! - WAN Show July 2, 2021", "description": "Start your build today at https://www.buildredux.com/linus\n\nHoney automatically applies the best coupon codes to save you money at \ndifferent online checkouts, try it now at https://www.joinhoney.com/linus\n\nSave 10% at Ridge Wallet with offer code WAN at https://www.ridge.com/WAN \n\nPodcast Download: https://anchor.fm/thewanshowpodcast/episodes/3nm-CPUs-Are-Coming----WAN-Show-July-2--2021-e1414b9\n\nCheck out our other Podcasts:\nCarpool Critics Movie Podcast: https://www.youtube.com/channel/UCt-oJR5teQIjOAxCmIQvcgA\n\nTimestamps (Courtesy of dashnog)\n0:00 Introducing topics, roll intro, sponsors\n1:54 Windows 11 CPU & TPM requirements\n     - 15:14 Microsoft claims using TPM and secure boot report 60% less malware.\n     - 16:18 Anybody who runs PCIe 4 will have TPM 2.0.\n     - 17:54 TPM is a nightmare for repairs.\n     - 21:08 Win 11 minimum requirements can make software optimizations easier.\n22:26 Why should people backup their data?\n     - 31:42 Dropbox can't read/doesn't own user's data because it's encrypted.\n33:38 Sponsor break\n35:36 Linus' new house\n48:16 Former Microsoft employee stole $10M in Xbox Gift Cards\n50:50 Intel & Apple are the first to 3nm CPUs in late 2022. \n52:58 Superchats & outro", "link": "https://www.youtube.com/watch?v=NCYNftA4EYM", "date_published": "2021-07-03 00:00:00+00:00", "persistent": false, "user": null, "language": "en-US"}, {"source": "https://www.youtube.com/feeds/videos.xml?channel_id=UCXuqSBlHAE6Xw-yeJA0Tunw", "title": "NVIDIA Killed Their Own Premium Products - Can we tell if DLSS 2.0 is on?", "description": "Thanks to LG for sponsoring this video! Get more information on the LG OLED TV G1 at https://bit.ly/Linus_LGOLEDTV_YT\n\nNVIDIA has made some massive improvements to DLSS with the 2.0 overhaul and subsequent updates, but can our staff still tell if it's turned on or not?\n\nDiscuss on the forum: https://linustechtips.com/topic/1353268-nvidia-killed-their-own-products-sponsored/\n\n\n\u25baGET MERCH: http://www.LTTStore.com/\n\u25baSUPPORT US ON FLOATPLANE: https://www.floatplane.com/  \n\u25baLTX EXPO: https://www.ltxexpo.com/   \n\nAFFILIATES & REFERRALS\n---------------------------------------------------\n\u25baAffiliates, Sponsors & Referrals: https://lmg.gg/sponsors\n\u25baCheck out our podcast gear: https://kit.co/linustechtips/lmg-podcast-gear\n\u25baPrivate Internet Access VPN: https://lmg.gg/pialinus2\n\u25baOur Official Charging Partner Anker: https://lmg.gg/AnkerLTT\n\u25baMK Keyboards: https://lmg.gg/LyLtl\n\u25baNerd or Die Stream Overlays: https://lmg.gg/avLlO\n\u25baOfficial Game Store: https://www.nexus.gg/ltt\n\u25baAmazon Prime: https://lmg.gg/8KV1v\n\u25baAudible Free Trial: https://lmg.gg/8242J\n\u25baOur Gear on Amazon: https://geni.us/OhmF\n\nFOLLOW US ELSEWHERE\n---------------------------------------------------  \nTwitter: https://twitter.com/linustech\nFacebook: http://www.facebook.com/LinusTech\nInstagram: https://www.instagram.com/linustech\nTwitch: https://www.twitch.tv/linustech\n\nFOLLOW OUR OTHER CHANNELS\n---------------------------------------------------  \nMac Address: https://lmg.gg/macaddress\nTechquickie: https://lmg.gg/techquickieyt\nTechLinked: https://lmg.gg/techlinkedyt\nShortCircuit: https://lmg.gg/shortcircuityt\n\nLMG Clips: https://lmg.gg/lmgclipsyt\nChannel Super Fun: https://lmg.gg/channelsuperfunyt\nCarpool Critics: https://lmg.gg/carpoolcriticsyt\n\nMUSIC CREDIT\n---------------------------------------------------  \nTitle: Laszlo - Supernova\nVideo Link: https://www.youtube.com/watch?v=PKfxmFU3lWY\niTunes Download Link: https://itunes.apple.com/us/album/supernova/id936805712\nArtist Link: https://soundcloud.com/laszlomusic\n\nOutro Screen Music Credit: Approaching Nirvana - Sugar High http://www.youtube.com/approachingnirvana\n\nMonitor And Keyboard by vadimmihalkevich / CC BY 4.0  https://geni.us/PgGWp\nMechanical RGB Keyboard by BigBrotherECE / CC BY 4.0 https://geni.us/mj6pHk4\nMouse Gamer free Model By Oscar Creativo / CC BY 4.0 https://geni.us/Ps3XfE\n\nCHAPTERS\n---------------------------------------------------  \n0:00 Intro\n1:10 Premium GPU Benefits\n2:10 DLSS Explanation\n2:57 The Test\n4:05 Anthony Analysis\n5:10 Results\n5:55 DLSS 2.0\n6:44 LDAT Analysis\n7:28 Performance Improvements\n9:00 LG G1 OLED\n9:55 Outro", "link": "https://www.youtube.com/watch?v=_s9EFWjM6bg", "date_published": "2021-07-03 00:00:00+00:00", "persistent": false, "user": null, "language": "en-US"}]