[{"source": "https://www.youtube.com/feeds/videos.xml?channel_id=UCNvzD7Z-g64bPXxGzaQaa4g", "title": "Top 20 NEW Upcoming Games of 2021 [Second Half]", "description": "2021 is filled with games releasing on PC, PS5, PS4, Xbox Series X/S/One, Nintendo Switch, and more. Here's some stuff to look forward to.\nSubscribe for more: https://www.youtube.com/gameranxTV?sub_confirmation=1\n\n20 Tales of Arise\n\nPlatform : PS5 PS4 PC XBOX ONE XSX|S \n\nRelease Date : September 10, 2021 \n\n\n\n19 Aliens: Fireteam Elite \n\nPlatform : PC PS4 PS5 XBOX ONE XSX|S \n\nRelease Date : August 24 2021 \n\n\n\n18 Monster Hunter Stories 2: Wings of Ruin \n\nPlatform : PC SWITCH \n\nRelease Date : July 9, 2021 \n\n\n\n17 Metroid Dread \n\nPlatform : Switch \n\nRelease Date : October 8, 2021\n\n\n\n16 Samurai Warriors 5 \n\nPlatform : SWITCH PC PS4 XBOX ONE \n\nRelease Date : July 27, 2021 \n\n\n\n15 Little Devil Inside \n\nPlatform : PC PS4 PS5 XBOX ONE XSX|S \n\nRelease Date : July 2021 \n\n\n\n14 No More Heroes III\n\nPlatform : Switch \n\nRelease Date : August 27, 2021 \n\n\n\n13 Psychonauts 2 \n\nPlatform : PC PS4 XBOX ONE XSX|S Linux \n\nRelease Date : August 25, 2021 \n\n\n\n12 Kena: Bridge of Spirits \n\nPlatform : PC PS4 PS5 \n\nRelease Date : August 24, 2021 \n\n\n\n11 Rainbow Six Extraction\n\nPlatform : PC PS4 PS5 XSX|S XBOX ONE LUNA GOOGLE STADIA \n\nRelease Date : September 16, 2021 \n\n\n\n10 Ghostwire: Tokyo \n\nPlatform : PC PS5 October 2021 \n\nRelease Date : XSX|S Q4 2022\n\n\n9 Forza Horizon 5 \n\nPlatform : PC XSX|S XBOX ONE \n\nRelease Date : November 9 2021 \n\n\n\n8 Age of Empires IV \n\nPlatform : PC Xbox Cloud Gaming \n\nRelease Date : October 28, 2021 \n\n\n\n7 Deathloop\n\nPlatform : PC PS5 \n\nRelease Date : September 14, 2021 \n\n\n\n6 Battlefield 2042 \n\nPlatform : XBOX ONE XSX|S PC PS4 PS5 \n\nRelease Date : October 22, 2021 \n\n\n\n5 Halo Infinite \n\nPlatform : PC XSX|S XBOX ONE\n\nRelease Date : Q4 2021 \n\n\n\n4 Back 4 Blood \n\nPlatform : PC PS4 PS5 XSX|S XBOX ONE \n\nRelease Date : October 12, 2021 \n\n\n\n3 Far Cry 6  \n\nPlatform : PC PS4 PS5 XBOX ONE XSX|S Amazon Luna Stadia \n\nRelease Date : October 7, 2021 \n\n\n\n2 Guardians of the Galaxy \n\nPlatform : PC PS4 PS5 XBOX ONE XSX|S Switch \n\nRelease Date : October 26, 2021 \n\n\n\n1 Dying Light 2 Stay Human \n\nPlatform : PC PS5 PS4 XBOX ONE XSX|S \n\nRelease Date : December 7, 2021 \n\n\n\nBONUS\n\nChernobylite \n\nPlatform : PC PS5 PS4 XBOX ONE XSX|S \n\nRelease Date : July 2021\n\n\n\nThe Ascent \n\nPlatform : XSX|S PC XBOX ONE \n\nRelease Date : July 29, 2021\n\n\n\nThe Legend of Zelda: Skyward Sword HD \n\nPlatform : Switch \n\nRelease Date : July 16, 2021 \n\n\n\nGrand Theft Auto V - ps5 series x \n\nPlatform : XSX|S PS5 \n\nRelease Date : November 11, 2021\n\nPok\u00e9mon Brilliant Diamond and Shining Pearl \n\nPlatform : Switch \n\nRelease Date : November 19, 2021", "link": "https://www.youtube.com/watch?v=SNUur2qV1pE", "date_published": "2021-07-04 00:00:00+00:00", "persistent": false, "user": null, "language": "en-US"}, {"source": "https://www.youtube.com/feeds/videos.xml?channel_id=UCNvzD7Z-g64bPXxGzaQaa4g", "title": "10 Most EVIL CHOICES You Can Make in Video Games", "description": "Some video games give you the option to do some truly terrible things. Here are our favorite evil examples.\nSubscribe for more: https://www.youtube.com/gameranxTV?sub_confirmation=1\n\nCredit:\nhttps://www.reddit.com/r/Fallout/comments/nspons/one_of_the_most_evil_things_you_can_do_in_new/", "link": "https://www.youtube.com/watch?v=Ce2vjqNpsaQ", "date_published": "2021-07-03 00:00:00+00:00", "persistent": false, "user": null, "language": "en-US"}]