[{"source": "https://www.youtube.com/feeds/videos.xml?channel_id=UCme4ZOv65uzGADXuvtHkSvA", "title": "Ksi\u0119ga Wyj\u015bcia || Rozdzia\u0142 18", "description": "Przeczytajmy razem ca\u0142e Pismo \u015awi\u0119te! Od 1 pa\u017adziernika 2020 czytamy Pismo \u015awi\u0119te, codziennie 1 rozdzia\u0142 \u017cyciodajnego S\u0141OWA BOGA.\nWykorzystano Najnowszy przek\u0142ad Pisma \u015awi\u0119tego z komentarzem opracowany przez Zesp\u00f3\u0142 Biblist\u00f3w Polskich z inicjatywy Towarzystwa \u015awi\u0119tego Paw\u0142a (Edycja \u015awi\u0119tego Paw\u0142a). Pierwszy przek\u0142ad w trzecim tysi\u0105cleciu.\n________________________________________\nAby nas wesprze\u0107 kliknij tu \n\u2192 https://patronite.pl/langustanapalmie\n\u2192 http://bit.ly/Subskrybuj_Languste\n\n\u2661 Historie pot\u0142uczone\nAnchor \u2192 https://anchor.fm/langusta-na-palmie\nSpreaker \u2192 https://www.spreaker.com/show/historie-potluczone\nSpotify \u2192 https://spoti.fi/2NVIRHb\nApple \u2192 https://apple.co/2ZIPQZv\nGoogle Podcasts \u2192 https://bit.ly/2OlBWH\n\n\u2661  Pismo \u015awi\u0119te: \nAnchor \u2192 https://anchor.fm/langusta-na-palmie\nSpreaker \u2192 https://www.spreaker.com/show/przeczytaj-pismo-swiete-z-langusta\nSpotify \u2192  https://spoti.fi/34nZwLr\nApple \u2192  https://apple.co/33zdwCV\nGoogle Podcasts \u2192 https://bit.ly/3nmaZUc\n\nStrona z kalendarzem o. Adama: \n\u2192 http://www.langustanapalmie.pl\nMo\u017cna nas r\u00f3wnie\u017c znale\u017a\u0107 na Facebooku: \n\u2192 https://www.facebook.com/LangustaNaPalmie\nTwitterze: \n\u2192 https://twitter.com/LangustaPalmowa\nInstagramie: \n\u2192 https://www.instagram.com/langustanapalmie/\n\nZapraszamy.", "link": "https://www.youtube.com/watch?v=KU_3JVoPdIc", "date_published": "2021-07-04 00:00:00+00:00", "persistent": false, "user": null, "language": "pl-PL"}, {"source": "https://www.youtube.com/feeds/videos.xml?channel_id=UCme4ZOv65uzGADXuvtHkSvA", "title": "Niezniszczalni [#03] M\u0119skie wtorki", "description": "@Langustanapalmie @RTCK_robtocokochasz \n\nTego jeszcze nie by\u0142o! Dw\u00f3ch \u017conatych i ksi\u0105dz. Po m\u0119sku. Przy kawie. W p\u00f3\u0142mroku. Zapraszamy na now\u0105 seri\u0119 o m\u0119\u017cczyznach - nie tylko dla m\u0119\u017cczyzn...\n\nPROWADZ\u0104CY: \n\u279c o. Adam Szustak OP - https://www.instagram.com/langustanapalmie/ \n\u279c Micha\u0142 Szczepanek - https://www.instagram.com/michalszczepanek.pl/ \n\u279c Piotr Piwowar - https://www.instagram.com/_piotrpiwowar \n\nPREZENT dla \"Langustowicz\u00f3w\" od RTCK: \nOdbierz ZA DARMO jedn\u0105 z trzech NAJLEPSZYCH audiokonferencji RTCK: ks. Piotra Pawlukiewicza, o. Adama Szustaka, lub ks. Jana Kaczkowskiego i ROZWI\u0143 swoje powo\u0142anie, aby mie\u0107 WI\u0118CEJ satysfakcji z PRACY, RODZINY i \u017bYCIA. \nTutaj LINK \u27a1\ufe0f https://www.rtck.pl/?ref=17/ \n\nwideo: Jakub Kosakowski i Krzysztof Og\u00f3rek \nd\u017awi\u0119k: Maksymilian Zi\u0119ba i Bart\u0142omiej (Wacek) Wawrzyniak \nczo\u0142\u00f3wka: Krzysztof Og\u00f3rek \nfotografie: Dorota Czoch \nmonta\u017c i koncepcja czo\u0142\u00f3wki: Micha\u0142 Szczepanek i Piotr Piwowar\n\nseri\u0119 nagrano i wyprodukowano w studio RTCK - R\u00f3b to co kochasz\nINSTAGRAM https://www.instagram.com/rtck.pl/\n\n________________________________________\nAby nas wesprze\u0107 kliknij tu \n\u2192 https://patronite.pl/langustanapalmie\n\u2192 http://bit.ly/Subskrybuj_Languste\n\n\u2661 Historie pot\u0142uczone\nAnchor \u2192 https://anchor.fm/langusta-na-palmie\nSpreaker \u2192 https://www.spreaker.com/show/historie-potluczone\nSpotify \u2192 https://spoti.fi/2NVIRHb\nApple \u2192 https://apple.co/2ZIPQZv\nGoogle Podcasts \u2192 https://bit.ly/2OlBWH\n\n\u2661  Pismo \u015awi\u0119te: \nAnchor \u2192 https://anchor.fm/langusta-na-palmie\nSpreaker \u2192 https://www.spreaker.com/show/przeczytaj-pismo-swiete-z-langusta\nSpotify \u2192  https://spoti.fi/34nZwLr\nApple \u2192  https://apple.co/33zdwCV\nGoogle Podcasts \u2192 https://bit.ly/3nmaZUc\n\nStrona z kalendarzem o. Adama: \n\u2192 http://www.langustanapalmie.pl\nMo\u017cna nas r\u00f3wnie\u017c znale\u017a\u0107 na Facebooku: \n\u2192 https://www.facebook.com/LangustaNaPalmie\nTwitterze: \n\u2192 https://twitter.com/LangustaPalmowa\nInstagramie: \n\u2192 https://www.instagram.com/langustanapalmie/\n\nZapraszamy.", "link": "https://www.youtube.com/watch?v=0FoE7FcFHTY", "date_published": "2021-07-04 00:00:00+00:00", "persistent": false, "user": null, "language": "pl-PL"}, {"source": "https://www.youtube.com/feeds/videos.xml?channel_id=UCme4ZOv65uzGADXuvtHkSvA", "title": "CNN [#241] Szatan odbiera ci wartos\u0301c\u0301 na trzy sposoby", "description": "Kazanko do okienka, czyli komentarz do niedzielnych czyta\u0144.\nXIV Niedziela zwyk\u0142a, Rok B\n\n1. czytanie (Ez 2, 2-5)\n\nWst\u0105pi\u0142 we mnie duch, gdy do mnie m\u00f3wi\u0142, i postawi\u0142 mnie na nogi; potem s\u0142ucha\u0142em Tego, kt\u00f3ry do mnie m\u00f3wi\u0142. Powiedzia\u0142 mi: \u00abSynu cz\u0142owieczy, posy\u0142am ci\u0119 do syn\u00f3w Izraela, do ludu buntownik\u00f3w, kt\u00f3rzy Mi si\u0119 sprzeciwili. Oni i przodkowie ich wyst\u0119powali przeciwko Mnie a\u017c do dnia dzisiejszego. To ludzie o bezczelnych twarzach i zatwardzia\u0142ych sercach; posy\u0142am ci\u0119 do nich, aby\u015b im powiedzia\u0142: Tak m\u00f3wi Pan B\u00f3g. A oni, czy b\u0119d\u0105 s\u0142ucha\u0107, czy te\u017c zaprzestan\u0105 \u2013 s\u0105 bowiem ludem opornym \u2013 przecie\u017c b\u0119d\u0105 wiedzieli, \u017ce prorok jest w\u015br\u00f3d nich\u00bb.\n\n2. czytanie (2 Kor 12, 7-10)\n\nBracia: Aby nie wynosi\u0142 mnie zbytnio ogrom objawie\u0144, dany mi zosta\u0142 o\u015bcie\u0144 dla cia\u0142a, wys\u0142annik Szatana, aby mnie policzkowa\u0142 \u2013 \u017cebym si\u0119 nie unosi\u0142 pych\u0105. Dlatego trzykrotnie prosi\u0142em Pana, aby odszed\u0142 ode mnie, lecz mi powiedzia\u0142: \u00abWystarczy ci mojej \u0142aski. Moc bowiem w s\u0142abo\u015bci si\u0119 doskonali\u00bb. Najch\u0119tniej wi\u0119c b\u0119d\u0119 si\u0119 chlubi\u0142 z moich s\u0142abo\u015bci, aby zamieszka\u0142a we mnie moc Chrystusa. Dlatego mam upodobanie w moich s\u0142abo\u015bciach, w obelgach, w niedostatkach, w prze\u015bladowaniach, w uciskach z powodu Chrystusa. Albowiem ilekro\u0107 niedomagam, tylekro\u0107 jestem mocny.\n\nEwangelia (Mk 6, 1-6)\n\nJezus przyszed\u0142 do swego rodzinnego miasta. A towarzyszyli Mu Jego uczniowie. Gdy za\u015b nadszed\u0142 szabat, zacz\u0105\u0142 naucza\u0107 w synagodze; a wielu, przys\u0142uchuj\u0105c si\u0119, pyta\u0142o ze zdziwieniem: \u00abSk\u0105d to u Niego? I co to za m\u0105dro\u015b\u0107, kt\u00f3ra Mu jest dana? I takie cuda dziej\u0105 si\u0119 przez Jego r\u0119ce! Czy nie jest to cie\u015bla, syn Maryi, a brat Jakuba, J\u00f3zefa, Judy i Szymona? Czy\u017c nie \u017cyj\u0105 tu u nas tak\u017ce Jego siostry?\u00bb I pow\u0105tpiewali o Nim. A Jezus m\u00f3wi\u0142 im: \u00abTylko w swojej ojczy\u017anie, w\u015br\u00f3d swoich krewnych i w swoim domu mo\u017ce by\u0107 prorok tak lekcewa\u017cony\u00bb.\nI nie m\u00f3g\u0142 tam zdzia\u0142a\u0107 \u017cadnego cudu, jedynie na kilku chorych po\u0142o\u017cy\u0142 r\u0119ce i uzdrowi\u0142 ich. Dziwi\u0142 si\u0119 te\u017c ich niedowiarstwu. Potem obchodzi\u0142 okoliczne wsie i naucza\u0142.\n________________________________________\nAby nas wesprze\u0107 kliknij tu \n\u2192 https://patronite.pl/langustanapalmie\n\u2192 http://bit.ly/Subskrybuj_Languste\n\n\u2661 Historie pot\u0142uczone\nAnchor \u2192 https://anchor.fm/langusta-na-palmie\nSpreaker \u2192 https://www.spreaker.com/show/historie-potluczone\nSpotify \u2192 https://spoti.fi/2NVIRHb\nApple \u2192 https://apple.co/2ZIPQZv\nGoogle Podcasts \u2192 https://bit.ly/2OlBWH\n\n\u2661  Pismo \u015awi\u0119te: \nAnchor \u2192 https://anchor.fm/langusta-na-palmie\nSpreaker \u2192 https://www.spreaker.com/show/przeczytaj-pismo-swiete-z-langusta\nSpotify \u2192  https://spoti.fi/34nZwLr\nApple \u2192  https://apple.co/33zdwCV\nGoogle Podcasts \u2192 https://bit.ly/3nmaZUc\n\nStrona z kalendarzem o. Adama: \n\u2192 http://www.langustanapalmie.pl\nMo\u017cna nas r\u00f3wnie\u017c znale\u017a\u0107 na Facebooku: \n\u2192 https://www.facebook.com/LangustaNaPalmie\nTwitterze: \n\u2192 https://twitter.com/LangustaPalmowa\nInstagramie: \n\u2192 https://www.instagram.com/langustanapalmie/\n\nZapraszamy.", "link": "https://www.youtube.com/watch?v=Fc2-Y3JPHOg", "date_published": "2021-07-03 00:00:00+00:00", "persistent": false, "user": null, "language": "pl-PL"}, {"source": "https://www.youtube.com/feeds/videos.xml?channel_id=UCme4ZOv65uzGADXuvtHkSvA", "title": "Ksi\u0105dz gra w gr\u0119: Ghost of Tsushima [35] Towarzyszy\u0107 w odej\u015bciu", "description": "@langustanapalmie #ksiadzgrawgre #GhostOfTsushima\n________________________________________\nAby nas wesprze\u0107 kliknij tu \n\u2192 https://patronite.pl/langustanapalmie\n\u2192 http://bit.ly/Subskrybuj_Languste\n\n\u2661 Historie pot\u0142uczone\nAnchor \u2192 https://anchor.fm/langusta-na-palmie\nSpreaker \u2192 https://www.spreaker.com/show/historie-potluczone\nSpotify \u2192 https://spoti.fi/2NVIRHb\nApple \u2192 https://apple.co/2ZIPQZv\nGoogle Podcasts \u2192 https://bit.ly/2OlBWH\n\n\u2661  Pismo \u015awi\u0119te: \nAnchor \u2192 https://anchor.fm/langusta-na-palmie\nSpreaker \u2192 https://www.spreaker.com/show/przeczytaj-pismo-swiete-z-langusta\nSpotify \u2192  https://spoti.fi/34nZwLr\nApple \u2192  https://apple.co/33zdwCV\nGoogle Podcasts \u2192 https://bit.ly/3nmaZUc\n\nStrona z kalendarzem o. Adama: \n\u2192 http://www.langustanapalmie.pl\nMo\u017cna nas r\u00f3wnie\u017c znale\u017a\u0107 na Facebooku: \n\u2192 https://www.facebook.com/LangustaNaPalmie\nTwitterze: \n\u2192 https://twitter.com/LangustaPalmowa\nInstagramie: \n\u2192 https://www.instagram.com/langustanapalmie/\n\nZapraszamy.", "link": "https://www.youtube.com/watch?v=qa-f8AAmBpU", "date_published": "2021-07-03 00:00:00+00:00", "persistent": false, "user": null, "language": "pl-PL"}, {"source": "https://www.youtube.com/feeds/videos.xml?channel_id=UCme4ZOv65uzGADXuvtHkSvA", "title": "Ksi\u0119ga Wyj\u015bcia || Rozdzia\u0142 17", "description": "Przeczytajmy razem ca\u0142e Pismo \u015awi\u0119te! Od 1 pa\u017adziernika 2020 czytamy Pismo \u015awi\u0119te, codziennie 1 rozdzia\u0142 \u017cyciodajnego S\u0141OWA BOGA.\nWykorzystano Najnowszy przek\u0142ad Pisma \u015awi\u0119tego z komentarzem opracowany przez Zesp\u00f3\u0142 Biblist\u00f3w Polskich z inicjatywy Towarzystwa \u015awi\u0119tego Paw\u0142a (Edycja \u015awi\u0119tego Paw\u0142a). Pierwszy przek\u0142ad w trzecim tysi\u0105cleciu.\n________________________________________\nAby nas wesprze\u0107 kliknij tu \n\u2192 https://patronite.pl/langustanapalmie\n\u2192 http://bit.ly/Subskrybuj_Languste\n\n\u2661 Historie pot\u0142uczone\nAnchor \u2192 https://anchor.fm/langusta-na-palmie\nSpreaker \u2192 https://www.spreaker.com/show/historie-potluczone\nSpotify \u2192 https://spoti.fi/2NVIRHb\nApple \u2192 https://apple.co/2ZIPQZv\nGoogle Podcasts \u2192 https://bit.ly/2OlBWH\n\n\u2661  Pismo \u015awi\u0119te: \nAnchor \u2192 https://anchor.fm/langusta-na-palmie\nSpreaker \u2192 https://www.spreaker.com/show/przeczytaj-pismo-swiete-z-langusta\nSpotify \u2192  https://spoti.fi/34nZwLr\nApple \u2192  https://apple.co/33zdwCV\nGoogle Podcasts \u2192 https://bit.ly/3nmaZUc\n\nStrona z kalendarzem o. Adama: \n\u2192 http://www.langustanapalmie.pl\nMo\u017cna nas r\u00f3wnie\u017c znale\u017a\u0107 na Facebooku: \n\u2192 https://www.facebook.com/LangustaNaPalmie\nTwitterze: \n\u2192 https://twitter.com/LangustaPalmowa\nInstagramie: \n\u2192 https://www.instagram.com/langustanapalmie/\n\nZapraszamy.", "link": "https://www.youtube.com/watch?v=EjxUxbAnRsQ", "date_published": "2021-07-03 00:00:00+00:00", "persistent": false, "user": null, "language": "pl-PL"}, {"source": "https://www.youtube.com/feeds/videos.xml?channel_id=UCme4ZOv65uzGADXuvtHkSvA", "title": "Wstawaki [#827] Kre\u0328gi", "description": "#Wstawaki #zr\u00f3bmydobrydzie\u0144 #AdamSzustakOP\n\n\"Wstawaki 2.0\" muz: Jan Smoczy\u0144ski || Agnieszka Musia\u0142\n________________________________________\nAby nas wesprze\u0107 kliknij tu \n\u2192 https://patronite.pl/langustanapalmie\n\u2192 http://bit.ly/Subskrybuj_Languste\n\n\u2661 Historie pot\u0142uczone\nAnchor \u2192 https://anchor.fm/langusta-na-palmie\nSpreaker \u2192 https://www.spreaker.com/show/historie-potluczone\nSpotify \u2192 https://spoti.fi/2NVIRHb\nApple \u2192 https://apple.co/2ZIPQZv\nGoogle Podcasts \u2192 https://bit.ly/2OlBWH\n\n\u2661  Pismo \u015awi\u0119te: \nAnchor \u2192 https://anchor.fm/langusta-na-palmie\nSpreaker \u2192 https://www.spreaker.com/show/przeczytaj-pismo-swiete-z-langusta\nSpotify \u2192  https://spoti.fi/34nZwLr\nApple \u2192  https://apple.co/33zdwCV\nGoogle Podcasts \u2192 https://bit.ly/3nmaZUc\n\nStrona z kalendarzem o. Adama: \n\u2192 http://www.langustanapalmie.pl\nMo\u017cna nas r\u00f3wnie\u017c znale\u017a\u0107 na Facebooku: \n\u2192 https://www.facebook.com/LangustaNaPalmie\nTwitterze: \n\u2192 https://twitter.com/LangustaPalmowa\nInstagramie: \n\u2192 https://www.instagram.com/langustanapalmie/\n\nZapraszamy.", "link": "https://www.youtube.com/watch?v=lyF0IDq7Xb8", "date_published": "2021-07-03 00:00:00+00:00", "persistent": false, "user": null, "language": "pl-PL"}]