[{"source": "https://www.youtube.com/feeds/videos.xml?channel_id=UCLr4hMhk_2KE0GUBSBrspGA", "title": "Tech Week: Jak w prosty spos\u00f3b uratowa\u0107 Ziemi\u0119? Jeff Bezos, Evolve, Porsche Taycan, Audi E-Tron GT", "description": "Po pierwsze:\nTrzeba zrobi\u0107 to, co Amazon, czyli wyrzuca\u0107 du\u017co elektroniki: https://youtu.be/mxqz2g05MTI\nPo drugie mo\u017cna za\u0142o\u017cy\u0107 fundacj\u0119 jak Jeff Bezos: https://bit.ly/3we8NS1\nPo trzecie zrezygnowa\u0107 z bycia szefem Amazona jak Jeff Bezos: https://cnn.it/2TAudeL\nMo\u017cna te\u017c rozwija\u0107 lataj\u0105ce samochody jak S\u0142owacy: https://bit.ly/3yp1msW\nAlbo recenzowa\u0107 nowe smartfony od Sony: https://bit.ly/3wgnjZI\nKupi\u0107 now\u0105 desk\u0119 Evolve'a do je\u017cd\u017cenia po lesie: https://bit.ly/3wgblPH\nWrzuca\u0107 d\u0142u\u017csze filmy na tiktoka, bo ju\u017c mo\u017cna: https://bit.ly/3wgnfZY\nCzeka\u0107 na nowe iPhone'y: https://bit.ly/3whLnev\nWspomina\u0107 starego walkmana: https://bit.ly/3ArjP9L\nP\u0142aci\u0107 c\u0142o i VAT za zakupy z Ali, bo ju\u017c trzeba: https://bit.ly/3xhZ1jf\nCieszy\u0107 si\u0119, \u017ce tablety maj\u0105 nowe funkcje: https://bit.ly/3hgdXc7\nInstalowa\u0107 Windowsa 11 na Lumii 950: https://bit.ly/36a3RmE\nKibicowa\u0107 Richardowi Bransonowi: https://bit.ly/3AqisID\nI 82-letniej kosmonautce: https://bit.ly/3hxq9Ei\nMartwi\u0107 si\u0119 co z now\u0105 Tesl\u0105: https://bloom.bg/3qPcQDs\nWsp\u00f3\u0142czu\u0107 w\u0142a\u015bcicielom Porsche Taycana: https://bit.ly/2SKoKSe\nI Audi E-Tron GT: https://bit.ly/3jIZVRF\nAle ostateczny efekt tych dzia\u0142a\u0144 nadal pozostaje niewiadom\u0105. \n\nTo zupe\u0142nie jak moja aktywno\u015b\u0107 na social mediach:\nhttps://www.instagram.com/kubaklawiter/\nhttps://twitter.com/KubaKlawiter\n\nSpis tre\u015bci:\n00:00 Wst\u0119p\n00:21 Dobry wiecz\u00f3r\n00:26 Amazon niszczy #jeszczedobre produkty\n01:58 Bezos przestaje by\u0107 szefem amazona i zostaje kosmonaut\u0105 \n02:27 S\u0142owacki lataj\u0105cy samoch\u00f3d\n03:58 Zapowied\u017a recenzji telefonu od Sony i s\u0142uchawek od Apple\n04:37 Temat desek za 10 tysi\u0119cy z\u0142otych (Evolve)\n05:44 3 minutowe filmy na TikToku\n06:14 Za nied\u0142ugo nowe iPhony\n06:52 Dalej s\u0142uchamy muzyki jak z Walkmana\n07:18 VAT i c\u0142o za zakupy z aliexpress\n07:52 Tablet od Lenovo z funkcj\u0105 monitora\n08:37 Windows na Lumii 950 \n09:10 Beta iOS 15\n09:26 Richard Branson leci w kosmos przed Bezosem\n10:11 Problemy z elektrycznymi autami\n10:47 Zno\u015bnego tygodnia!", "link": "https://www.youtube.com/watch?v=gz_ixtO4-Zs", "date_published": "2021-07-04 00:00:00+00:00", "persistent": false, "user": null, "language": "en-US"}]