[{"source": "https://www.youtube.com/feeds/videos.xml?channel_id=UCzQUP1qoWDoEbmsQxvdjxgQ", "title": "Joe and Theo Von Try Jujimufu's Smelling Salts", "description": "Taken from JRE #1731 w/Theo Von:\nhttps://open.spotify.com/episode/3xJSIzORikzIgxvbDSngbp?si=f5a6f63e6a834a20", "link": "https://www.youtube.com/watch?v=xq9h2FSNIYM", "date_published": "2021-11-08 00:00:00+00:00", "persistent": false, "user": null, "language": "en-US"}, {"source": "https://www.youtube.com/feeds/videos.xml?channel_id=UCzQUP1qoWDoEbmsQxvdjxgQ", "title": "Theo Von Tried Ketamine Therapy", "description": "Taken from JRE #1731 w/Theo Von:\nhttps://open.spotify.com/episode/3xJSIzORikzIgxvbDSngbp?si=f5a6f63e6a834a20", "link": "https://www.youtube.com/watch?v=QHQzoHolWvI", "date_published": "2021-11-08 00:00:00+00:00", "persistent": false, "user": null, "language": "en-US"}]